"id" "gridcell" "division" "subdivision" "lat" "lon" "size"
"1" 1 -1764 114 1146 NA NA 0
"2" 2 -1763 114 1146 NA NA 0
"3" 3 -1762 114 1146 NA NA 0
"4" 4 -1761 114 1146 NA NA 0
"5" 5 -1754 114 1146 NA NA 0
"6" 6 -1753 114 1146 NA NA 0
"7" 7 -1752 114 1146 NA NA 0
"8" 8 -1751 114 1146 NA NA 0
"9" 9 -1744 114 1146 NA NA 0
"10" 10 -1743 114 1146 NA NA 0
"11" 11 -1742 114 1146 NA NA 0
"12" 12 -1741 114 1146 NA NA 0
"13" 13 -1734 114 1146 NA NA 0
"14" 14 -1733 114 1146 NA NA 0
"15" 15 -1732 114 1146 NA NA 0
"16" 16 -1731 114 1146 NA NA 0
"17" 17 -1724 114 1146 NA NA 0
"18" 18 -1723 114 1146 NA NA 0
"19" 19 -1722 114 1146 NA NA 0
"20" 20 -1721 114 1146 NA NA 0
"21" 21 -1714 114 1146 NA NA 0
"22" 22 -1713 114 1146 NA NA 0
"23" 23 -1712 114 1146 NA NA 0
"24" 24 -1711 114 1146 NA NA 0
"25" 25 -1704 114 1146 NA NA 0
"26" 26 -1703 114 1146 NA NA 0
"27" 27 -1702 114 1146 NA NA 0
"28" 28 -1701 114 1146 NA NA 0
"29" 29 -1694 114 1146 NA NA 0
"30" 30 -1693 109 1094 NA NA 0
"31" 31 -1692 109 1091 NA NA 0
"32" 32 -1691 109 1094 NA NA 0
"33" 33 -1264 114 1146 NA NA 0
"34" 34 -1263 114 1146 NA NA 0
"35" 35 -1262 114 1146 NA NA 0
"36" 36 -1261 114 1146 NA NA 0
"37" 37 -1254 114 1146 NA NA 0
"38" 38 -1253 114 1146 NA NA 0
"39" 39 -1252 114 1146 NA NA 0
"40" 40 -1251 114 1146 NA NA 0
"41" 41 -1244 114 1146 NA NA 0
"42" 42 -1243 114 1146 NA NA 0
"43" 43 -1242 114 1146 NA NA 0
"44" 44 -1241 114 1146 NA NA 0
"45" 45 -1234 114 1146 NA NA 0
"46" 46 -1233 114 1146 NA NA 0
"47" 47 -1232 114 1146 NA NA 0
"48" 48 -1231 114 1146 NA NA 0
"49" 49 -1224 114 1146 NA NA 0
"50" 50 -1223 114 1146 NA NA 0
"51" 51 -1222 114 1146 NA NA 0
"52" 52 -1221 114 1146 NA NA 0
"53" 53 -1214 114 1146 NA NA 0
"54" 54 -1213 114 1146 NA NA 0
"55" 55 -1212 114 1146 NA NA 0
"56" 56 -1211 114 1146 NA NA 0
"57" 57 -1204 114 1146 NA NA 0
"58" 58 -1203 109 1091 NA NA 0
"59" 59 -1202 114 1146 NA NA 0
"60" 60 -1201 109 1091 NA NA 0
"61" 61 -1194 109 1091 NA NA 0
"62" 62 -1193 109 1094 NA NA 0
"63" 63 -1192 109 1091 NA NA 0
"64" 64 -1191 109 1094 NA NA 0
"65" 65 -764 114 1146 NA NA 0
"66" 66 -763 114 1146 NA NA 0
"67" 67 -762 114 1146 NA NA 0
"68" 68 -761 114 1146 NA NA 0
"69" 69 -754 114 1146 NA NA 0
"70" 70 -753 114 1146 NA NA 0
"71" 71 -752 114 1146 NA NA 0
"72" 72 -751 114 1146 NA NA 0
"73" 73 -744 114 1146 NA NA 0
"74" 74 -743 114 1146 NA NA 0
"75" 75 -742 114 1146 NA NA 0
"76" 76 -741 114 1146 NA NA 0
"77" 77 -734 114 1146 NA NA 0
"78" 78 -733 114 1146 NA NA 0
"79" 79 -732 114 1146 NA NA 0
"80" 80 -731 114 1146 NA NA 0
"81" 81 -724 114 1146 NA NA 0
"82" 82 -723 114 1146 NA NA 0
"83" 83 -722 114 1146 NA NA 0
"84" 84 -721 114 1146 NA NA 0
"85" 85 -714 114 1146 NA NA 0
"86" 86 -713 109 1091 NA NA 0
"87" 87 -712 114 1146 NA NA 0
"88" 88 -711 109 1091 NA NA 0
"89" 89 -704 109 1091 NA NA 0
"90" 90 -703 109 1091 NA NA 0
"91" 91 -702 109 1091 NA NA 0
"92" 92 -701 109 1091 NA NA 0
"93" 93 -694 109 1094 NA NA 0
"94" 94 -693 109 1094 NA NA 0
"95" 95 -692 109 1094 NA NA 0
"96" 96 -691 109 1094 NA NA 0
"97" 97 -264 114 1146 NA NA 0
"98" 98 -263 114 1146 NA NA 0
"99" 99 -262 114 1146 NA NA 0
"100" 100 -261 114 1146 NA NA 0
"101" 101 -254 114 1146 NA NA 0
"102" 102 -253 114 1146 NA NA 0
"103" 103 -252 114 1146 NA NA 0
"104" 104 -251 114 1146 NA NA 0
"105" 105 -244 114 1146 NA NA 0
"106" 106 -243 114 1146 NA NA 0
"107" 107 -242 114 1146 NA NA 0
"108" 108 -241 114 1146 NA NA 0
"109" 109 -234 114 1146 NA NA 0
"110" 110 -233 114 1146 NA NA 0
"111" 111 -232 114 1146 NA NA 0
"112" 112 -231 114 1146 NA NA 0
"113" 113 -224 114 1146 NA NA 0
"114" 114 -223 114 1146 NA NA 0
"115" 115 -222 114 1146 NA NA 0
"116" 116 -221 109 1091 NA NA 0
"117" 117 -214 109 1091 NA NA 0
"118" 118 -213 109 1091 NA NA 0
"119" 119 -212 109 1091 NA NA 0
"120" 120 -211 109 1091 NA NA 0
"121" 121 -204 109 1091 NA NA 0
"122" 122 -203 109 1094 NA NA 0
"123" 123 -202 109 1091 NA NA 0
"124" 124 -201 109 1094 NA NA 0
"125" 125 -194 109 1094 NA NA 0
"126" 126 -193 109 1094 NA NA 0
"127" 127 -192 109 1094 NA NA 0
"128" 128 -191 109 1094 NA NA 0
"129" 129 11 115 1151 60.375 -1.75 224.029032765376
"130" 130 12 115 1151 60.375 -1.25 224.029032765375
"131" 131 13 115 1151 60.125 -1.75 225.73442041213
"132" 132 14 115 1151 60.125 -1.25 225.73442041213
"133" 133 21 115 1151 60.375 -2.75 224.029032765375
"134" 134 22 115 1151 60.375 -2.25 224.029032765375
"135" 135 23 115 1151 60.125 -2.75 225.73442041213
"136" 136 24 115 1151 60.125 -2.25 225.73442041213
"137" 137 31 115 1151 60.375 -3.75 224.029032765375
"138" 138 32 115 1151 60.375 -3.25 224.029032765376
"139" 139 33 115 1151 60.125 -3.75 225.73442041213
"140" 140 34 115 1151 60.125 -3.25 225.73442041213
"141" 141 41 115 1151 60.375 -4.75 224.029032765375
"142" 142 42 115 1151 60.375 -4.25 224.029032765375
"143" 143 43 115 1151 60.125 -4.75 225.73442041213
"144" 144 44 115 1151 60.125 -4.25 225.73442041213
"145" 145 51 115 1151 60.375 -5.75 224.029032765375
"146" 146 52 115 1151 60.375 -5.25 224.029032765375
"147" 147 53 115 1151 60.125 -5.75 225.73442041213
"148" 148 54 115 1151 60.125 -5.25 225.73442041213
"149" 149 61 115 1151 60.375 -6.75 224.029032765375
"150" 150 62 115 1151 60.375 -6.25 224.029032765376
"151" 151 63 115 1151 60.125 -6.75 225.73442041213
"152" 152 64 115 1151 60.125 -6.25 225.73442041213
"153" 153 71 115 1151 60.375 -7.75 224.029032765376
"154" 154 72 115 1151 60.375 -7.25 224.029032765375
"155" 155 73 115 1151 60.125 -7.75 225.73442041213
"156" 156 74 115 1151 60.125 -7.25 225.734420412129
"157" 157 81 114 1142 60.375 -8.75 224.029032765375
"158" 158 82 114 1142 60.375 -8.25 224.029032765376
"159" 159 83 114 1142 60.125 -8.75 225.734420412129
"160" 160 84 114 1142 60.125 -8.25 225.73442041213
"161" 161 91 114 1142 60.375 -9.75 224.029032765376
"162" 162 92 114 1142 60.375 -9.25 224.029032765375
"163" 163 93 114 1142 60.125 -9.75 225.73442041213
"164" 164 94 114 1142 60.125 -9.25 225.734420412129
"165" 165 101 114 1142 60.375 -10.75 224.029032765375
"166" 166 102 114 1142 60.375 -10.25 224.029032765376
"167" 167 103 114 1142 60.125 -10.75 225.734420412129
"168" 168 104 114 1142 60.125 -10.25 225.73442041213
"169" 169 111 114 1142 60.375 -11.75 224.029032765376
"170" 170 112 114 1142 60.375 -11.25 224.029032765375
"171" 171 113 114 1142 60.125 -11.75 225.73442041213
"172" 172 114 114 1142 60.125 -11.25 225.734420412129
"173" 173 121 114 1142 60.375 -12.75 224.029032765376
"174" 174 122 114 1142 60.375 -12.25 224.029032765376
"175" 175 123 114 1142 60.125 -12.75 225.73442041213
"176" 176 124 114 1142 60.125 -12.25 225.73442041213
"177" 177 131 114 1146 60.375 -13.75 224.029032765376
"178" 178 132 114 1142 60.375 -13.25 224.029032765375
"179" 179 133 114 1142 60.125 -13.75 225.73442041213
"180" 180 134 114 1142 60.125 -13.25 225.734420412129
"181" 181 141 114 1146 60.375 -14.75 224.029032765374
"182" 182 142 114 1146 60.375 -14.25 224.029032765376
"183" 183 143 114 1146 60.125 -14.75 225.734420412128
"184" 184 144 114 1146 60.125 -14.25 225.73442041213
"185" 185 151 114 1146 60.375 -15.75 224.029032765376
"186" 186 152 114 1146 60.375 -15.25 224.029032765376
"187" 187 153 114 1146 60.125 -15.75 225.73442041213
"188" 188 154 114 1146 60.125 -15.25 225.73442041213
"189" 189 161 114 1146 60.375 -16.75 224.029032765376
"190" 190 162 114 1146 60.375 -16.25 224.029032765376
"191" 191 163 114 1146 60.125 -16.75 225.73442041213
"192" 192 164 114 1146 60.125 -16.25 225.73442041213
"193" 193 171 114 1146 60.375 -17.75 224.029032765376
"194" 194 172 114 1146 60.375 -17.25 224.029032765374
"195" 195 173 114 1146 60.125 -17.75 225.73442041213
"196" 196 174 114 1146 60.125 -17.25 225.734420412128
"197" 197 181 114 1146 60.375 -18.75 224.029032765374
"198" 198 182 114 1146 60.375 -18.25 224.029032765376
"199" 199 183 114 1146 60.125 -18.75 225.734420412128
"200" 200 184 114 1146 60.125 -18.25 225.73442041213
"201" 201 191 114 1146 60.375 -19.75 224.029032765376
"202" 202 192 114 1146 60.375 -19.25 224.029032765376
"203" 203 193 114 1146 60.125 -19.75 225.73442041213
"204" 204 194 114 1146 60.125 -19.25 225.73442041213
"205" 205 201 114 1146 60.375 -20.75 224.029032765377
"206" 206 202 114 1146 60.375 -20.25 224.029032765374
"207" 207 203 114 1146 60.125 -20.75 225.734420412131
"208" 208 204 114 1146 60.125 -20.25 225.734420412128
"209" 209 211 114 1146 60.375 -21.75 224.029032765376
"210" 210 212 114 1146 60.375 -21.25 224.029032765374
"211" 211 213 114 1146 60.125 -21.75 225.73442041213
"212" 212 214 114 1146 60.125 -21.25 225.734420412128
"213" 213 221 114 1146 60.375 -22.75 224.029032765374
"214" 214 222 114 1146 60.375 -22.25 224.029032765376
"215" 215 223 114 1146 60.125 -22.75 225.734420412128
"216" 216 224 114 1146 60.125 -22.25 225.73442041213
"217" 217 231 114 1146 60.375 -23.75 224.029032765374
"218" 218 232 114 1146 60.375 -23.25 224.029032765377
"219" 219 233 114 1146 60.125 -23.75 225.734420412128
"220" 220 234 114 1146 60.125 -23.25 225.734420412131
"221" 221 241 114 1146 60.375 -24.75 224.029032765376
"222" 222 242 114 1146 60.375 -24.25 224.029032765376
"223" 223 243 114 1146 60.125 -24.75 225.73442041213
"224" 224 244 114 1146 60.125 -24.25 225.73442041213
"225" 225 251 114 1146 60.375 -25.75 224.029032765377
"226" 226 252 114 1146 60.375 -25.25 224.029032765374
"227" 227 253 114 1146 60.125 -25.75 225.734420412131
"228" 228 254 114 1146 60.125 -25.25 225.734420412128
"229" 229 261 114 1146 60.375 -26.75 224.029032765376
"230" 230 262 114 1146 60.375 -26.25 224.029032765374
"231" 231 263 114 1146 60.125 -26.75 225.73442041213
"232" 232 264 114 1146 60.125 -26.25 225.734420412128
"233" 233 271 109 1091 60.375 -27.75 224.029032765376
"234" 234 272 114 1146 60.375 -27.25 224.029032765376
"235" 235 273 114 1146 60.125 -27.75 225.73442041213
"236" 236 274 114 1146 60.125 -27.25 225.73442041213
"237" 237 281 109 1092 60.375 -28.75 224.029032765377
"238" 238 282 109 1091 60.375 -28.25 224.029032765374
"239" 239 283 109 1091 60.125 -28.75 225.734420412131
"240" 240 284 109 1091 60.125 -28.25 225.734420412128
"241" 241 291 109 1094 60.375 -29.75 224.029032765376
"242" 242 292 109 1092 60.375 -29.25 224.029032765373
"243" 243 293 109 1091 60.125 -29.75 225.73442041213
"244" 244 294 109 1092 60.125 -29.25 225.734420412127
"245" 245 301 109 1094 60.375 -30.75 224.029032765376
"246" 246 302 109 1094 60.375 -30.25 224.029032765376
"247" 247 303 109 1094 60.125 -30.75 225.73442041213
"248" 248 304 109 1094 60.125 -30.25 225.73442041213
"249" 249 311 109 1094 60.375 -31.75 224.029032765376
"250" 250 312 109 1094 60.375 -31.25 224.029032765376
"251" 251 313 109 1094 60.125 -31.75 225.73442041213
"252" 252 314 109 1094 60.125 -31.25 225.73442041213
"253" 253 421 110 1101 60.375 -42.75 224.029032765373
"254" 254 422 110 1101 60.375 -42.25 224.029032765376
"255" 255 423 110 1101 60.125 -42.75 225.734420412127
"256" 256 424 110 1101 60.125 -42.25 225.73442041213
"257" 257 501 115 1151 60.875 -0.75 220.604798271239
"258" 258 502 115 1151 60.875 -0.25 220.604798271239
"259" 259 503 115 1151 60.625 -0.75 222.319147851593
"260" 260 504 115 1151 60.625 -0.25 222.319147851593
"261" 261 511 115 1151 60.875 -1.75 220.604798271239
"262" 262 512 115 1151 60.875 -1.25 220.604798271239
"263" 263 513 115 1151 60.625 -1.75 222.319147851593
"264" 264 514 115 1151 60.625 -1.25 222.319147851593
"265" 265 521 115 1151 60.875 -2.75 220.604798271239
"266" 266 522 115 1151 60.875 -2.25 220.604798271239
"267" 267 523 115 1151 60.625 -2.75 222.319147851593
"268" 268 524 115 1151 60.625 -2.25 222.319147851593
"269" 269 531 115 1151 60.875 -3.75 220.604798271239
"270" 270 532 115 1151 60.875 -3.25 220.604798271239
"271" 271 533 115 1151 60.625 -3.75 222.319147851593
"272" 272 534 115 1151 60.625 -3.25 222.319147851593
"273" 273 541 115 1151 60.875 -4.75 220.604798271239
"274" 274 542 115 1151 60.875 -4.25 220.604798271239
"275" 275 543 115 1151 60.625 -4.75 222.319147851593
"276" 276 544 115 1151 60.625 -4.25 222.319147851593
"277" 277 551 115 1151 60.875 -5.75 220.604798271239
"278" 278 552 115 1151 60.875 -5.25 220.604798271239
"279" 279 553 115 1151 60.625 -5.75 222.319147851593
"280" 280 554 115 1151 60.625 -5.25 222.319147851593
"281" 281 561 115 1151 60.875 -6.75 220.604798271239
"282" 282 562 115 1151 60.875 -6.25 220.60479827124
"283" 283 563 115 1151 60.625 -6.75 222.319147851593
"284" 284 564 115 1151 60.625 -6.25 222.319147851593
"285" 285 571 114 1142 60.875 -7.75 220.60479827124
"286" 286 572 114 1142 60.875 -7.25 220.604798271239
"287" 287 573 114 1142 60.625 -7.75 222.319147851593
"288" 288 574 114 1142 60.625 -7.25 222.319147851593
"289" 289 581 114 1142 60.875 -8.75 220.604798271239
"290" 290 582 114 1142 60.875 -8.25 220.60479827124
"291" 291 583 114 1142 60.625 -8.75 222.319147851593
"292" 292 584 114 1142 60.625 -8.25 222.319147851593
"293" 293 591 114 1142 60.875 -9.75 220.60479827124
"294" 294 592 114 1142 60.875 -9.25 220.604798271239
"295" 295 593 114 1142 60.625 -9.75 222.319147851593
"296" 296 594 114 1142 60.625 -9.25 222.319147851593
"297" 297 601 114 1142 60.875 -10.75 220.604798271239
"298" 298 602 114 1142 60.875 -10.25 220.60479827124
"299" 299 603 114 1142 60.625 -10.75 222.319147851593
"300" 300 604 114 1142 60.625 -10.25 222.319147851593
"301" 301 611 114 1143 60.875 -11.75 220.60479827124
"302" 302 612 114 1142 60.875 -11.25 220.604798271239
"303" 303 613 114 1142 60.625 -11.75 222.319147851593
"304" 304 614 114 1142 60.625 -11.25 222.319147851593
"305" 305 621 114 1146 60.875 -12.75 220.60479827124
"306" 306 622 114 1143 60.875 -12.25 220.60479827124
"307" 307 623 114 1142 60.625 -12.75 222.319147851593
"308" 308 624 114 1142 60.625 -12.25 222.319147851593
"309" 309 631 114 1146 60.875 -13.75 220.60479827124
"310" 310 632 114 1146 60.875 -13.25 220.604798271239
"311" 311 633 114 1146 60.625 -13.75 222.319147851593
"312" 312 634 114 1146 60.625 -13.25 222.319147851593
"313" 313 641 114 1146 60.875 -14.75 220.604798271238
"314" 314 642 114 1146 60.875 -14.25 220.60479827124
"315" 315 643 114 1146 60.625 -14.75 222.319147851592
"316" 316 644 114 1146 60.625 -14.25 222.319147851593
"317" 317 651 114 1146 60.875 -15.75 220.60479827124
"318" 318 652 114 1146 60.875 -15.25 220.60479827124
"319" 319 653 114 1146 60.625 -15.75 222.319147851593
"320" 320 654 114 1146 60.625 -15.25 222.319147851593
"321" 321 661 114 1146 60.875 -16.75 220.60479827124
"322" 322 662 114 1146 60.875 -16.25 220.60479827124
"323" 323 663 114 1146 60.625 -16.75 222.319147851593
"324" 324 664 114 1146 60.625 -16.25 222.319147851593
"325" 325 671 114 1146 60.875 -17.75 220.60479827124
"326" 326 672 114 1146 60.875 -17.25 220.604798271238
"327" 327 673 114 1146 60.625 -17.75 222.319147851593
"328" 328 674 114 1146 60.625 -17.25 222.319147851592
"329" 329 681 114 1146 60.875 -18.75 220.604798271238
"330" 330 682 114 1146 60.875 -18.25 220.60479827124
"331" 331 683 114 1146 60.625 -18.75 222.319147851592
"332" 332 684 114 1146 60.625 -18.25 222.319147851593
"333" 333 691 114 1146 60.875 -19.75 220.60479827124
"334" 334 692 114 1146 60.875 -19.25 220.60479827124
"335" 335 693 114 1146 60.625 -19.75 222.319147851593
"336" 336 694 114 1146 60.625 -19.25 222.319147851593
"337" 337 701 114 1146 60.875 -20.75 220.604798271241
"338" 338 702 114 1146 60.875 -20.25 220.604798271238
"339" 339 703 114 1146 60.625 -20.75 222.319147851595
"340" 340 704 114 1146 60.625 -20.25 222.319147851592
"341" 341 711 114 1146 60.875 -21.75 220.60479827124
"342" 342 712 114 1146 60.875 -21.25 220.604798271238
"343" 343 713 114 1146 60.625 -21.75 222.319147851593
"344" 344 714 114 1146 60.625 -21.25 222.319147851592
"345" 345 721 114 1146 60.875 -22.75 220.604798271238
"346" 346 722 114 1146 60.875 -22.25 220.60479827124
"347" 347 723 114 1146 60.625 -22.75 222.319147851592
"348" 348 724 114 1146 60.625 -22.25 222.319147851593
"349" 349 731 114 1146 60.875 -23.75 220.604798271238
"350" 350 732 114 1146 60.875 -23.25 220.604798271241
"351" 351 733 114 1146 60.625 -23.75 222.319147851592
"352" 352 734 114 1146 60.625 -23.25 222.319147851595
"353" 353 741 114 1146 60.875 -24.75 220.60479827124
"354" 354 742 114 1146 60.875 -24.25 220.60479827124
"355" 355 743 114 1146 60.625 -24.75 222.319147851593
"356" 356 744 114 1146 60.625 -24.25 222.319147851593
"357" 357 751 114 1146 60.875 -25.75 220.604798271241
"358" 358 752 114 1146 60.875 -25.25 220.604798271238
"359" 359 753 114 1146 60.625 -25.75 222.319147851595
"360" 360 754 114 1146 60.625 -25.25 222.319147851592
"361" 361 761 109 1091 60.875 -26.75 220.60479827124
"362" 362 762 114 1146 60.875 -26.25 220.604798271238
"363" 363 763 114 1146 60.625 -26.75 222.319147851593
"364" 364 764 114 1146 60.625 -26.25 222.319147851592
"365" 365 771 109 1091 60.875 -27.75 220.60479827124
"366" 366 772 109 1091 60.875 -27.25 220.60479827124
"367" 367 773 109 1091 60.625 -27.75 222.319147851593
"368" 368 774 109 1091 60.625 -27.25 222.319147851593
"369" 369 781 109 1094 60.875 -28.75 220.604798271241
"370" 370 782 109 1092 60.875 -28.25 220.604798271238
"371" 371 783 109 1092 60.625 -28.75 222.319147851595
"372" 372 784 109 1092 60.625 -28.25 222.319147851592
"373" 373 791 109 1094 60.875 -29.75 220.60479827124
"374" 374 792 109 1094 60.875 -29.25 220.604798271237
"375" 375 793 109 1094 60.625 -29.75 222.319147851593
"376" 376 794 109 1094 60.625 -29.25 222.31914785159
"377" 377 801 109 1094 60.875 -30.75 220.60479827124
"378" 378 802 109 1094 60.875 -30.25 220.60479827124
"379" 379 803 109 1094 60.625 -30.75 222.319147851593
"380" 380 804 109 1094 60.625 -30.25 222.319147851593
"381" 381 811 109 1094 60.875 -31.75 220.60479827124
"382" 382 812 109 1094 60.875 -31.25 220.60479827124
"383" 383 813 109 1094 60.625 -31.75 222.319147851593
"384" 384 814 109 1094 60.625 -31.25 222.319147851593
"385" 385 921 110 1101 60.875 -42.75 220.604798271237
"386" 386 922 110 1101 60.875 -42.25 220.60479827124
"387" 387 923 110 1101 60.625 -42.75 222.31914785159
"388" 388 924 110 1101 60.625 -42.25 222.319147851593
"389" 389 1001 115 1151 61.375 -0.75 217.162836137312
"390" 390 1002 115 1151 61.375 -0.25 217.162836137312
"391" 391 1003 115 1151 61.125 -0.75 218.886016749819
"392" 392 1004 115 1151 61.125 -0.25 218.886016749819
"393" 393 1011 115 1151 61.375 -1.75 217.162836137312
"394" 394 1012 115 1151 61.375 -1.25 217.162836137312
"395" 395 1013 115 1151 61.125 -1.75 218.886016749819
"396" 396 1014 115 1151 61.125 -1.25 218.886016749819
"397" 397 1021 115 1151 61.375 -2.75 217.162836137312
"398" 398 1022 115 1151 61.375 -2.25 217.162836137312
"399" 399 1023 115 1151 61.125 -2.75 218.886016749819
"400" 400 1024 115 1151 61.125 -2.25 218.886016749819
"401" 401 1031 115 1151 61.375 -3.75 217.162836137312
"402" 402 1032 115 1151 61.375 -3.25 217.162836137312
"403" 403 1033 115 1151 61.125 -3.75 218.886016749819
"404" 404 1034 115 1151 61.125 -3.25 218.88601674982
"405" 405 1041 115 1151 61.375 -4.75 217.162836137312
"406" 406 1042 115 1151 61.375 -4.25 217.162836137312
"407" 407 1043 115 1151 61.125 -4.75 218.886016749819
"408" 408 1044 115 1151 61.125 -4.25 218.886016749819
"409" 409 1051 115 1151 61.375 -5.75 217.162836137312
"410" 410 1052 115 1151 61.375 -5.25 217.162836137312
"411" 411 1053 115 1151 61.125 -5.75 218.886016749819
"412" 412 1054 115 1151 61.125 -5.25 218.886016749819
"413" 413 1061 115 1151 61.375 -6.75 217.162836137312
"414" 414 1062 115 1151 61.375 -6.25 217.162836137312
"415" 415 1063 115 1151 61.125 -6.75 218.886016749819
"416" 416 1064 115 1151 61.125 -6.25 218.88601674982
"417" 417 1071 115 1151 61.375 -7.75 217.162836137312
"418" 418 1072 115 1151 61.375 -7.25 217.162836137311
"419" 419 1073 115 1151 61.125 -7.75 218.88601674982
"420" 420 1074 115 1151 61.125 -7.25 218.886016749819
"421" 421 1081 114 1142 61.375 -8.75 217.162836137311
"422" 422 1082 114 1142 61.375 -8.25 217.162836137312
"423" 423 1083 114 1142 61.125 -8.75 218.886016749819
"424" 424 1084 114 1142 61.125 -8.25 218.88601674982
"425" 425 1091 114 1143 61.375 -9.75 217.162836137312
"426" 426 1092 114 1142 61.375 -9.25 217.162836137311
"427" 427 1093 114 1143 61.125 -9.75 218.88601674982
"428" 428 1094 114 1142 61.125 -9.25 218.886016749819
"429" 429 1101 114 1143 61.375 -10.75 217.162836137311
"430" 430 1102 114 1143 61.375 -10.25 217.162836137312
"431" 431 1103 114 1143 61.125 -10.75 218.886016749819
"432" 432 1104 114 1143 61.125 -10.25 218.88601674982
"433" 433 1111 114 1143 61.375 -11.75 217.162836137312
"434" 434 1112 114 1143 61.375 -11.25 217.162836137311
"435" 435 1113 114 1143 61.125 -11.75 218.88601674982
"436" 436 1114 114 1143 61.125 -11.25 218.886016749819
"437" 437 1121 114 1146 61.375 -12.75 217.162836137312
"438" 438 1122 114 1143 61.375 -12.25 217.162836137312
"439" 439 1123 114 1146 61.125 -12.75 218.88601674982
"440" 440 1124 114 1143 61.125 -12.25 218.88601674982
"441" 441 1131 114 1146 61.375 -13.75 217.162836137312
"442" 442 1132 114 1146 61.375 -13.25 217.162836137311
"443" 443 1133 114 1146 61.125 -13.75 218.88601674982
"444" 444 1134 114 1146 61.125 -13.25 218.886016749819
"445" 445 1141 114 1146 61.375 -14.75 217.16283613731
"446" 446 1142 114 1146 61.375 -14.25 217.162836137312
"447" 447 1143 114 1146 61.125 -14.75 218.886016749818
"448" 448 1144 114 1146 61.125 -14.25 218.88601674982
"449" 449 1151 114 1146 61.375 -15.75 217.162836137312
"450" 450 1152 114 1146 61.375 -15.25 217.162836137312
"451" 451 1153 114 1146 61.125 -15.75 218.88601674982
"452" 452 1154 114 1146 61.125 -15.25 218.88601674982
"453" 453 1161 114 1146 61.375 -16.75 217.162836137312
"454" 454 1162 114 1146 61.375 -16.25 217.162836137312
"455" 455 1163 114 1146 61.125 -16.75 218.88601674982
"456" 456 1164 114 1146 61.125 -16.25 218.88601674982
"457" 457 1171 114 1146 61.375 -17.75 217.162836137312
"458" 458 1172 114 1146 61.375 -17.25 217.16283613731
"459" 459 1173 114 1146 61.125 -17.75 218.88601674982
"460" 460 1174 114 1146 61.125 -17.25 218.886016749818
"461" 461 1181 114 1146 61.375 -18.75 217.16283613731
"462" 462 1182 114 1146 61.375 -18.25 217.162836137312
"463" 463 1183 114 1146 61.125 -18.75 218.886016749818
"464" 464 1184 114 1146 61.125 -18.25 218.88601674982
"465" 465 1191 114 1146 61.375 -19.75 217.162836137312
"466" 466 1192 114 1146 61.375 -19.25 217.162836137312
"467" 467 1193 114 1146 61.125 -19.75 218.88601674982
"468" 468 1194 114 1146 61.125 -19.25 218.88601674982
"469" 469 1201 114 1146 61.375 -20.75 217.162836137313
"470" 470 1202 114 1146 61.375 -20.25 217.16283613731
"471" 471 1203 114 1146 61.125 -20.75 218.886016749821
"472" 472 1204 114 1146 61.125 -20.25 218.886016749818
"473" 473 1211 114 1146 61.375 -21.75 217.162836137312
"474" 474 1212 114 1146 61.375 -21.25 217.16283613731
"475" 475 1213 114 1146 61.125 -21.75 218.88601674982
"476" 476 1214 114 1146 61.125 -21.25 218.886016749818
"477" 477 1221 114 1146 61.375 -22.75 217.16283613731
"478" 478 1222 114 1146 61.375 -22.25 217.162836137312
"479" 479 1223 114 1146 61.125 -22.75 218.886016749818
"480" 480 1224 114 1146 61.125 -22.25 218.88601674982
"481" 481 1231 114 1146 61.375 -23.75 217.16283613731
"482" 482 1232 114 1146 61.375 -23.25 217.162836137313
"483" 483 1233 114 1146 61.125 -23.75 218.886016749818
"484" 484 1234 114 1146 61.125 -23.25 218.886016749821
"485" 485 1241 114 1146 61.375 -24.75 217.162836137312
"486" 486 1242 114 1146 61.375 -24.25 217.162836137312
"487" 487 1243 114 1146 61.125 -24.75 218.88601674982
"488" 488 1244 114 1146 61.125 -24.25 218.88601674982
"489" 489 1251 109 1091 61.375 -25.75 217.162836137313
"490" 490 1252 114 1146 61.375 -25.25 217.16283613731
"491" 491 1253 114 1146 61.125 -25.75 218.886016749821
"492" 492 1254 114 1146 61.125 -25.25 218.886016749818
"493" 493 1261 109 1091 61.375 -26.75 217.162836137312
"494" 494 1262 109 1091 61.375 -26.25 217.16283613731
"495" 495 1263 109 1091 61.125 -26.75 218.88601674982
"496" 496 1264 109 1091 61.125 -26.25 218.886016749818
"497" 497 1271 109 1092 61.375 -27.75 217.162836137312
"498" 498 1272 109 1092 61.375 -27.25 217.162836137312
"499" 499 1273 109 1092 61.125 -27.75 218.88601674982
"500" 500 1274 109 1091 61.125 -27.25 218.88601674982
"501" 501 1281 109 1094 61.375 -28.75 217.162836137313
"502" 502 1282 109 1094 61.375 -28.25 217.16283613731
"503" 503 1283 109 1094 61.125 -28.75 218.886016749821
"504" 504 1284 109 1092 61.125 -28.25 218.886016749818
"505" 505 1291 109 1094 61.375 -29.75 217.162836137312
"506" 506 1292 109 1094 61.375 -29.25 217.162836137309
"507" 507 1293 109 1094 61.125 -29.75 218.88601674982
"508" 508 1294 109 1094 61.125 -29.25 218.886016749817
"509" 509 1301 109 1094 61.375 -30.75 217.162836137312
"510" 510 1302 109 1094 61.375 -30.25 217.162836137312
"511" 511 1303 109 1094 61.125 -30.75 218.88601674982
"512" 512 1304 109 1094 61.125 -30.25 218.88601674982
"513" 513 1311 109 1094 61.375 -31.75 217.162836137312
"514" 514 1312 109 1094 61.375 -31.25 217.162836137312
"515" 515 1313 109 1094 61.125 -31.75 218.88601674982
"516" 516 1314 109 1094 61.125 -31.25 218.88601674982
"517" 517 1411 110 1101 61.375 -41.75 217.162836137312
"518" 518 1412 110 1101 61.375 -41.25 217.162836137315
"519" 519 1413 110 1101 61.125 -41.75 218.88601674982
"520" 520 1414 110 1101 61.125 -41.25 218.886016749822
"521" 521 1421 110 1101 61.375 -42.75 217.162836137309
"522" 522 1422 110 1101 61.375 -42.25 217.162836137312
"523" 523 1423 110 1101 61.125 -42.75 218.886016749817
"524" 524 1424 110 1101 61.125 -42.25 218.88601674982
"525" 525 1501 115 1151 61.875 -0.75 213.703409656883
"526" 526 1502 115 1151 61.875 -0.25 213.703409656883
"527" 527 1503 115 1151 61.625 -0.75 215.435289407377
"528" 528 1504 115 1151 61.625 -0.25 215.435289407377
"529" 529 1511 115 1151 61.875 -1.75 213.703409656883
"530" 530 1512 115 1151 61.875 -1.25 213.703409656883
"531" 531 1513 115 1151 61.625 -1.75 215.435289407377
"532" 532 1514 115 1151 61.625 -1.25 215.435289407376
"533" 533 1521 115 1151 61.875 -2.75 213.703409656883
"534" 534 1522 115 1151 61.875 -2.25 213.703409656883
"535" 535 1523 115 1151 61.625 -2.75 215.435289407376
"536" 536 1524 115 1151 61.625 -2.25 215.435289407376
"537" 537 1531 115 1151 61.875 -3.75 213.703409656883
"538" 538 1532 115 1151 61.875 -3.25 213.703409656883
"539" 539 1533 115 1151 61.625 -3.75 215.435289407376
"540" 540 1534 115 1151 61.625 -3.25 215.435289407377
"541" 541 1541 115 1151 61.875 -4.75 213.703409656883
"542" 542 1542 115 1151 61.875 -4.25 213.703409656883
"543" 543 1543 115 1151 61.625 -4.75 215.435289407376
"544" 544 1544 115 1151 61.625 -4.25 215.435289407376
"545" 545 1551 115 1151 61.875 -5.75 213.703409656883
"546" 546 1552 115 1151 61.875 -5.25 213.703409656883
"547" 547 1553 115 1151 61.625 -5.75 215.435289407376
"548" 548 1554 115 1151 61.625 -5.25 215.435289407376
"549" 549 1561 115 1151 61.875 -6.75 213.703409656883
"550" 550 1562 115 1151 61.875 -6.25 213.703409656883
"551" 551 1563 115 1151 61.625 -6.75 215.435289407376
"552" 552 1564 115 1151 61.625 -6.25 215.435289407377
"553" 553 1571 115 1151 61.875 -7.75 213.703409656883
"554" 554 1572 115 1151 61.875 -7.25 213.703409656883
"555" 555 1573 115 1151 61.625 -7.75 215.435289407377
"556" 556 1574 115 1151 61.625 -7.25 215.435289407376
"557" 557 1581 114 1141 61.875 -8.75 213.703409656883
"558" 558 1582 114 1141 61.875 -8.25 213.703409656883
"559" 559 1583 114 1142 61.625 -8.75 215.435289407376
"560" 560 1584 114 1141 61.625 -8.25 215.435289407377
"561" 561 1591 114 1142 61.875 -9.75 213.703409656883
"562" 562 1592 114 1142 61.875 -9.25 213.703409656883
"563" 563 1593 114 1143 61.625 -9.75 215.435289407377
"564" 564 1594 114 1142 61.625 -9.25 215.435289407376
"565" 565 1601 114 1143 61.875 -10.75 213.703409656883
"566" 566 1602 114 1142 61.875 -10.25 213.703409656883
"567" 567 1603 114 1143 61.625 -10.75 215.435289407376
"568" 568 1604 114 1143 61.625 -10.25 215.435289407377
"569" 569 1611 114 1143 61.875 -11.75 213.703409656883
"570" 570 1612 114 1143 61.875 -11.25 213.703409656883
"571" 571 1613 114 1143 61.625 -11.75 215.435289407377
"572" 572 1614 114 1143 61.625 -11.25 215.435289407376
"573" 573 1621 114 1143 61.875 -12.75 213.703409656883
"574" 574 1622 114 1143 61.875 -12.25 213.703409656883
"575" 575 1623 114 1143 61.625 -12.75 215.435289407377
"576" 576 1624 114 1143 61.625 -12.25 215.435289407377
"577" 577 1631 114 1146 61.875 -13.75 213.703409656883
"578" 578 1632 114 1143 61.875 -13.25 213.703409656883
"579" 579 1633 114 1146 61.625 -13.75 215.435289407377
"580" 580 1634 114 1143 61.625 -13.25 215.435289407376
"581" 581 1641 114 1146 61.875 -14.75 213.703409656882
"582" 582 1642 114 1146 61.875 -14.25 213.703409656883
"583" 583 1643 114 1146 61.625 -14.75 215.435289407375
"584" 584 1644 114 1146 61.625 -14.25 215.435289407377
"585" 585 1651 114 1146 61.875 -15.75 213.703409656883
"586" 586 1652 114 1146 61.875 -15.25 213.703409656883
"587" 587 1653 114 1146 61.625 -15.75 215.435289407377
"588" 588 1654 114 1146 61.625 -15.25 215.435289407377
"589" 589 1661 114 1146 61.875 -16.75 213.703409656883
"590" 590 1662 114 1146 61.875 -16.25 213.703409656883
"591" 591 1663 114 1146 61.625 -16.75 215.435289407377
"592" 592 1664 114 1146 61.625 -16.25 215.435289407377
"593" 593 1671 114 1146 61.875 -17.75 213.703409656883
"594" 594 1672 114 1146 61.875 -17.25 213.703409656882
"595" 595 1673 114 1146 61.625 -17.75 215.435289407377
"596" 596 1674 114 1146 61.625 -17.25 215.435289407375
"597" 597 1681 114 1146 61.875 -18.75 213.703409656882
"598" 598 1682 114 1146 61.875 -18.25 213.703409656883
"599" 599 1683 114 1146 61.625 -18.75 215.435289407375
"600" 600 1684 114 1146 61.625 -18.25 215.435289407377
"601" 601 1691 114 1146 61.875 -19.75 213.703409656883
"602" 602 1692 114 1146 61.875 -19.25 213.703409656883
"603" 603 1693 114 1146 61.625 -19.75 215.435289407377
"604" 604 1694 114 1146 61.625 -19.25 215.435289407377
"605" 605 1701 114 1146 61.875 -20.75 213.703409656885
"606" 606 1702 114 1146 61.875 -20.25 213.703409656882
"607" 607 1703 114 1146 61.625 -20.75 215.435289407378
"608" 608 1704 114 1146 61.625 -20.25 215.435289407375
"609" 609 1711 114 1146 61.875 -21.75 213.703409656883
"610" 610 1712 114 1146 61.875 -21.25 213.703409656882
"611" 611 1713 114 1146 61.625 -21.75 215.435289407377
"612" 612 1714 114 1146 61.625 -21.25 215.435289407375
"613" 613 1721 114 1146 61.875 -22.75 213.703409656882
"614" 614 1722 114 1146 61.875 -22.25 213.703409656883
"615" 615 1723 114 1146 61.625 -22.75 215.435289407375
"616" 616 1724 114 1146 61.625 -22.25 215.435289407377
"617" 617 1731 114 1144 61.875 -23.75 213.703409656882
"618" 618 1732 114 1146 61.875 -23.25 213.703409656885
"619" 619 1733 114 1146 61.625 -23.75 215.435289407375
"620" 620 1734 114 1146 61.625 -23.25 215.435289407378
"621" 621 1741 109 1091 61.875 -24.75 213.703409656883
"622" 622 1742 109 1091 61.875 -24.25 213.703409656883
"623" 623 1743 109 1091 61.625 -24.75 215.435289407377
"624" 624 1744 114 1146 61.625 -24.25 215.435289407377
"625" 625 1751 109 1091 61.875 -25.75 213.703409656885
"626" 626 1752 109 1091 61.875 -25.25 213.703409656882
"627" 627 1753 109 1091 61.625 -25.75 215.435289407378
"628" 628 1754 109 1091 61.625 -25.25 215.435289407375
"629" 629 1761 109 1092 61.875 -26.75 213.703409656883
"630" 630 1762 109 1092 61.875 -26.25 213.703409656882
"631" 631 1763 109 1092 61.625 -26.75 215.435289407377
"632" 632 1764 109 1091 61.625 -26.25 215.435289407375
"633" 633 1771 109 1093 61.875 -27.75 213.703409656883
"634" 634 1772 109 1093 61.875 -27.25 213.703409656883
"635" 635 1773 109 1093 61.625 -27.75 215.435289407377
"636" 636 1774 109 1092 61.625 -27.25 215.435289407377
"637" 637 1781 109 1094 61.875 -28.75 213.703409656885
"638" 638 1782 109 1094 61.875 -28.25 213.703409656882
"639" 639 1783 109 1094 61.625 -28.75 215.435289407378
"640" 640 1784 109 1094 61.625 -28.25 215.435289407375
"641" 641 1791 109 1094 61.875 -29.75 213.703409656883
"642" 642 1792 109 1094 61.875 -29.25 213.70340965688
"643" 643 1793 109 1094 61.625 -29.75 215.435289407377
"644" 644 1794 109 1094 61.625 -29.25 215.435289407374
"645" 645 1801 109 1094 61.875 -30.75 213.703409656883
"646" 646 1802 109 1094 61.875 -30.25 213.703409656883
"647" 647 1803 109 1094 61.625 -30.75 215.435289407377
"648" 648 1804 109 1094 61.625 -30.25 215.435289407377
"649" 649 1811 109 1094 61.875 -31.75 213.703409656883
"650" 650 1812 109 1094 61.875 -31.25 213.703409656883
"651" 651 1813 109 1094 61.625 -31.75 215.435289407377
"652" 652 1814 109 1094 61.625 -31.25 215.435289407377
"653" 653 1911 110 1101 61.875 -41.75 213.703409656883
"654" 654 1912 110 1101 61.875 -41.25 213.703409656886
"655" 655 1913 110 1101 61.625 -41.75 215.435289407377
"656" 656 1914 110 1101 61.625 -41.25 215.43528940738
"657" 657 2001 115 1151 62.375 -0.75 210.226784093386
"658" 658 2002 115 1151 62.375 -0.25 210.226784093386
"659" 659 2003 115 1151 62.125 -0.75 211.967230105175
"660" 660 2004 115 1151 62.125 -0.25 211.967230105175
"661" 661 2011 115 1151 62.375 -1.75 210.226784093387
"662" 662 2012 115 1151 62.375 -1.25 210.226784093386
"663" 663 2013 115 1151 62.125 -1.75 211.967230105175
"664" 664 2014 115 1151 62.125 -1.25 211.967230105175
"665" 665 2021 115 1151 62.375 -2.75 210.226784093386
"666" 666 2022 115 1151 62.375 -2.25 210.226784093386
"667" 667 2023 115 1151 62.125 -2.75 211.967230105175
"668" 668 2024 115 1151 62.125 -2.25 211.967230105175
"669" 669 2031 115 1151 62.375 -3.75 210.226784093386
"670" 670 2032 115 1151 62.375 -3.25 210.226784093387
"671" 671 2033 115 1151 62.125 -3.75 211.967230105175
"672" 672 2034 115 1151 62.125 -3.25 211.967230105175
"673" 673 2041 115 1151 62.375 -4.75 210.226784093386
"674" 674 2042 115 1151 62.375 -4.25 210.226784093386
"675" 675 2043 115 1151 62.125 -4.75 211.967230105175
"676" 676 2044 115 1151 62.125 -4.25 211.967230105175
"677" 677 2051 115 1151 62.375 -5.75 210.226784093386
"678" 678 2052 115 1151 62.375 -5.25 210.226784093386
"679" 679 2053 115 1151 62.125 -5.75 211.967230105175
"680" 680 2054 115 1151 62.125 -5.25 211.967230105175
"681" 681 2061 115 1151 62.375 -6.75 210.226784093386
"682" 682 2062 115 1151 62.375 -6.25 210.226784093387
"683" 683 2063 115 1151 62.125 -6.75 211.967230105175
"684" 684 2064 115 1151 62.125 -6.25 211.967230105176
"685" 685 2071 115 1151 62.375 -7.75 210.226784093387
"686" 686 2072 115 1151 62.375 -7.25 210.226784093386
"687" 687 2073 115 1151 62.125 -7.75 211.967230105176
"688" 688 2074 115 1151 62.125 -7.25 211.967230105175
"689" 689 2081 114 1141 62.375 -8.75 210.226784093386
"690" 690 2082 114 1141 62.375 -8.25 210.226784093387
"691" 691 2083 114 1141 62.125 -8.75 211.967230105175
"692" 692 2084 114 1141 62.125 -8.25 211.967230105176
"693" 693 2091 114 1142 62.375 -9.75 210.226784093387
"694" 694 2092 114 1142 62.375 -9.25 210.226784093386
"695" 695 2093 114 1142 62.125 -9.75 211.967230105176
"696" 696 2094 114 1142 62.125 -9.25 211.967230105175
"697" 697 2101 114 1142 62.375 -10.75 210.226784093386
"698" 698 2102 114 1142 62.375 -10.25 210.226784093387
"699" 699 2103 114 1142 62.125 -10.75 211.967230105175
"700" 700 2104 114 1142 62.125 -10.25 211.967230105176
"701" 701 2111 114 1142 62.375 -11.75 210.226784093387
"702" 702 2112 114 1142 62.375 -11.25 210.226784093386
"703" 703 2113 114 1143 62.125 -11.75 211.967230105176
"704" 704 2114 114 1143 62.125 -11.25 211.967230105175
"705" 705 2121 114 1143 62.375 -12.75 210.226784093387
"706" 706 2122 114 1142 62.375 -12.25 210.226784093387
"707" 707 2123 114 1143 62.125 -12.75 211.967230105176
"708" 708 2124 114 1142 62.125 -12.25 211.967230105176
"709" 709 2131 114 1143 62.375 -13.75 210.226784093387
"710" 710 2132 114 1143 62.375 -13.25 210.226784093386
"711" 711 2133 114 1143 62.125 -13.75 211.967230105176
"712" 712 2134 114 1143 62.125 -13.25 211.967230105175
"713" 713 2141 114 1146 62.375 -14.75 210.226784093385
"714" 714 2142 114 1146 62.375 -14.25 210.226784093387
"715" 715 2143 114 1146 62.125 -14.75 211.967230105174
"716" 716 2144 114 1146 62.125 -14.25 211.967230105176
"717" 717 2151 114 1146 62.375 -15.75 210.226784093387
"718" 718 2152 114 1146 62.375 -15.25 210.226784093387
"719" 719 2153 114 1146 62.125 -15.75 211.967230105176
"720" 720 2154 114 1146 62.125 -15.25 211.967230105176
"721" 721 2161 114 1146 62.375 -16.75 210.226784093387
"722" 722 2162 114 1146 62.375 -16.25 210.226784093387
"723" 723 2163 114 1146 62.125 -16.75 211.967230105176
"724" 724 2164 114 1146 62.125 -16.25 211.967230105176
"725" 725 2171 114 1146 62.375 -17.75 210.226784093387
"726" 726 2172 114 1146 62.375 -17.25 210.226784093385
"727" 727 2173 114 1146 62.125 -17.75 211.967230105176
"728" 728 2174 114 1146 62.125 -17.25 211.967230105174
"729" 729 2181 114 1146 62.375 -18.75 210.226784093385
"730" 730 2182 114 1144 62.375 -18.25 210.226784093387
"731" 731 2183 114 1146 62.125 -18.75 211.967230105174
"732" 732 2184 114 1146 62.125 -18.25 211.967230105176
"733" 733 2191 114 1146 62.375 -19.75 210.226784093387
"734" 734 2192 114 1144 62.375 -19.25 210.226784093387
"735" 735 2193 114 1146 62.125 -19.75 211.967230105176
"736" 736 2194 114 1146 62.125 -19.25 211.967230105176
"737" 737 2201 114 1144 62.375 -20.75 210.226784093388
"738" 738 2202 114 1146 62.375 -20.25 210.226784093385
"739" 739 2203 114 1146 62.125 -20.75 211.967230105177
"740" 740 2204 114 1146 62.125 -20.25 211.967230105174
"741" 741 2211 114 1144 62.375 -21.75 210.226784093387
"742" 742 2212 114 1144 62.375 -21.25 210.226784093385
"743" 743 2213 114 1146 62.125 -21.75 211.967230105176
"744" 744 2214 114 1146 62.125 -21.25 211.967230105174
"745" 745 2221 114 1144 62.375 -22.75 210.226784093385
"746" 746 2222 114 1144 62.375 -22.25 210.226784093387
"747" 747 2223 114 1146 62.125 -22.75 211.967230105174
"748" 748 2224 114 1146 62.125 -22.25 211.967230105176
"749" 749 2231 114 1144 62.375 -23.75 210.226784093385
"750" 750 2232 114 1144 62.375 -23.25 210.226784093388
"751" 751 2233 114 1144 62.125 -23.75 211.967230105174
"752" 752 2234 114 1144 62.125 -23.25 211.967230105177
"753" 753 2241 109 1091 62.375 -24.75 210.226784093387
"754" 754 2242 109 1091 62.375 -24.25 210.226784093387
"755" 755 2243 109 1091 62.125 -24.75 211.967230105176
"756" 756 2244 109 1091 62.125 -24.25 211.967230105176
"757" 757 2251 109 1092 62.375 -25.75 210.226784093388
"758" 758 2252 109 1092 62.375 -25.25 210.226784093385
"759" 759 2253 109 1092 62.125 -25.75 211.967230105177
"760" 760 2254 109 1091 62.125 -25.25 211.967230105174
"761" 761 2261 109 1093 62.375 -26.75 210.226784093387
"762" 762 2262 109 1092 62.375 -26.25 210.226784093385
"763" 763 2263 109 1092 62.125 -26.75 211.967230105176
"764" 764 2264 109 1092 62.125 -26.25 211.967230105174
"765" 765 2271 109 1093 62.375 -27.75 210.226784093387
"766" 766 2272 109 1093 62.375 -27.25 210.226784093387
"767" 767 2273 109 1093 62.125 -27.75 211.967230105176
"768" 768 2274 109 1093 62.125 -27.25 211.967230105176
"769" 769 2281 109 1094 62.375 -28.75 210.226784093388
"770" 770 2282 109 1094 62.375 -28.25 210.226784093385
"771" 771 2283 109 1094 62.125 -28.75 211.967230105177
"772" 772 2284 109 1094 62.125 -28.25 211.967230105174
"773" 773 2291 109 1094 62.375 -29.75 210.226784093387
"774" 774 2292 109 1094 62.375 -29.25 210.226784093384
"775" 775 2293 109 1094 62.125 -29.75 211.967230105176
"776" 776 2294 109 1094 62.125 -29.25 211.967230105173
"777" 777 2301 109 1094 62.375 -30.75 210.226784093387
"778" 778 2302 109 1094 62.375 -30.25 210.226784093387
"779" 779 2303 109 1094 62.125 -30.75 211.967230105176
"780" 780 2304 109 1094 62.125 -30.25 211.967230105176
"781" 781 2311 109 1094 62.375 -31.75 210.226784093387
"782" 782 2312 109 1094 62.375 -31.25 210.226784093387
"783" 783 2313 109 1094 62.125 -31.75 211.967230105176
"784" 784 2314 109 1094 62.125 -31.25 211.967230105176
"785" 785 2401 110 1101 62.375 -40.75 210.226784093384
"786" 786 2402 110 1101 62.375 -40.25 210.226784093387
"787" 787 2403 110 1101 62.125 -40.75 211.967230105173
"788" 788 2404 110 1101 62.125 -40.25 211.967230105176
"789" 789 2411 110 1101 62.375 -41.75 210.226784093387
"790" 790 2412 110 1101 62.375 -41.25 210.226784093389
"791" 791 2413 110 1101 62.125 -41.75 211.967230105176
"792" 792 2414 110 1101 62.125 -41.25 211.967230105178
"793" 793 2421 110 1101 62.375 -42.75 210.226784093384
"794" 794 2422 110 1101 62.375 -42.25 210.226784093387
"795" 795 2423 110 1101 62.125 -42.75 211.967230105173
"796" 796 2424 110 1101 62.125 -42.25 211.967230105176
"797" 797 2501 115 1151 62.875 -0.75 206.733226659164
"798" 798 2502 115 1151 62.875 -0.25 206.733226659164
"799" 799 2503 115 1151 62.625 -0.75 208.482105083812
"800" 800 2504 115 1151 62.625 -0.25 208.482105083812
"801" 801 2511 115 1151 62.875 -1.75 206.733226659164
"802" 802 2512 115 1151 62.875 -1.25 206.733226659164
"803" 803 2513 115 1151 62.625 -1.75 208.482105083812
"804" 804 2514 115 1151 62.625 -1.25 208.482105083812
"805" 805 2521 115 1151 62.875 -2.75 206.733226659164
"806" 806 2522 115 1151 62.875 -2.25 206.733226659164
"807" 807 2523 115 1151 62.625 -2.75 208.482105083812
"808" 808 2524 115 1151 62.625 -2.25 208.482105083812
"809" 809 2531 115 1151 62.875 -3.75 206.733226659164
"810" 810 2532 115 1151 62.875 -3.25 206.733226659164
"811" 811 2533 115 1151 62.625 -3.75 208.482105083812
"812" 812 2534 115 1151 62.625 -3.25 208.482105083812
"813" 813 2541 115 1151 62.875 -4.75 206.733226659164
"814" 814 2542 115 1151 62.875 -4.25 206.733226659164
"815" 815 2543 115 1151 62.625 -4.75 208.482105083812
"816" 816 2544 115 1151 62.625 -4.25 208.482105083812
"817" 817 2551 115 1151 62.875 -5.75 206.733226659164
"818" 818 2552 115 1151 62.875 -5.25 206.733226659164
"819" 819 2553 115 1151 62.625 -5.75 208.482105083812
"820" 820 2554 115 1151 62.625 -5.25 208.482105083812
"821" 821 2561 115 1151 62.875 -6.75 206.733226659164
"822" 822 2562 115 1151 62.875 -6.25 206.733226659164
"823" 823 2563 115 1151 62.625 -6.75 208.482105083812
"824" 824 2564 115 1151 62.625 -6.25 208.482105083812
"825" 825 2571 115 1151 62.875 -7.75 206.733226659164
"826" 826 2572 115 1151 62.875 -7.25 206.733226659164
"827" 827 2573 115 1151 62.625 -7.75 208.482105083812
"828" 828 2574 115 1151 62.625 -7.25 208.482105083812
"829" 829 2581 114 1141 62.875 -8.75 206.733226659164
"830" 830 2582 114 1141 62.875 -8.25 206.733226659164
"831" 831 2583 114 1141 62.625 -8.75 208.482105083812
"832" 832 2584 114 1141 62.625 -8.25 208.482105083812
"833" 833 2591 114 1141 62.875 -9.75 206.733226659164
"834" 834 2592 114 1141 62.875 -9.25 206.733226659164
"835" 835 2593 114 1142 62.625 -9.75 208.482105083812
"836" 836 2594 114 1142 62.625 -9.25 208.482105083812
"837" 837 2601 114 1142 62.875 -10.75 206.733226659164
"838" 838 2602 114 1141 62.875 -10.25 206.733226659164
"839" 839 2603 114 1142 62.625 -10.75 208.482105083812
"840" 840 2604 114 1142 62.625 -10.25 208.482105083812
"841" 841 2611 114 1142 62.875 -11.75 206.733226659164
"842" 842 2612 114 1142 62.875 -11.25 206.733226659164
"843" 843 2613 114 1142 62.625 -11.75 208.482105083812
"844" 844 2614 114 1142 62.625 -11.25 208.482105083812
"845" 845 2621 114 1142 62.875 -12.75 206.733226659164
"846" 846 2622 114 1142 62.875 -12.25 206.733226659164
"847" 847 2623 114 1142 62.625 -12.75 208.482105083812
"848" 848 2624 114 1142 62.625 -12.25 208.482105083812
"849" 849 2631 114 1143 62.875 -13.75 206.733226659164
"850" 850 2632 114 1142 62.875 -13.25 206.733226659164
"851" 851 2633 114 1143 62.625 -13.75 208.482105083812
"852" 852 2634 114 1143 62.625 -13.25 208.482105083812
"853" 853 2641 114 1146 62.875 -14.75 206.733226659163
"854" 854 2642 114 1146 62.875 -14.25 206.733226659164
"855" 855 2643 114 1146 62.625 -14.75 208.482105083811
"856" 856 2644 114 1146 62.625 -14.25 208.482105083812
"857" 857 2651 114 1146 62.875 -15.75 206.733226659164
"858" 858 2652 114 1146 62.875 -15.25 206.733226659164
"859" 859 2653 114 1146 62.625 -15.75 208.482105083812
"860" 860 2654 114 1146 62.625 -15.25 208.482105083812
"861" 861 2661 114 1146 62.875 -16.75 206.733226659164
"862" 862 2662 114 1146 62.875 -16.25 206.733226659164
"863" 863 2663 114 1146 62.625 -16.75 208.482105083812
"864" 864 2664 114 1146 62.625 -16.25 208.482105083812
"865" 865 2671 114 1144 62.875 -17.75 206.733226659164
"866" 866 2672 114 1144 62.875 -17.25 206.733226659163
"867" 867 2673 114 1146 62.625 -17.75 208.482105083812
"868" 868 2674 114 1146 62.625 -17.25 208.482105083811
"869" 869 2681 114 1144 62.875 -18.75 206.733226659163
"870" 870 2682 114 1144 62.875 -18.25 206.733226659164
"871" 871 2683 114 1144 62.625 -18.75 208.482105083811
"872" 872 2684 114 1144 62.625 -18.25 208.482105083812
"873" 873 2691 114 1144 62.875 -19.75 206.733226659164
"874" 874 2692 114 1144 62.875 -19.25 206.733226659164
"875" 875 2693 114 1146 62.625 -19.75 208.482105083812
"876" 876 2694 114 1144 62.625 -19.25 208.482105083812
"877" 877 2701 114 1145 62.875 -20.75 206.733226659166
"878" 878 2702 114 1144 62.875 -20.25 206.733226659163
"879" 879 2703 114 1144 62.625 -20.75 208.482105083814
"880" 880 2704 114 1144 62.625 -20.25 208.482105083811
"881" 881 2711 114 1145 62.875 -21.75 206.733226659164
"882" 882 2712 114 1145 62.875 -21.25 206.733226659163
"883" 883 2713 114 1144 62.625 -21.75 208.482105083812
"884" 884 2714 114 1144 62.625 -21.25 208.482105083811
"885" 885 2721 114 1145 62.875 -22.75 206.733226659163
"886" 886 2722 114 1145 62.875 -22.25 206.733226659164
"887" 887 2723 114 1144 62.625 -22.75 208.482105083811
"888" 888 2724 114 1144 62.625 -22.25 208.482105083812
"889" 889 2731 114 1145 62.875 -23.75 206.733226659163
"890" 890 2732 114 1145 62.875 -23.25 206.733226659166
"891" 891 2733 114 1144 62.625 -23.75 208.482105083811
"892" 892 2734 114 1144 62.625 -23.25 208.482105083814
"893" 893 2741 101 1015 62.875 -24.75 206.733226659164
"894" 894 2742 108 1082 62.875 -24.25 206.733226659164
"895" 895 2743 109 1092 62.625 -24.75 208.482105083812
"896" 896 2744 109 1091 62.625 -24.25 208.482105083812
"897" 897 2751 109 1093 62.875 -25.75 206.733226659166
"898" 898 2752 109 1092 62.875 -25.25 206.733226659163
"899" 899 2753 109 1092 62.625 -25.75 208.482105083814
"900" 900 2754 109 1092 62.625 -25.25 208.482105083811
"901" 901 2761 109 1093 62.875 -26.75 206.733226659164
"902" 902 2762 109 1093 62.875 -26.25 206.733226659163
"903" 903 2763 109 1093 62.625 -26.75 208.482105083812
"904" 904 2764 109 1093 62.625 -26.25 208.482105083811
"905" 905 2771 109 1093 62.875 -27.75 206.733226659164
"906" 906 2772 109 1093 62.875 -27.25 206.733226659164
"907" 907 2773 109 1093 62.625 -27.75 208.482105083812
"908" 908 2774 109 1093 62.625 -27.25 208.482105083812
"909" 909 2781 109 1094 62.875 -28.75 206.733226659166
"910" 910 2782 109 1094 62.875 -28.25 206.733226659163
"911" 911 2783 109 1094 62.625 -28.75 208.482105083814
"912" 912 2784 109 1093 62.625 -28.25 208.482105083811
"913" 913 2791 109 1094 62.875 -29.75 206.733226659164
"914" 914 2792 109 1094 62.875 -29.25 206.733226659162
"915" 915 2793 109 1094 62.625 -29.75 208.482105083812
"916" 916 2794 109 1094 62.625 -29.25 208.48210508381
"917" 917 2801 109 1094 62.875 -30.75 206.733226659164
"918" 918 2802 109 1094 62.875 -30.25 206.733226659164
"919" 919 2803 109 1094 62.625 -30.75 208.482105083812
"920" 920 2804 109 1094 62.625 -30.25 208.482105083812
"921" 921 2811 109 1094 62.875 -31.75 206.733226659164
"922" 922 2812 109 1094 62.875 -31.25 206.733226659164
"923" 923 2813 109 1094 62.625 -31.75 208.482105083812
"924" 924 2814 109 1094 62.625 -31.25 208.482105083812
"925" 925 2821 109 1094 62.875 -32.75 206.733226659164
"926" 926 2822 109 1094 62.875 -32.25 206.733226659164
"927" 927 2823 109 1094 62.625 -32.75 208.482105083812
"928" 928 2824 109 1094 62.625 -32.25 208.482105083812
"929" 929 2831 109 1094 62.875 -33.75 206.733226659167
"930" 930 2832 109 1094 62.875 -33.25 206.733226659162
"931" 931 2833 109 1094 62.625 -33.75 208.482105083815
"932" 932 2834 109 1094 62.625 -33.25 208.48210508381
"933" 933 2901 110 1101 62.875 -40.75 206.733226659162
"934" 934 2902 110 1101 62.875 -40.25 206.733226659164
"935" 935 2903 110 1101 62.625 -40.75 208.48210508381
"936" 936 2904 110 1101 62.625 -40.25 208.482105083812
"937" 937 3001 115 1151 63.375 -0.75 203.223006493778
"938" 938 3002 115 1151 63.375 -0.25 203.223006493778
"939" 939 3003 115 1151 63.125 -0.75 204.980182521967
"940" 940 3004 115 1151 63.125 -0.25 204.980182521967
"941" 941 3011 115 1151 63.375 -1.75 203.223006493778
"942" 942 3012 115 1151 63.375 -1.25 203.223006493778
"943" 943 3013 115 1151 63.125 -1.75 204.980182521967
"944" 944 3014 115 1151 63.125 -1.25 204.980182521967
"945" 945 3021 115 1151 63.375 -2.75 203.223006493778
"946" 946 3022 115 1151 63.375 -2.25 203.223006493778
"947" 947 3023 115 1151 63.125 -2.75 204.980182521967
"948" 948 3024 115 1151 63.125 -2.25 204.980182521967
"949" 949 3031 115 1151 63.375 -3.75 203.223006493778
"950" 950 3032 115 1151 63.375 -3.25 203.223006493778
"951" 951 3033 115 1151 63.125 -3.75 204.980182521967
"952" 952 3034 115 1151 63.125 -3.25 204.980182521967
"953" 953 3041 115 1151 63.375 -4.75 203.223006493778
"954" 954 3042 115 1151 63.375 -4.25 203.223006493778
"955" 955 3043 115 1151 63.125 -4.75 204.980182521967
"956" 956 3044 115 1151 63.125 -4.25 204.980182521967
"957" 957 3051 115 1151 63.375 -5.75 203.223006493778
"958" 958 3052 115 1151 63.375 -5.25 203.223006493778
"959" 959 3053 115 1151 63.125 -5.75 204.980182521967
"960" 960 3054 115 1151 63.125 -5.25 204.980182521967
"961" 961 3061 115 1151 63.375 -6.75 203.223006493778
"962" 962 3062 115 1151 63.375 -6.25 203.223006493778
"963" 963 3063 115 1151 63.125 -6.75 204.980182521967
"964" 964 3064 115 1151 63.125 -6.25 204.980182521967
"965" 965 3071 115 1151 63.375 -7.75 203.223006493778
"966" 966 3072 115 1151 63.375 -7.25 203.223006493777
"967" 967 3073 115 1151 63.125 -7.75 204.980182521967
"968" 968 3074 115 1151 63.125 -7.25 204.980182521966
"969" 969 3081 113 1132 63.375 -8.75 203.223006493777
"970" 970 3082 113 1132 63.375 -8.25 203.223006493778
"971" 971 3083 114 1141 63.125 -8.75 204.980182521966
"972" 972 3084 113 1132 63.125 -8.25 204.980182521967
"973" 973 3091 114 1141 63.375 -9.75 203.223006493778
"974" 974 3092 114 1141 63.375 -9.25 203.223006493777
"975" 975 3093 114 1141 63.125 -9.75 204.980182521967
"976" 976 3094 114 1141 63.125 -9.25 204.980182521966
"977" 977 3101 106 1061 63.375 -10.75 203.223006493777
"978" 978 3102 106 1061 63.375 -10.25 203.223006493778
"979" 979 3103 106 1061 63.125 -10.75 204.980182521966
"980" 980 3104 106 1061 63.125 -10.25 204.980182521967
"981" 981 3111 106 1061 63.375 -11.75 203.223006493778
"982" 982 3112 106 1061 63.375 -11.25 203.223006493777
"983" 983 3113 106 1061 63.125 -11.75 204.980182521967
"984" 984 3114 106 1061 63.125 -11.25 204.980182521966
"985" 985 3121 114 1142 63.375 -12.75 203.223006493778
"986" 986 3122 106 1061 63.375 -12.25 203.223006493778
"987" 987 3123 114 1142 63.125 -12.75 204.980182521967
"988" 988 3124 106 1061 63.125 -12.25 204.980182521967
"989" 989 3131 114 1143 63.375 -13.75 203.223006493778
"990" 990 3132 114 1142 63.375 -13.25 203.223006493777
"991" 991 3133 114 1143 63.125 -13.75 204.980182521967
"992" 992 3134 114 1142 63.125 -13.25 204.980182521966
"993" 993 3141 114 1143 63.375 -14.75 203.223006493777
"994" 994 3142 114 1143 63.375 -14.25 203.223006493778
"995" 995 3143 114 1146 63.125 -14.75 204.980182521966
"996" 996 3144 114 1146 63.125 -14.25 204.980182521967
"997" 997 3151 107 1071 63.375 -15.75 203.223006493778
"998" 998 3152 114 1143 63.375 -15.25 203.223006493778
"999" 999 3153 114 1144 63.125 -15.75 204.980182521967
"1000" 1000 3154 114 1146 63.125 -15.25 204.980182521967
"1001" 1001 3161 107 1071 63.375 -16.75 203.223006493778
"1002" 1002 3162 107 1071 63.375 -16.25 203.223006493778
"1003" 1003 3163 114 1144 63.125 -16.75 204.980182521967
"1004" 1004 3164 114 1144 63.125 -16.25 204.980182521967
"1005" 1005 3171 107 1071 63.375 -17.75 203.223006493778
"1006" 1006 3172 107 1071 63.375 -17.25 203.223006493777
"1007" 1007 3173 114 1144 63.125 -17.75 204.980182521967
"1008" 1008 3174 114 1144 63.125 -17.25 204.980182521966
"1009" 1009 3181 107 1071 63.375 -18.75 203.223006493777
"1010" 1010 3182 107 1071 63.375 -18.25 203.223006493778
"1011" 1011 3183 114 1144 63.125 -18.75 204.980182521966
"1012" 1012 3184 114 1144 63.125 -18.25 204.980182521967
"1013" 1013 3191 108 1081 63.375 -19.75 203.223006493778
"1014" 1014 3192 108 1081 63.375 -19.25 203.223006493778
"1015" 1015 3193 114 1144 63.125 -19.75 204.980182521967
"1016" 1016 3194 114 1144 63.125 -19.25 204.980182521967
"1017" 1017 3201 108 1081 63.375 -20.75 203.223006493779
"1018" 1018 3202 108 1081 63.375 -20.25 203.223006493777
"1019" 1019 3203 108 1082 63.125 -20.75 204.980182521968
"1020" 1020 3204 108 1082 63.125 -20.25 204.980182521966
"1021" 1021 3211 108 1081 63.375 -21.75 203.223006493778
"1022" 1022 3212 108 1081 63.375 -21.25 203.223006493777
"1023" 1023 3213 108 1082 63.125 -21.75 204.980182521967
"1024" 1024 3214 108 1082 63.125 -21.25 204.980182521966
"1025" 1025 3221 108 1082 63.375 -22.75 203.223006493777
"1026" 1026 3222 108 1082 63.375 -22.25 203.223006493778
"1027" 1027 3223 108 1082 63.125 -22.75 204.980182521966
"1028" 1028 3224 108 1082 63.125 -22.25 204.980182521967
"1029" 1029 3231 108 1082 63.375 -23.75 203.223006493777
"1030" 1030 3232 108 1082 63.375 -23.25 203.223006493779
"1031" 1031 3233 108 1082 63.125 -23.75 204.980182521966
"1032" 1032 3234 114 1145 63.125 -23.25 204.980182521968
"1033" 1033 3241 101 1015 63.375 -24.75 203.223006493778
"1034" 1034 3242 101 1012 63.375 -24.25 203.223006493778
"1035" 1035 3243 101 1015 63.125 -24.75 204.980182521967
"1036" 1036 3244 108 1082 63.125 -24.25 204.980182521967
"1037" 1037 3251 101 1015 63.375 -25.75 203.223006493779
"1038" 1038 3252 101 1015 63.375 -25.25 203.223006493777
"1039" 1039 3253 109 1093 63.125 -25.75 204.980182521968
"1040" 1040 3254 101 1015 63.125 -25.25 204.980182521966
"1041" 1041 3261 109 1093 63.375 -26.75 203.223006493778
"1042" 1042 3262 109 1095 63.375 -26.25 203.223006493777
"1043" 1043 3263 109 1093 63.125 -26.75 204.980182521967
"1044" 1044 3264 109 1093 63.125 -26.25 204.980182521966
"1045" 1045 3271 109 1094 63.375 -27.75 203.223006493778
"1046" 1046 3272 109 1093 63.375 -27.25 203.223006493778
"1047" 1047 3273 109 1093 63.125 -27.75 204.980182521967
"1048" 1048 3274 109 1093 63.125 -27.25 204.980182521967
"1049" 1049 3281 109 1094 63.375 -28.75 203.223006493779
"1050" 1050 3282 109 1094 63.375 -28.25 203.223006493777
"1051" 1051 3283 109 1094 63.125 -28.75 204.980182521968
"1052" 1052 3284 109 1094 63.125 -28.25 204.980182521966
"1053" 1053 3291 109 1094 63.375 -29.75 203.223006493778
"1054" 1054 3292 109 1094 63.375 -29.25 203.223006493775
"1055" 1055 3293 109 1094 63.125 -29.75 204.980182521967
"1056" 1056 3294 109 1094 63.125 -29.25 204.980182521964
"1057" 1057 3301 109 1094 63.375 -30.75 203.223006493778
"1058" 1058 3302 109 1094 63.375 -30.25 203.223006493778
"1059" 1059 3303 109 1094 63.125 -30.75 204.980182521967
"1060" 1060 3304 109 1094 63.125 -30.25 204.980182521967
"1061" 1061 3311 109 1094 63.375 -31.75 203.223006493778
"1062" 1062 3312 109 1094 63.375 -31.25 203.223006493778
"1063" 1063 3313 109 1094 63.125 -31.75 204.980182521967
"1064" 1064 3314 109 1094 63.125 -31.25 204.980182521967
"1065" 1065 3321 109 1094 63.375 -32.75 203.223006493778
"1066" 1066 3322 109 1094 63.375 -32.25 203.223006493778
"1067" 1067 3323 109 1094 63.125 -32.75 204.980182521967
"1068" 1068 3324 109 1094 63.125 -32.25 204.980182521967
"1069" 1069 3331 109 1094 63.375 -33.75 203.22300649378
"1070" 1070 3332 109 1094 63.375 -33.25 203.223006493775
"1071" 1071 3333 109 1094 63.125 -33.75 204.98018252197
"1072" 1072 3334 109 1094 63.125 -33.25 204.980182521964
"1073" 1073 3341 109 1094 63.375 -34.75 203.223006493778
"1074" 1074 3342 109 1094 63.375 -34.25 203.223006493775
"1075" 1075 3343 109 1094 63.125 -34.75 204.980182521967
"1076" 1076 3344 109 1094 63.125 -34.25 204.980182521964
"1077" 1077 3351 109 1094 63.375 -35.75 203.223006493778
"1078" 1078 3352 109 1094 63.375 -35.25 203.223006493778
"1079" 1079 3353 109 1094 63.125 -35.75 204.980182521967
"1080" 1080 3354 109 1094 63.125 -35.25 204.980182521967
"1081" 1081 3361 109 1094 63.375 -36.75 203.223006493778
"1082" 1082 3362 109 1094 63.375 -36.25 203.223006493778
"1083" 1083 3363 109 1094 63.125 -36.75 204.980182521967
"1084" 1084 3364 109 1094 63.125 -36.25 204.980182521967
"1085" 1085 3391 110 1101 63.375 -39.75 203.223006493778
"1086" 1086 3392 110 1101 63.375 -39.25 203.223006493778
"1087" 1087 3393 110 1101 63.125 -39.75 204.980182521967
"1088" 1088 3394 110 1101 63.125 -39.25 204.980182521967
"1089" 1089 3401 110 1101 63.375 -40.75 203.223006493775
"1090" 1090 3402 110 1101 63.375 -40.25 203.223006493778
"1091" 1091 3403 110 1101 63.125 -40.75 204.980182521964
"1092" 1092 3404 110 1101 63.125 -40.25 204.980182521967
"1093" 1093 3501 115 1151 63.875 -0.75 199.696394641605
"1094" 1094 3502 115 1151 63.875 -0.25 199.696394641605
"1095" 1095 3503 115 1151 63.625 -0.75 201.461732514475
"1096" 1096 3504 115 1151 63.625 -0.25 201.461732514475
"1097" 1097 3511 115 1151 63.875 -1.75 199.696394641605
"1098" 1098 3512 115 1151 63.875 -1.25 199.696394641605
"1099" 1099 3513 115 1151 63.625 -1.75 201.461732514475
"1100" 1100 3514 115 1151 63.625 -1.25 201.461732514475
"1101" 1101 3521 115 1151 63.875 -2.75 199.696394641605
"1102" 1102 3522 115 1151 63.875 -2.25 199.696394641605
"1103" 1103 3523 115 1151 63.625 -2.75 201.461732514475
"1104" 1104 3524 115 1151 63.625 -2.25 201.461732514475
"1105" 1105 3531 115 1151 63.875 -3.75 199.696394641605
"1106" 1106 3532 115 1151 63.875 -3.25 199.696394641606
"1107" 1107 3533 115 1151 63.625 -3.75 201.461732514475
"1108" 1108 3534 115 1151 63.625 -3.25 201.461732514475
"1109" 1109 3541 115 1151 63.875 -4.75 199.696394641605
"1110" 1110 3542 115 1151 63.875 -4.25 199.696394641605
"1111" 1111 3543 115 1151 63.625 -4.75 201.461732514475
"1112" 1112 3544 115 1151 63.625 -4.25 201.461732514475
"1113" 1113 3551 115 1151 63.875 -5.75 199.696394641605
"1114" 1114 3552 115 1151 63.875 -5.25 199.696394641605
"1115" 1115 3553 115 1151 63.625 -5.75 201.461732514475
"1116" 1116 3554 115 1151 63.625 -5.25 201.461732514475
"1117" 1117 3561 115 1151 63.875 -6.75 199.696394641605
"1118" 1118 3562 115 1151 63.875 -6.25 199.696394641606
"1119" 1119 3563 115 1151 63.625 -6.75 201.461732514475
"1120" 1120 3564 115 1151 63.625 -6.25 201.461732514475
"1121" 1121 3571 115 1151 63.875 -7.75 199.696394641606
"1122" 1122 3572 115 1151 63.875 -7.25 199.696394641605
"1123" 1123 3573 115 1151 63.625 -7.75 201.461732514475
"1124" 1124 3574 115 1151 63.625 -7.25 201.461732514474
"1125" 1125 3581 113 1132 63.875 -8.75 199.696394641605
"1126" 1126 3582 113 1132 63.875 -8.25 199.696394641606
"1127" 1127 3583 113 1132 63.625 -8.75 201.461732514474
"1128" 1128 3584 113 1132 63.625 -8.25 201.461732514475
"1129" 1129 3591 113 1132 63.875 -9.75 199.696394641606
"1130" 1130 3592 113 1132 63.875 -9.25 199.696394641605
"1131" 1131 3593 113 1132 63.625 -9.75 201.461732514475
"1132" 1132 3594 113 1132 63.625 -9.25 201.461732514474
"1133" 1133 3601 106 1061 63.875 -10.75 199.696394641605
"1134" 1134 3602 113 1132 63.875 -10.25 199.696394641606
"1135" 1135 3603 106 1061 63.625 -10.75 201.461732514474
"1136" 1136 3604 106 1061 63.625 -10.25 201.461732514475
"1137" 1137 3611 106 1061 63.875 -11.75 199.696394641606
"1138" 1138 3612 106 1061 63.875 -11.25 199.696394641605
"1139" 1139 3613 106 1061 63.625 -11.75 201.461732514475
"1140" 1140 3614 106 1061 63.625 -11.25 201.461732514474
"1141" 1141 3621 114 1142 63.875 -12.75 199.696394641606
"1142" 1142 3622 106 1061 63.875 -12.25 199.696394641606
"1143" 1143 3623 114 1142 63.625 -12.75 201.461732514475
"1144" 1144 3624 106 1061 63.625 -12.25 201.461732514475
"1145" 1145 3631 107 1071 63.875 -13.75 199.696394641606
"1146" 1146 3632 114 1142 63.875 -13.25 199.696394641605
"1147" 1147 3633 114 1143 63.625 -13.75 201.461732514475
"1148" 1148 3634 114 1142 63.625 -13.25 201.461732514474
"1149" 1149 3641 107 1071 63.875 -14.75 199.696394641604
"1150" 1150 3642 107 1071 63.875 -14.25 199.696394641606
"1151" 1151 3643 107 1071 63.625 -14.75 201.461732514474
"1152" 1152 3644 114 1143 63.625 -14.25 201.461732514475
"1153" 1153 3651 107 1071 63.875 -15.75 199.696394641606
"1154" 1154 3652 107 1071 63.875 -15.25 199.696394641606
"1155" 1155 3653 107 1071 63.625 -15.75 201.461732514475
"1156" 1156 3654 107 1071 63.625 -15.25 201.461732514475
"1157" 1157 3661 107 1071 63.875 -16.75 199.696394641606
"1158" 1158 3662 107 1071 63.875 -16.25 199.696394641606
"1159" 1159 3663 107 1071 63.625 -16.75 201.461732514475
"1160" 1160 3664 107 1071 63.625 -16.25 201.461732514475
"1161" 1161 3671 107 1071 63.875 -17.75 199.696394641606
"1162" 1162 3672 107 1071 63.875 -17.25 199.696394641604
"1163" 1163 3673 107 1071 63.625 -17.75 201.461732514475
"1164" 1164 3674 107 1071 63.625 -17.25 201.461732514474
"1165" 1165 3693 108 1081 63.625 -19.75 201.461732514475
"1166" 1166 3701 108 1081 63.875 -20.75 199.696394641607
"1167" 1167 3702 108 1081 63.875 -20.25 199.696394641604
"1168" 1168 3703 108 1081 63.625 -20.75 201.461732514476
"1169" 1169 3704 108 1081 63.625 -20.25 201.461732514474
"1170" 1170 3711 108 1081 63.875 -21.75 199.696394641606
"1171" 1171 3712 108 1081 63.875 -21.25 199.696394641604
"1172" 1172 3713 108 1081 63.625 -21.75 201.461732514475
"1173" 1173 3714 108 1081 63.625 -21.25 201.461732514474
"1174" 1174 3721 108 1081 63.875 -22.75 199.696394641604
"1175" 1175 3722 108 1081 63.875 -22.25 199.696394641606
"1176" 1176 3723 108 1081 63.625 -22.75 201.461732514474
"1177" 1177 3724 108 1081 63.625 -22.25 201.461732514475
"1178" 1178 3731 101 1012 63.875 -23.75 199.696394641604
"1179" 1179 3732 101 1012 63.875 -23.25 199.696394641607
"1180" 1180 3733 101 1012 63.625 -23.75 201.461732514474
"1181" 1181 3734 108 1081 63.625 -23.25 201.461732514476
"1182" 1182 3741 101 1015 63.875 -24.75 199.696394641606
"1183" 1183 3742 101 1015 63.875 -24.25 199.696394641606
"1184" 1184 3743 101 1015 63.625 -24.75 201.461732514475
"1185" 1185 3744 101 1012 63.625 -24.25 201.461732514475
"1186" 1186 3751 101 1015 63.875 -25.75 199.696394641607
"1187" 1187 3752 101 1015 63.875 -25.25 199.696394641604
"1188" 1188 3753 101 1015 63.625 -25.75 201.461732514476
"1189" 1189 3754 101 1015 63.625 -25.25 201.461732514474
"1190" 1190 3761 109 1095 63.875 -26.75 199.696394641606
"1191" 1191 3762 101 1015 63.875 -26.25 199.696394641604
"1192" 1192 3763 109 1095 63.625 -26.75 201.461732514475
"1193" 1193 3764 109 1095 63.625 -26.25 201.461732514474
"1194" 1194 3771 109 1093 63.875 -27.75 199.696394641606
"1195" 1195 3772 109 1095 63.875 -27.25 199.696394641606
"1196" 1196 3773 109 1093 63.625 -27.75 201.461732514475
"1197" 1197 3774 109 1093 63.625 -27.25 201.461732514475
"1198" 1198 3781 109 1094 63.875 -28.75 199.696394641607
"1199" 1199 3782 109 1093 63.875 -28.25 199.696394641604
"1200" 1200 3783 109 1094 63.625 -28.75 201.461732514476
"1201" 1201 3784 109 1094 63.625 -28.25 201.461732514474
"1202" 1202 3791 109 1094 63.875 -29.75 199.696394641606
"1203" 1203 3792 109 1094 63.875 -29.25 199.696394641603
"1204" 1204 3793 109 1094 63.625 -29.75 201.461732514475
"1205" 1205 3794 109 1094 63.625 -29.25 201.461732514472
"1206" 1206 3801 109 1094 63.875 -30.75 199.696394641606
"1207" 1207 3802 109 1094 63.875 -30.25 199.696394641606
"1208" 1208 3803 109 1094 63.625 -30.75 201.461732514475
"1209" 1209 3804 109 1094 63.625 -30.25 201.461732514475
"1210" 1210 3811 109 1094 63.875 -31.75 199.696394641606
"1211" 1211 3812 109 1094 63.875 -31.25 199.696394641606
"1212" 1212 3813 109 1094 63.625 -31.75 201.461732514475
"1213" 1213 3814 109 1094 63.625 -31.25 201.461732514475
"1214" 1214 3821 109 1094 63.875 -32.75 199.696394641606
"1215" 1215 3822 109 1094 63.875 -32.25 199.696394641606
"1216" 1216 3823 109 1094 63.625 -32.75 201.461732514475
"1217" 1217 3824 109 1094 63.625 -32.25 201.461732514475
"1218" 1218 3831 109 1094 63.875 -33.75 199.696394641608
"1219" 1219 3832 109 1094 63.875 -33.25 199.696394641603
"1220" 1220 3833 109 1094 63.625 -33.75 201.461732514478
"1221" 1221 3834 109 1094 63.625 -33.25 201.461732514472
"1222" 1222 3841 109 1094 63.875 -34.75 199.696394641606
"1223" 1223 3842 109 1094 63.875 -34.25 199.696394641603
"1224" 1224 3843 109 1094 63.625 -34.75 201.461732514475
"1225" 1225 3844 109 1094 63.625 -34.25 201.461732514472
"1226" 1226 3851 109 1094 63.875 -35.75 199.696394641606
"1227" 1227 3852 109 1094 63.875 -35.25 199.696394641606
"1228" 1228 3853 109 1094 63.625 -35.75 201.461732514475
"1229" 1229 3854 109 1094 63.625 -35.25 201.461732514475
"1230" 1230 3861 109 1094 63.875 -36.75 199.696394641606
"1231" 1231 3862 109 1094 63.875 -36.25 199.696394641606
"1232" 1232 3863 109 1094 63.625 -36.75 201.461732514475
"1233" 1233 3864 109 1094 63.625 -36.25 201.461732514475
"1234" 1234 3871 110 1101 63.875 -37.75 199.696394641603
"1235" 1235 3872 110 1101 63.875 -37.25 199.696394641606
"1236" 1236 3873 110 1101 63.625 -37.75 201.461732514472
"1237" 1237 3874 110 1101 63.625 -37.25 201.461732514475
"1238" 1238 3881 110 1101 63.875 -38.75 199.696394641603
"1239" 1239 3882 110 1101 63.875 -38.25 199.696394641608
"1240" 1240 3883 110 1101 63.625 -38.75 201.461732514472
"1241" 1241 3884 110 1101 63.625 -38.25 201.461732514478
"1242" 1242 3891 110 1101 63.875 -39.75 199.696394641606
"1243" 1243 3892 110 1101 63.875 -39.25 199.696394641606
"1244" 1244 3893 110 1101 63.625 -39.75 201.461732514475
"1245" 1245 3894 110 1101 63.625 -39.25 201.461732514475
"1246" 1246 4001 115 1151 64.375 -0.75 196.153664029036
"1247" 1247 4002 115 1151 64.375 -0.25 196.153664029036
"1248" 1248 4003 115 1151 64.125 -0.75 197.927027049598
"1249" 1249 4004 115 1151 64.125 -0.25 197.927027049598
"1250" 1250 4011 115 1151 64.375 -1.75 196.153664029036
"1251" 1251 4012 115 1151 64.375 -1.25 196.153664029036
"1252" 1252 4013 115 1151 64.125 -1.75 197.927027049598
"1253" 1253 4014 115 1151 64.125 -1.25 197.927027049598
"1254" 1254 4021 115 1151 64.375 -2.75 196.153664029036
"1255" 1255 4022 115 1151 64.375 -2.25 196.153664029036
"1256" 1256 4023 115 1151 64.125 -2.75 197.927027049598
"1257" 1257 4024 115 1151 64.125 -2.25 197.927027049598
"1258" 1258 4031 115 1151 64.375 -3.75 196.153664029036
"1259" 1259 4032 115 1151 64.375 -3.25 196.153664029036
"1260" 1260 4033 115 1151 64.125 -3.75 197.927027049598
"1261" 1261 4034 115 1151 64.125 -3.25 197.927027049598
"1262" 1262 4041 115 1151 64.375 -4.75 196.153664029036
"1263" 1263 4042 115 1151 64.375 -4.25 196.153664029036
"1264" 1264 4043 115 1151 64.125 -4.75 197.927027049598
"1265" 1265 4044 115 1151 64.125 -4.25 197.927027049598
"1266" 1266 4051 115 1151 64.375 -5.75 196.153664029036
"1267" 1267 4052 115 1151 64.375 -5.25 196.153664029036
"1268" 1268 4053 115 1151 64.125 -5.75 197.927027049598
"1269" 1269 4054 115 1151 64.125 -5.25 197.927027049598
"1270" 1270 4061 115 1151 64.375 -6.75 196.153664029036
"1271" 1271 4062 115 1151 64.375 -6.25 196.153664029036
"1272" 1272 4063 115 1151 64.125 -6.75 197.927027049598
"1273" 1273 4064 115 1151 64.125 -6.25 197.927027049598
"1274" 1274 4071 115 1151 64.375 -7.75 196.153664029036
"1275" 1275 4072 115 1151 64.375 -7.25 196.153664029035
"1276" 1276 4073 115 1151 64.125 -7.75 197.927027049598
"1277" 1277 4074 115 1151 64.125 -7.25 197.927027049597
"1278" 1278 4081 113 1132 64.375 -8.75 196.153664029035
"1279" 1279 4082 113 1132 64.375 -8.25 196.153664029036
"1280" 1280 4083 113 1132 64.125 -8.75 197.927027049597
"1281" 1281 4084 113 1132 64.125 -8.25 197.927027049598
"1282" 1282 4091 113 1132 64.375 -9.75 196.153664029036
"1283" 1283 4092 113 1132 64.375 -9.25 196.153664029035
"1284" 1284 4093 113 1132 64.125 -9.75 197.927027049598
"1285" 1285 4094 113 1132 64.125 -9.25 197.927027049597
"1286" 1286 4101 106 1061 64.375 -10.75 196.153664029035
"1287" 1287 4102 113 1132 64.375 -10.25 196.153664029036
"1288" 1288 4103 106 1061 64.125 -10.75 197.927027049597
"1289" 1289 4104 113 1132 64.125 -10.25 197.927027049598
"1290" 1290 4111 106 1061 64.375 -11.75 196.153664029036
"1291" 1291 4112 106 1061 64.375 -11.25 196.153664029035
"1292" 1292 4113 106 1061 64.125 -11.75 197.927027049598
"1293" 1293 4114 106 1061 64.125 -11.25 197.927027049597
"1294" 1294 4121 105 1054 64.375 -12.75 196.153664029036
"1295" 1295 4122 105 1054 64.375 -12.25 196.153664029036
"1296" 1296 4123 105 1054 64.125 -12.75 197.927027049598
"1297" 1297 4124 105 1054 64.125 -12.25 197.927027049598
"1298" 1298 4131 105 1054 64.375 -13.75 196.153664029036
"1299" 1299 4132 105 1054 64.375 -13.25 196.153664029035
"1300" 1300 4133 105 1054 64.125 -13.75 197.927027049598
"1301" 1301 4134 105 1054 64.125 -13.25 197.927027049597
"1302" 1302 4141 107 1071 64.375 -14.75 196.153664029035
"1303" 1303 4142 107 1071 64.375 -14.25 196.153664029036
"1304" 1304 4143 107 1071 64.125 -14.75 197.927027049597
"1305" 1305 4144 107 1071 64.125 -14.25 197.927027049598
"1306" 1306 4151 107 1071 64.375 -15.75 196.153664029036
"1307" 1307 4152 107 1071 64.375 -15.25 196.153664029036
"1308" 1308 4153 107 1071 64.125 -15.75 197.927027049598
"1309" 1309 4154 107 1071 64.125 -15.25 197.927027049598
"1310" 1310 4163 107 1071 64.125 -16.75 197.927027049598
"1311" 1311 4164 107 1071 64.125 -16.25 197.927027049598
"1312" 1312 4211 101 1011 64.375 -21.75 196.153664029036
"1313" 1313 4213 101 1011 64.125 -21.75 197.927027049598
"1314" 1314 4221 101 1011 64.375 -22.75 196.153664029035
"1315" 1315 4222 101 1011 64.375 -22.25 196.153664029036
"1316" 1316 4223 101 1012 64.125 -22.75 197.927027049597
"1317" 1317 4224 101 1011 64.125 -22.25 197.927027049598
"1318" 1318 4231 101 1012 64.375 -23.75 196.153664029035
"1319" 1319 4232 101 1012 64.375 -23.25 196.153664029037
"1320" 1320 4233 101 1012 64.125 -23.75 197.927027049597
"1321" 1321 4234 101 1012 64.125 -23.25 197.927027049599
"1322" 1322 4241 101 1012 64.375 -24.75 196.153664029036
"1323" 1323 4242 101 1012 64.375 -24.25 196.153664029036
"1324" 1324 4243 101 1015 64.125 -24.75 197.927027049598
"1325" 1325 4244 101 1015 64.125 -24.25 197.927027049598
"1326" 1326 4251 101 1015 64.375 -25.75 196.153664029037
"1327" 1327 4252 101 1015 64.375 -25.25 196.153664029035
"1328" 1328 4253 101 1015 64.125 -25.75 197.927027049599
"1329" 1329 4254 101 1015 64.125 -25.25 197.927027049597
"1330" 1330 4261 101 1015 64.375 -26.75 196.153664029036
"1331" 1331 4262 101 1015 64.375 -26.25 196.153664029035
"1332" 1332 4263 101 1015 64.125 -26.75 197.927027049598
"1333" 1333 4264 101 1015 64.125 -26.25 197.927027049597
"1334" 1334 4271 109 1095 64.375 -27.75 196.153664029036
"1335" 1335 4272 109 1095 64.375 -27.25 196.153664029036
"1336" 1336 4273 109 1093 64.125 -27.75 197.927027049598
"1337" 1337 4274 109 1095 64.125 -27.25 197.927027049598
"1338" 1338 4281 109 1093 64.375 -28.75 196.153664029037
"1339" 1339 4282 109 1093 64.375 -28.25 196.153664029035
"1340" 1340 4283 109 1094 64.125 -28.75 197.927027049599
"1341" 1341 4284 109 1093 64.125 -28.25 197.927027049597
"1342" 1342 4291 109 1094 64.375 -29.75 196.153664029036
"1343" 1343 4292 109 1094 64.375 -29.25 196.153664029033
"1344" 1344 4293 109 1094 64.125 -29.75 197.927027049598
"1345" 1345 4294 109 1094 64.125 -29.25 197.927027049595
"1346" 1346 4301 109 1094 64.375 -30.75 196.153664029036
"1347" 1347 4302 109 1094 64.375 -30.25 196.153664029036
"1348" 1348 4303 109 1094 64.125 -30.75 197.927027049598
"1349" 1349 4304 109 1094 64.125 -30.25 197.927027049598
"1350" 1350 4311 109 1094 64.375 -31.75 196.153664029036
"1351" 1351 4312 109 1094 64.375 -31.25 196.153664029036
"1352" 1352 4313 109 1094 64.125 -31.75 197.927027049598
"1353" 1353 4314 109 1094 64.125 -31.25 197.927027049598
"1354" 1354 4321 109 1094 64.375 -32.75 196.153664029036
"1355" 1355 4322 109 1094 64.375 -32.25 196.153664029036
"1356" 1356 4323 109 1094 64.125 -32.75 197.927027049598
"1357" 1357 4324 109 1094 64.125 -32.25 197.927027049598
"1358" 1358 4331 109 1094 64.375 -33.75 196.153664029038
"1359" 1359 4332 109 1094 64.375 -33.25 196.153664029034
"1360" 1360 4333 109 1094 64.125 -33.75 197.9270270496
"1361" 1361 4334 109 1094 64.125 -33.25 197.927027049595
"1362" 1362 4341 109 1094 64.375 -34.75 196.153664029036
"1363" 1363 4342 109 1094 64.375 -34.25 196.153664029034
"1364" 1364 4343 109 1094 64.125 -34.75 197.927027049598
"1365" 1365 4344 109 1094 64.125 -34.25 197.927027049595
"1366" 1366 4351 109 1094 64.375 -35.75 196.153664029036
"1367" 1367 4352 109 1094 64.375 -35.25 196.153664029036
"1368" 1368 4353 109 1094 64.125 -35.75 197.927027049598
"1369" 1369 4354 109 1094 64.125 -35.25 197.927027049598
"1370" 1370 4361 110 1101 64.375 -36.75 196.153664029036
"1371" 1371 4362 110 1101 64.375 -36.25 196.153664029036
"1372" 1372 4363 110 1101 64.125 -36.75 197.927027049598
"1373" 1373 4364 110 1101 64.125 -36.25 197.927027049598
"1374" 1374 4371 110 1101 64.375 -37.75 196.153664029034
"1375" 1375 4372 110 1101 64.375 -37.25 196.153664029036
"1376" 1376 4373 110 1101 64.125 -37.75 197.927027049595
"1377" 1377 4374 110 1101 64.125 -37.25 197.927027049598
"1378" 1378 4381 110 1101 64.375 -38.75 196.153664029034
"1379" 1379 4382 110 1101 64.375 -38.25 196.153664029038
"1380" 1380 4383 110 1101 64.125 -38.75 197.927027049595
"1381" 1381 4384 110 1101 64.125 -38.25 197.9270270496
"1382" 1382 4501 115 1151 64.875 -0.75 192.595089440808
"1383" 1383 4502 115 1151 64.875 -0.25 192.595089440808
"1384" 1384 4503 115 1151 64.625 -0.75 194.376339985879
"1385" 1385 4504 115 1151 64.625 -0.25 194.376339985879
"1386" 1386 4511 115 1151 64.875 -1.75 192.595089440808
"1387" 1387 4512 115 1151 64.875 -1.25 192.595089440808
"1388" 1388 4513 115 1151 64.625 -1.75 194.376339985879
"1389" 1389 4514 115 1151 64.625 -1.25 194.376339985879
"1390" 1390 4521 115 1151 64.875 -2.75 192.595089440808
"1391" 1391 4522 115 1151 64.875 -2.25 192.595089440808
"1392" 1392 4523 115 1151 64.625 -2.75 194.376339985879
"1393" 1393 4524 115 1151 64.625 -2.25 194.376339985879
"1394" 1394 4531 115 1151 64.875 -3.75 192.595089440808
"1395" 1395 4532 115 1151 64.875 -3.25 192.595089440809
"1396" 1396 4533 115 1151 64.625 -3.75 194.376339985879
"1397" 1397 4534 115 1151 64.625 -3.25 194.376339985879
"1398" 1398 4541 115 1151 64.875 -4.75 192.595089440808
"1399" 1399 4542 115 1151 64.875 -4.25 192.595089440808
"1400" 1400 4543 115 1151 64.625 -4.75 194.376339985879
"1401" 1401 4544 115 1151 64.625 -4.25 194.376339985879
"1402" 1402 4551 115 1151 64.875 -5.75 192.595089440808
"1403" 1403 4552 115 1151 64.875 -5.25 192.595089440808
"1404" 1404 4553 115 1151 64.625 -5.75 194.376339985879
"1405" 1405 4554 115 1151 64.625 -5.25 194.376339985879
"1406" 1406 4561 115 1151 64.875 -6.75 192.595089440808
"1407" 1407 4562 115 1151 64.875 -6.25 192.595089440809
"1408" 1408 4563 115 1151 64.625 -6.75 194.376339985879
"1409" 1409 4564 115 1151 64.625 -6.25 194.376339985879
"1410" 1410 4571 115 1151 64.875 -7.75 192.595089440809
"1411" 1411 4572 115 1151 64.875 -7.25 192.595089440808
"1412" 1412 4573 115 1151 64.625 -7.75 194.376339985879
"1413" 1413 4574 115 1151 64.625 -7.25 194.376339985879
"1414" 1414 4581 115 1151 64.875 -8.75 192.595089440808
"1415" 1415 4582 115 1151 64.875 -8.25 192.595089440809
"1416" 1416 4583 115 1151 64.625 -8.75 194.376339985879
"1417" 1417 4584 115 1151 64.625 -8.25 194.376339985879
"1418" 1418 4591 113 1132 64.875 -9.75 192.595089440809
"1419" 1419 4592 115 1151 64.875 -9.25 192.595089440808
"1420" 1420 4593 113 1132 64.625 -9.75 194.376339985879
"1421" 1421 4594 115 1151 64.625 -9.25 194.376339985879
"1422" 1422 4601 105 1053 64.875 -10.75 192.595089440808
"1423" 1423 4602 113 1132 64.875 -10.25 192.595089440809
"1424" 1424 4603 105 1053 64.625 -10.75 194.376339985879
"1425" 1425 4604 113 1132 64.625 -10.25 194.376339985879
"1426" 1426 4611 105 1053 64.875 -11.75 192.595089440809
"1427" 1427 4612 113 1132 64.875 -11.25 192.595089440808
"1428" 1428 4613 105 1053 64.625 -11.75 194.376339985879
"1429" 1429 4614 105 1053 64.625 -11.25 194.376339985879
"1430" 1430 4621 105 1051 64.875 -12.75 192.595089440809
"1431" 1431 4622 105 1051 64.875 -12.25 192.595089440809
"1432" 1432 4623 105 1051 64.625 -12.75 194.376339985879
"1433" 1433 4624 105 1051 64.625 -12.25 194.376339985879
"1434" 1434 4631 105 1051 64.875 -13.75 192.595089440809
"1435" 1435 4632 105 1051 64.875 -13.25 192.595089440808
"1436" 1436 4633 105 1051 64.625 -13.75 194.376339985879
"1437" 1437 4634 105 1051 64.625 -13.25 194.376339985879
"1438" 1438 4642 105 1051 64.875 -14.25 192.595089440809
"1439" 1439 4644 105 1051 64.625 -14.25 194.376339985879
"1440" 1440 4721 101 1011 64.875 -22.75 192.595089440808
"1441" 1441 4722 101 1011 64.875 -22.25 192.595089440809
"1442" 1442 4723 101 1011 64.625 -22.75 194.376339985878
"1443" 1443 4724 101 1011 64.625 -22.25 194.376339985879
"1444" 1444 4731 101 1013 64.875 -23.75 192.595089440808
"1445" 1445 4732 101 1013 64.875 -23.25 192.59508944081
"1446" 1446 4733 101 1012 64.625 -23.75 194.376339985878
"1447" 1447 4734 101 1011 64.625 -23.25 194.376339985879
"1448" 1448 4741 101 1014 64.875 -24.75 192.595089440809
"1449" 1449 4742 101 1015 64.875 -24.25 192.595089440809
"1450" 1450 4743 101 1015 64.625 -24.75 194.376339985879
"1451" 1451 4744 101 1015 64.625 -24.25 194.376339985878
"1452" 1452 4751 101 1014 64.875 -25.75 192.59508944081
"1453" 1453 4752 101 1014 64.875 -25.25 192.595089440808
"1454" 1454 4753 101 1015 64.625 -25.75 194.376339985879
"1455" 1455 4754 101 1015 64.625 -25.25 194.376339985878
"1456" 1456 4761 101 1015 64.875 -26.75 192.595089440809
"1457" 1457 4762 101 1014 64.875 -26.25 192.595089440808
"1458" 1458 4763 101 1015 64.625 -26.75 194.376339985879
"1459" 1459 4764 101 1015 64.625 -26.25 194.376339985878
"1460" 1460 4771 109 1095 64.875 -27.75 192.595089440809
"1461" 1461 4772 101 1015 64.875 -27.25 192.595089440809
"1462" 1462 4773 109 1095 64.625 -27.75 194.376339985879
"1463" 1463 4774 101 1015 64.625 -27.25 194.376339985879
"1464" 1464 4781 109 1093 64.875 -28.75 192.59508944081
"1465" 1465 4782 109 1093 64.875 -28.25 192.595089440807
"1466" 1466 4783 109 1093 64.625 -28.75 194.376339985879
"1467" 1467 4784 109 1093 64.625 -28.25 194.376339985878
"1468" 1468 4791 109 1094 64.875 -29.75 192.595089440809
"1469" 1469 4792 109 1094 64.875 -29.25 192.595089440806
"1470" 1470 4793 109 1094 64.625 -29.75 194.376339985879
"1471" 1471 4794 109 1093 64.625 -29.25 194.376339985877
"1472" 1472 4801 109 1094 64.875 -30.75 192.595089440809
"1473" 1473 4802 109 1094 64.875 -30.25 192.595089440809
"1474" 1474 4803 109 1094 64.625 -30.75 194.376339985879
"1475" 1475 4804 109 1094 64.625 -30.25 194.376339985879
"1476" 1476 4811 109 1094 64.875 -31.75 192.595089440809
"1477" 1477 4812 109 1094 64.875 -31.25 192.595089440809
"1478" 1478 4813 109 1094 64.625 -31.75 194.376339985879
"1479" 1479 4814 109 1094 64.625 -31.25 194.376339985879
"1480" 1480 4821 109 1094 64.875 -32.75 192.595089440809
"1481" 1481 4822 109 1094 64.875 -32.25 192.595089440809
"1482" 1482 4823 109 1094 64.625 -32.75 194.376339985879
"1483" 1483 4824 109 1094 64.625 -32.25 194.376339985879
"1484" 1484 4831 109 1093 64.875 -33.75 192.595089440811
"1485" 1485 4832 109 1093 64.875 -33.25 192.595089440806
"1486" 1486 4833 109 1093 64.625 -33.75 194.37633998588
"1487" 1487 4834 109 1093 64.625 -33.25 194.376339985877
"1488" 1488 4841 109 1093 64.875 -34.75 192.595089440809
"1489" 1489 4842 109 1093 64.875 -34.25 192.595089440806
"1490" 1490 4843 109 1093 64.625 -34.75 194.376339985878
"1491" 1491 4844 109 1093 64.625 -34.25 194.376339985877
"1492" 1492 4851 110 1101 64.875 -35.75 192.595089440809
"1493" 1493 4852 110 1101 64.875 -35.25 192.595089440809
"1494" 1494 4853 110 1101 64.625 -35.75 194.376339985878
"1495" 1495 4854 110 1101 64.625 -35.25 194.376339985878
"1496" 1496 4861 110 1101 64.875 -36.75 192.595089440809
"1497" 1497 4862 110 1101 64.875 -36.25 192.595089440809
"1498" 1498 4863 110 1101 64.625 -36.75 194.376339985879
"1499" 1499 4864 110 1101 64.625 -36.25 194.376339985879
"1500" 1500 4871 110 1101 64.875 -37.75 192.595089440806
"1501" 1501 4872 110 1101 64.875 -37.25 192.595089440809
"1502" 1502 4873 110 1101 64.625 -37.75 194.376339985877
"1503" 1503 4874 110 1101 64.625 -37.25 194.376339985879
"1504" 1504 4881 110 1101 64.875 -38.75 192.595089440806
"1505" 1505 4882 110 1101 64.875 -38.25 192.595089440811
"1506" 1506 4883 110 1101 64.625 -38.75 194.376339985877
"1507" 1507 4884 110 1101 64.625 -38.25 194.37633998588
"1508" 1508 5001 115 1151 65.375 -0.75 189.020947495984
"1509" 1509 5002 115 1151 65.375 -0.25 189.020947495984
"1510" 1510 5003 115 1151 65.125 -0.75 190.809947028279
"1511" 1511 5004 115 1151 65.125 -0.25 190.809947028279
"1512" 1512 5011 115 1151 65.375 -1.75 189.020947495984
"1513" 1513 5012 115 1151 65.375 -1.25 189.020947495984
"1514" 1514 5013 115 1151 65.125 -1.75 190.809947028279
"1515" 1515 5014 115 1151 65.125 -1.25 190.809947028279
"1516" 1516 5021 115 1151 65.375 -2.75 189.020947495984
"1517" 1517 5022 115 1151 65.375 -2.25 189.020947495984
"1518" 1518 5023 115 1151 65.125 -2.75 190.809947028279
"1519" 1519 5024 115 1151 65.125 -2.25 190.809947028279
"1520" 1520 5031 115 1151 65.375 -3.75 189.020947495984
"1521" 1521 5032 115 1151 65.375 -3.25 189.020947495984
"1522" 1522 5033 115 1151 65.125 -3.75 190.809947028279
"1523" 1523 5034 115 1151 65.125 -3.25 190.809947028279
"1524" 1524 5041 115 1151 65.375 -4.75 189.020947495984
"1525" 1525 5042 115 1151 65.375 -4.25 189.020947495984
"1526" 1526 5043 115 1151 65.125 -4.75 190.809947028279
"1527" 1527 5044 115 1151 65.125 -4.25 190.809947028279
"1528" 1528 5051 115 1151 65.375 -5.75 189.020947495984
"1529" 1529 5052 115 1151 65.375 -5.25 189.020947495984
"1530" 1530 5053 115 1151 65.125 -5.75 190.809947028279
"1531" 1531 5054 115 1151 65.125 -5.25 190.809947028279
"1532" 1532 5061 115 1151 65.375 -6.75 189.020947495984
"1533" 1533 5062 115 1151 65.375 -6.25 189.020947495984
"1534" 1534 5063 115 1151 65.125 -6.75 190.809947028279
"1535" 1535 5064 115 1151 65.125 -6.25 190.809947028279
"1536" 1536 5071 115 1151 65.375 -7.75 189.020947495984
"1537" 1537 5072 115 1151 65.375 -7.25 189.020947495983
"1538" 1538 5073 115 1151 65.125 -7.75 190.809947028279
"1539" 1539 5074 115 1151 65.125 -7.25 190.809947028279
"1540" 1540 5081 113 1132 65.375 -8.75 189.020947495983
"1541" 1541 5082 115 1151 65.375 -8.25 189.020947495984
"1542" 1542 5083 115 1151 65.125 -8.75 190.809947028279
"1543" 1543 5084 115 1151 65.125 -8.25 190.809947028279
"1544" 1544 5091 113 1132 65.375 -9.75 189.020947495984
"1545" 1545 5092 113 1132 65.375 -9.25 189.020947495983
"1546" 1546 5093 113 1132 65.125 -9.75 190.809947028279
"1547" 1547 5094 113 1132 65.125 -9.25 190.809947028279
"1548" 1548 5101 113 1132 65.375 -10.75 189.020947495983
"1549" 1549 5102 113 1132 65.375 -10.25 189.020947495984
"1550" 1550 5103 113 1132 65.125 -10.75 190.809947028279
"1551" 1551 5104 113 1132 65.125 -10.25 190.809947028279
"1552" 1552 5111 105 1053 65.375 -11.75 189.020947495984
"1553" 1553 5112 113 1132 65.375 -11.25 189.020947495983
"1554" 1554 5113 105 1053 65.125 -11.75 190.809947028279
"1555" 1555 5114 113 1132 65.125 -11.25 190.809947028279
"1556" 1556 5121 105 1051 65.375 -12.75 189.020947495984
"1557" 1557 5122 105 1053 65.375 -12.25 189.020947495984
"1558" 1558 5123 105 1051 65.125 -12.75 190.809947028279
"1559" 1559 5124 105 1053 65.125 -12.25 190.809947028279
"1560" 1560 5131 105 1051 65.375 -13.75 189.020947495984
"1561" 1561 5132 105 1051 65.375 -13.25 189.020947495983
"1562" 1562 5133 105 1051 65.125 -13.75 190.809947028279
"1563" 1563 5134 105 1051 65.125 -13.25 190.809947028279
"1564" 1564 5142 105 1051 65.375 -14.25 189.020947495984
"1565" 1565 5143 105 1051 65.125 -14.75 190.809947028278
"1566" 1566 5144 105 1051 65.125 -14.25 190.809947028279
"1567" 1567 5201 102 1021 65.375 -20.75 189.020947495985
"1568" 1568 5211 101 1013 65.375 -21.75 189.020947495984
"1569" 1569 5212 102 1021 65.375 -21.25 189.020947495983
"1570" 1570 5213 101 1013 65.125 -21.75 190.809947028279
"1571" 1571 5214 102 1021 65.125 -21.25 190.809947028278
"1572" 1572 5221 101 1013 65.375 -22.75 189.020947495983
"1573" 1573 5222 101 1013 65.375 -22.25 189.020947495984
"1574" 1574 5223 101 1013 65.125 -22.75 190.809947028278
"1575" 1575 5224 101 1013 65.125 -22.25 190.809947028279
"1576" 1576 5231 101 1013 65.375 -23.75 189.020947495983
"1577" 1577 5232 101 1013 65.375 -23.25 189.020947495985
"1578" 1578 5233 101 1013 65.125 -23.75 190.809947028278
"1579" 1579 5234 101 1013 65.125 -23.25 190.809947028281
"1580" 1580 5241 101 1014 65.375 -24.75 189.020947495984
"1581" 1581 5242 101 1013 65.375 -24.25 189.020947495984
"1582" 1582 5243 101 1014 65.125 -24.75 190.809947028279
"1583" 1583 5244 101 1013 65.125 -24.25 190.809947028279
"1584" 1584 5251 101 1014 65.375 -25.75 189.020947495985
"1585" 1585 5252 101 1014 65.375 -25.25 189.020947495983
"1586" 1586 5253 101 1014 65.125 -25.75 190.809947028281
"1587" 1587 5254 101 1014 65.125 -25.25 190.809947028278
"1588" 1588 5261 101 1014 65.375 -26.75 189.020947495984
"1589" 1589 5262 101 1014 65.375 -26.25 189.020947495983
"1590" 1590 5263 101 1014 65.125 -26.75 190.809947028279
"1591" 1591 5264 101 1014 65.125 -26.25 190.809947028278
"1592" 1592 5271 109 1095 65.375 -27.75 189.020947495984
"1593" 1593 5272 101 1015 65.375 -27.25 189.020947495984
"1594" 1594 5273 109 1095 65.125 -27.75 190.809947028279
"1595" 1595 5274 101 1015 65.125 -27.25 190.809947028279
"1596" 1596 5281 109 1093 65.375 -28.75 189.020947495985
"1597" 1597 5282 109 1095 65.375 -28.25 189.020947495983
"1598" 1598 5283 109 1093 65.125 -28.75 190.809947028281
"1599" 1599 5284 109 1095 65.125 -28.25 190.809947028278
"1600" 1600 5291 109 1093 65.375 -29.75 189.020947495984
"1601" 1601 5292 109 1093 65.375 -29.25 189.020947495982
"1602" 1602 5293 109 1094 65.125 -29.75 190.809947028279
"1603" 1603 5294 109 1094 65.125 -29.25 190.809947028277
"1604" 1604 5301 109 1093 65.375 -30.75 189.020947495984
"1605" 1605 5302 109 1093 65.375 -30.25 189.020947495984
"1606" 1606 5303 109 1094 65.125 -30.75 190.809947028279
"1607" 1607 5304 109 1094 65.125 -30.25 190.809947028279
"1608" 1608 5311 109 1093 65.375 -31.75 189.020947495984
"1609" 1609 5312 109 1093 65.375 -31.25 189.020947495984
"1610" 1610 5313 109 1094 65.125 -31.75 190.809947028279
"1611" 1611 5314 109 1094 65.125 -31.25 190.809947028279
"1612" 1612 5321 109 1093 65.375 -32.75 189.020947495984
"1613" 1613 5322 109 1093 65.375 -32.25 189.020947495984
"1614" 1614 5323 109 1094 65.125 -32.75 190.809947028279
"1615" 1615 5324 109 1094 65.125 -32.25 190.809947028279
"1616" 1616 5331 109 1093 65.375 -33.75 189.020947495987
"1617" 1617 5332 109 1093 65.375 -33.25 189.020947495982
"1618" 1618 5333 109 1093 65.125 -33.75 190.809947028282
"1619" 1619 5334 109 1093 65.125 -33.25 190.809947028277
"1620" 1620 5341 110 1101 65.375 -34.75 189.020947495984
"1621" 1621 5342 110 1101 65.375 -34.25 189.020947495982
"1622" 1622 5343 110 1101 65.125 -34.75 190.809947028279
"1623" 1623 5344 110 1101 65.125 -34.25 190.809947028277
"1624" 1624 5351 110 1101 65.375 -35.75 189.020947495984
"1625" 1625 5352 110 1101 65.375 -35.25 189.020947495984
"1626" 1626 5353 110 1101 65.125 -35.75 190.809947028279
"1627" 1627 5354 110 1101 65.125 -35.25 190.809947028279
"1628" 1628 5361 110 1101 65.375 -36.75 189.020947495984
"1629" 1629 5362 110 1101 65.375 -36.25 189.020947495984
"1630" 1630 5363 110 1101 65.125 -36.75 190.809947028279
"1631" 1631 5364 110 1101 65.125 -36.25 190.809947028279
"1632" 1632 5371 110 1101 65.375 -37.75 189.020947495982
"1633" 1633 5372 110 1101 65.375 -37.25 189.020947495984
"1634" 1634 5373 110 1101 65.125 -37.75 190.809947028277
"1635" 1635 5374 110 1101 65.125 -37.25 190.809947028279
"1636" 1636 5501 115 1151 65.875 -0.75 185.43151662327
"1637" 1637 5502 115 1151 65.875 -0.25 185.43151662327
"1638" 1638 5503 115 1151 65.625 -0.75 187.228125703818
"1639" 1639 5504 115 1151 65.625 -0.25 187.228125703818
"1640" 1640 5511 115 1151 65.875 -1.75 185.43151662327
"1641" 1641 5512 115 1151 65.875 -1.25 185.43151662327
"1642" 1642 5513 115 1151 65.625 -1.75 187.228125703818
"1643" 1643 5514 115 1151 65.625 -1.25 187.228125703817
"1644" 1644 5521 115 1151 65.875 -2.75 185.43151662327
"1645" 1645 5522 115 1151 65.875 -2.25 185.43151662327
"1646" 1646 5523 115 1151 65.625 -2.75 187.228125703817
"1647" 1647 5524 115 1151 65.625 -2.25 187.228125703817
"1648" 1648 5531 115 1151 65.875 -3.75 185.43151662327
"1649" 1649 5532 115 1151 65.875 -3.25 185.43151662327
"1650" 1650 5533 115 1151 65.625 -3.75 187.228125703818
"1651" 1651 5534 115 1151 65.625 -3.25 187.228125703818
"1652" 1652 5541 115 1151 65.875 -4.75 185.43151662327
"1653" 1653 5542 115 1151 65.875 -4.25 185.43151662327
"1654" 1654 5543 115 1151 65.625 -4.75 187.228125703817
"1655" 1655 5544 115 1151 65.625 -4.25 187.228125703817
"1656" 1656 5551 115 1151 65.875 -5.75 185.43151662327
"1657" 1657 5552 115 1151 65.875 -5.25 185.43151662327
"1658" 1658 5553 115 1151 65.625 -5.75 187.228125703818
"1659" 1659 5554 115 1151 65.625 -5.25 187.228125703817
"1660" 1660 5561 115 1151 65.875 -6.75 185.43151662327
"1661" 1661 5562 115 1151 65.875 -6.25 185.43151662327
"1662" 1662 5563 115 1151 65.625 -6.75 187.228125703817
"1663" 1663 5564 115 1151 65.625 -6.25 187.228125703818
"1664" 1664 5571 115 1151 65.875 -7.75 185.43151662327
"1665" 1665 5572 115 1151 65.875 -7.25 185.43151662327
"1666" 1666 5573 115 1151 65.625 -7.75 187.228125703818
"1667" 1667 5574 115 1151 65.625 -7.25 187.228125703817
"1668" 1668 5581 113 1132 65.875 -8.75 185.43151662327
"1669" 1669 5582 115 1151 65.875 -8.25 185.43151662327
"1670" 1670 5583 113 1132 65.625 -8.75 187.228125703817
"1671" 1671 5584 115 1151 65.625 -8.25 187.228125703818
"1672" 1672 5591 113 1132 65.875 -9.75 185.43151662327
"1673" 1673 5592 113 1132 65.875 -9.25 185.43151662327
"1674" 1674 5593 113 1132 65.625 -9.75 187.228125703818
"1675" 1675 5594 113 1132 65.625 -9.25 187.228125703817
"1676" 1676 5601 113 1131 65.875 -10.75 185.43151662327
"1677" 1677 5602 113 1131 65.875 -10.25 185.43151662327
"1678" 1678 5603 113 1132 65.625 -10.75 187.228125703817
"1679" 1679 5604 113 1132 65.625 -10.25 187.228125703818
"1680" 1680 5611 105 1053 65.875 -11.75 185.43151662327
"1681" 1681 5612 113 1132 65.875 -11.25 185.43151662327
"1682" 1682 5613 105 1053 65.625 -11.75 187.228125703818
"1683" 1683 5614 113 1132 65.625 -11.25 187.228125703817
"1684" 1684 5621 105 1053 65.875 -12.75 185.43151662327
"1685" 1685 5622 105 1053 65.875 -12.25 185.43151662327
"1686" 1686 5623 105 1053 65.625 -12.75 187.228125703818
"1687" 1687 5624 105 1053 65.625 -12.25 187.228125703818
"1688" 1688 5631 105 1053 65.875 -13.75 185.43151662327
"1689" 1689 5632 105 1053 65.875 -13.25 185.43151662327
"1690" 1690 5633 105 1051 65.625 -13.75 187.228125703818
"1691" 1691 5634 105 1051 65.625 -13.25 187.228125703817
"1692" 1692 5641 105 1052 65.875 -14.75 185.431516623269
"1693" 1693 5642 105 1052 65.875 -14.25 185.43151662327
"1694" 1694 5643 105 1051 65.625 -14.75 187.228125703817
"1695" 1695 5644 105 1051 65.625 -14.25 187.228125703818
"1696" 1696 5671 103 1031 65.875 -17.75 185.43151662327
"1697" 1697 5672 103 1031 65.875 -17.25 185.431516623269
"1698" 1698 5681 103 1031 65.875 -18.75 185.431516623269
"1699" 1699 5682 103 1031 65.875 -18.25 185.43151662327
"1700" 1700 5684 103 1031 65.625 -18.25 187.228125703818
"1701" 1701 5691 103 1031 65.875 -19.75 185.43151662327
"1702" 1702 5692 103 1031 65.875 -19.25 185.43151662327
"1703" 1703 5693 103 1031 65.625 -19.75 187.228125703818
"1704" 1704 5694 103 1031 65.625 -19.25 187.228125703818
"1705" 1705 5701 103 1031 65.875 -20.75 185.431516623272
"1706" 1706 5702 103 1031 65.875 -20.25 185.431516623269
"1707" 1707 5703 102 1021 65.625 -20.75 187.228125703819
"1708" 1708 5704 103 1031 65.625 -20.25 187.228125703817
"1709" 1709 5711 102 1021 65.875 -21.75 185.43151662327
"1710" 1710 5712 102 1021 65.875 -21.25 185.431516623269
"1711" 1711 5713 102 1021 65.625 -21.75 187.228125703818
"1712" 1712 5714 102 1021 65.625 -21.25 187.228125703817
"1713" 1713 5721 102 1022 65.875 -22.75 185.431516623269
"1714" 1714 5722 102 1022 65.875 -22.25 185.43151662327
"1715" 1715 5723 101 1013 65.625 -22.75 187.228125703817
"1716" 1716 5724 101 1013 65.625 -22.25 187.228125703818
"1717" 1717 5731 102 1022 65.875 -23.75 185.431516623269
"1718" 1718 5732 102 1022 65.875 -23.25 185.431516623272
"1719" 1719 5733 102 1022 65.625 -23.75 187.228125703817
"1720" 1720 5734 102 1022 65.625 -23.25 187.228125703819
"1721" 1721 5741 102 1022 65.875 -24.75 185.43151662327
"1722" 1722 5742 102 1022 65.875 -24.25 185.43151662327
"1723" 1723 5743 102 1022 65.625 -24.75 187.228125703818
"1724" 1724 5744 102 1022 65.625 -24.25 187.228125703818
"1725" 1725 5751 102 1022 65.875 -25.75 185.431516623272
"1726" 1726 5752 102 1022 65.875 -25.25 185.431516623269
"1727" 1727 5753 102 1022 65.625 -25.75 187.228125703819
"1728" 1728 5754 102 1022 65.625 -25.25 187.228125703817
"1729" 1729 5761 102 1023 65.875 -26.75 185.43151662327
"1730" 1730 5762 102 1023 65.875 -26.25 185.431516623269
"1731" 1731 5763 102 1023 65.625 -26.75 187.228125703818
"1732" 1732 5764 102 1022 65.625 -26.25 187.228125703817
"1733" 1733 5771 109 1095 65.875 -27.75 185.43151662327
"1734" 1734 5772 109 1095 65.875 -27.25 185.43151662327
"1735" 1735 5773 109 1095 65.625 -27.75 187.228125703818
"1736" 1736 5774 102 1023 65.625 -27.25 187.228125703818
"1737" 1737 5781 110 1101 65.875 -28.75 185.431516623272
"1738" 1738 5782 109 1095 65.875 -28.25 185.431516623269
"1739" 1739 5783 109 1095 65.625 -28.75 187.228125703819
"1740" 1740 5784 109 1095 65.625 -28.25 187.228125703817
"1741" 1741 5791 110 1101 65.875 -29.75 185.43151662327
"1742" 1742 5792 110 1101 65.875 -29.25 185.431516623268
"1743" 1743 5793 110 1101 65.625 -29.75 187.228125703818
"1744" 1744 5794 109 1095 65.625 -29.25 187.228125703815
"1745" 1745 5801 110 1101 65.875 -30.75 185.43151662327
"1746" 1746 5802 110 1101 65.875 -30.25 185.43151662327
"1747" 1747 5803 110 1101 65.625 -30.75 187.228125703818
"1748" 1748 5804 110 1101 65.625 -30.25 187.228125703818
"1749" 1749 5811 110 1101 65.875 -31.75 185.43151662327
"1750" 1750 5812 110 1101 65.875 -31.25 185.43151662327
"1751" 1751 5813 110 1101 65.625 -31.75 187.228125703818
"1752" 1752 5814 110 1101 65.625 -31.25 187.228125703818
"1753" 1753 5821 110 1101 65.875 -32.75 185.43151662327
"1754" 1754 5822 110 1101 65.875 -32.25 185.43151662327
"1755" 1755 5823 110 1101 65.625 -32.75 187.228125703818
"1756" 1756 5824 110 1101 65.625 -32.25 187.228125703818
"1757" 1757 5831 110 1101 65.875 -33.75 185.431516623273
"1758" 1758 5832 110 1101 65.875 -33.25 185.431516623268
"1759" 1759 5833 110 1101 65.625 -33.75 187.22812570382
"1760" 1760 5834 110 1101 65.625 -33.25 187.228125703815
"1761" 1761 5841 110 1101 65.875 -34.75 185.43151662327
"1762" 1762 5842 110 1101 65.875 -34.25 185.431516623268
"1763" 1763 5843 110 1101 65.625 -34.75 187.228125703818
"1764" 1764 5844 110 1101 65.625 -34.25 187.228125703815
"1765" 1765 5851 110 1101 65.875 -35.75 185.43151662327
"1766" 1766 5852 110 1101 65.875 -35.25 185.43151662327
"1767" 1767 5853 110 1101 65.625 -35.75 187.228125703818
"1768" 1768 5854 110 1101 65.625 -35.25 187.228125703818
"1769" 1769 5861 110 1101 65.875 -36.75 185.43151662327
"1770" 1770 5862 110 1101 65.875 -36.25 185.43151662327
"1771" 1771 5863 110 1101 65.625 -36.75 187.228125703818
"1772" 1772 5864 110 1101 65.625 -36.25 187.228125703818
"1773" 1773 6001 115 1151 66.375 -0.75 181.827077035721
"1774" 1774 6002 115 1151 66.375 -0.25 181.827077035721
"1775" 1775 6003 115 1151 66.125 -0.75 183.631155336531
"1776" 1776 6004 115 1151 66.125 -0.25 183.631155336531
"1777" 1777 6011 115 1151 66.375 -1.75 181.827077035721
"1778" 1778 6012 115 1151 66.375 -1.25 181.827077035721
"1779" 1779 6013 115 1151 66.125 -1.75 183.631155336531
"1780" 1780 6014 115 1151 66.125 -1.25 183.631155336531
"1781" 1781 6021 115 1151 66.375 -2.75 181.827077035721
"1782" 1782 6022 115 1151 66.375 -2.25 181.827077035721
"1783" 1783 6023 115 1151 66.125 -2.75 183.631155336531
"1784" 1784 6024 115 1151 66.125 -2.25 183.631155336531
"1785" 1785 6031 115 1151 66.375 -3.75 181.827077035721
"1786" 1786 6032 115 1151 66.375 -3.25 181.827077035721
"1787" 1787 6033 115 1151 66.125 -3.75 183.631155336531
"1788" 1788 6034 115 1151 66.125 -3.25 183.631155336532
"1789" 1789 6041 115 1151 66.375 -4.75 181.827077035721
"1790" 1790 6042 115 1151 66.375 -4.25 181.827077035721
"1791" 1791 6043 115 1151 66.125 -4.75 183.631155336531
"1792" 1792 6044 115 1151 66.125 -4.25 183.631155336531
"1793" 1793 6051 115 1151 66.375 -5.75 181.827077035721
"1794" 1794 6052 115 1151 66.375 -5.25 181.827077035721
"1795" 1795 6053 115 1151 66.125 -5.75 183.631155336531
"1796" 1796 6054 115 1151 66.125 -5.25 183.631155336531
"1797" 1797 6061 115 1151 66.375 -6.75 181.827077035721
"1798" 1798 6062 115 1151 66.375 -6.25 181.827077035722
"1799" 1799 6063 115 1151 66.125 -6.75 183.631155336531
"1800" 1800 6064 115 1151 66.125 -6.25 183.631155336532
"1801" 1801 6071 115 1151 66.375 -7.75 181.827077035722
"1802" 1802 6072 115 1151 66.375 -7.25 181.827077035721
"1803" 1803 6073 115 1151 66.125 -7.75 183.631155336532
"1804" 1804 6074 115 1151 66.125 -7.25 183.631155336531
"1805" 1805 6081 113 1131 66.375 -8.75 181.827077035721
"1806" 1806 6082 113 1131 66.375 -8.25 181.827077035722
"1807" 1807 6083 113 1131 66.125 -8.75 183.631155336531
"1808" 1808 6084 113 1131 66.125 -8.25 183.631155336532
"1809" 1809 6091 113 1131 66.375 -9.75 181.827077035722
"1810" 1810 6092 113 1131 66.375 -9.25 181.827077035721
"1811" 1811 6093 113 1131 66.125 -9.75 183.631155336532
"1812" 1812 6094 113 1132 66.125 -9.25 183.631155336531
"1813" 1813 6101 113 1131 66.375 -10.75 181.827077035721
"1814" 1814 6102 113 1131 66.375 -10.25 181.827077035722
"1815" 1815 6103 113 1131 66.125 -10.75 183.631155336531
"1816" 1816 6104 113 1131 66.125 -10.25 183.631155336532
"1817" 1817 6111 113 1131 66.375 -11.75 181.827077035722
"1818" 1818 6112 113 1131 66.375 -11.25 181.827077035721
"1819" 1819 6113 105 1053 66.125 -11.75 183.631155336532
"1820" 1820 6114 113 1131 66.125 -11.25 183.631155336531
"1821" 1821 6121 105 1052 66.375 -12.75 181.827077035722
"1822" 1822 6122 113 1131 66.375 -12.25 181.827077035722
"1823" 1823 6123 105 1052 66.125 -12.75 183.631155336532
"1824" 1824 6124 105 1053 66.125 -12.25 183.631155336532
"1825" 1825 6131 105 1052 66.375 -13.75 181.827077035722
"1826" 1826 6132 105 1052 66.375 -13.25 181.827077035721
"1827" 1827 6133 105 1052 66.125 -13.75 183.631155336532
"1828" 1828 6134 105 1052 66.125 -13.25 183.631155336531
"1829" 1829 6141 105 1052 66.375 -14.75 181.82707703572
"1830" 1830 6142 105 1052 66.375 -14.25 181.827077035722
"1831" 1831 6143 105 1052 66.125 -14.75 183.63115533653
"1832" 1832 6144 105 1052 66.125 -14.25 183.631155336532
"1833" 1833 6151 104 1041 66.375 -15.75 181.827077035722
"1834" 1834 6152 104 1041 66.375 -15.25 181.827077035722
"1835" 1835 6153 104 1041 66.125 -15.75 183.631155336532
"1836" 1836 6154 104 1041 66.125 -15.25 183.631155336532
"1837" 1837 6161 104 1041 66.375 -16.75 181.827077035722
"1838" 1838 6162 104 1041 66.375 -16.25 181.827077035722
"1839" 1839 6163 104 1041 66.125 -16.75 183.631155336532
"1840" 1840 6164 104 1041 66.125 -16.25 183.631155336532
"1841" 1841 6171 103 1031 66.375 -17.75 181.827077035722
"1842" 1842 6172 103 1031 66.375 -17.25 181.82707703572
"1843" 1843 6173 103 1031 66.125 -17.75 183.631155336532
"1844" 1844 6174 103 1031 66.125 -17.25 183.63115533653
"1845" 1845 6181 103 1032 66.375 -18.75 181.82707703572
"1846" 1846 6182 103 1031 66.375 -18.25 181.827077035722
"1847" 1847 6183 103 1031 66.125 -18.75 183.63115533653
"1848" 1848 6184 103 1031 66.125 -18.25 183.631155336532
"1849" 1849 6191 103 1031 66.375 -19.75 181.827077035722
"1850" 1850 6192 103 1032 66.375 -19.25 181.827077035722
"1851" 1851 6193 103 1031 66.125 -19.75 183.631155336532
"1852" 1852 6194 103 1031 66.125 -19.25 183.631155336532
"1853" 1853 6201 103 1031 66.375 -20.75 181.827077035723
"1854" 1854 6202 103 1031 66.375 -20.25 181.82707703572
"1855" 1855 6203 103 1031 66.125 -20.75 183.631155336533
"1856" 1856 6204 103 1031 66.125 -20.25 183.63115533653
"1857" 1857 6211 102 1021 66.375 -21.75 181.827077035722
"1858" 1858 6212 102 1021 66.375 -21.25 181.82707703572
"1859" 1859 6213 102 1021 66.125 -21.75 183.631155336532
"1860" 1860 6214 102 1021 66.125 -21.25 183.63115533653
"1861" 1861 6221 102 1022 66.375 -22.75 181.82707703572
"1862" 1862 6222 102 1021 66.375 -22.25 181.827077035722
"1863" 1863 6223 102 1022 66.125 -22.75 183.63115533653
"1864" 1864 6224 102 1022 66.125 -22.25 183.631155336532
"1865" 1865 6231 102 1022 66.375 -23.75 181.82707703572
"1866" 1866 6232 102 1022 66.375 -23.25 181.827077035723
"1867" 1867 6233 102 1022 66.125 -23.75 183.63115533653
"1868" 1868 6234 102 1022 66.125 -23.25 183.631155336533
"1869" 1869 6241 102 1022 66.375 -24.75 181.827077035722
"1870" 1870 6242 102 1022 66.375 -24.25 181.827077035722
"1871" 1871 6243 102 1022 66.125 -24.75 183.631155336532
"1872" 1872 6244 102 1022 66.125 -24.25 183.631155336532
"1873" 1873 6251 102 1023 66.375 -25.75 181.827077035723
"1874" 1874 6252 102 1023 66.375 -25.25 181.82707703572
"1875" 1875 6253 102 1023 66.125 -25.75 183.631155336533
"1876" 1876 6254 102 1022 66.125 -25.25 183.63115533653
"1877" 1877 6261 109 1095 66.375 -26.75 181.827077035722
"1878" 1878 6262 109 1095 66.375 -26.25 181.82707703572
"1879" 1879 6263 109 1095 66.125 -26.75 183.631155336532
"1880" 1880 6264 102 1023 66.125 -26.25 183.63115533653
"1881" 1881 6271 110 1101 66.375 -27.75 181.827077035722
"1882" 1882 6272 110 1101 66.375 -27.25 181.827077035722
"1883" 1883 6273 110 1101 66.125 -27.75 183.631155336532
"1884" 1884 6274 109 1095 66.125 -27.25 183.631155336532
"1885" 1885 6281 110 1101 66.375 -28.75 181.827077035723
"1886" 1886 6282 110 1101 66.375 -28.25 181.82707703572
"1887" 1887 6283 110 1101 66.125 -28.75 183.631155336533
"1888" 1888 6284 110 1101 66.125 -28.25 183.63115533653
"1889" 1889 6291 110 1101 66.375 -29.75 181.827077035722
"1890" 1890 6292 110 1101 66.375 -29.25 181.827077035719
"1891" 1891 6293 110 1101 66.125 -29.75 183.631155336532
"1892" 1892 6294 110 1101 66.125 -29.25 183.631155336529
"1893" 1893 6301 110 1101 66.375 -30.75 181.827077035722
"1894" 1894 6302 110 1101 66.375 -30.25 181.827077035722
"1895" 1895 6303 110 1101 66.125 -30.75 183.631155336532
"1896" 1896 6304 110 1101 66.125 -30.25 183.631155336532
"1897" 1897 6311 110 1101 66.375 -31.75 181.827077035722
"1898" 1898 6312 110 1101 66.375 -31.25 181.827077035722
"1899" 1899 6313 110 1101 66.125 -31.75 183.631155336532
"1900" 1900 6314 110 1101 66.125 -31.25 183.631155336532
"1901" 1901 6321 110 1101 66.375 -32.75 181.827077035722
"1902" 1902 6322 110 1101 66.375 -32.25 181.827077035722
"1903" 1903 6323 110 1101 66.125 -32.75 183.631155336532
"1904" 1904 6324 110 1101 66.125 -32.25 183.631155336532
"1905" 1905 6331 110 1101 66.375 -33.75 181.827077035724
"1906" 1906 6332 110 1101 66.375 -33.25 181.827077035719
"1907" 1907 6333 110 1101 66.125 -33.75 183.631155336534
"1908" 1908 6334 110 1101 66.125 -33.25 183.631155336529
"1909" 1909 6341 110 1101 66.375 -34.75 181.827077035722
"1910" 1910 6342 110 1101 66.375 -34.25 181.827077035719
"1911" 1911 6343 110 1101 66.125 -34.75 183.631155336532
"1912" 1912 6344 110 1101 66.125 -34.25 183.631155336529
"1913" 1913 6351 110 1101 66.375 -35.75 181.827077035722
"1914" 1914 6352 110 1101 66.375 -35.25 181.827077035722
"1915" 1915 6353 110 1101 66.125 -35.75 183.631155336532
"1916" 1916 6354 110 1101 66.125 -35.25 183.631155336532
"1917" 1917 6501 115 1151 66.875 -0.75 178.207910704906
"1918" 1918 6502 115 1151 66.875 -0.25 178.207910704906
"1919" 1919 6503 115 1151 66.625 -0.75 180.019317022026
"1920" 1920 6504 115 1151 66.625 -0.25 180.019317022026
"1921" 1921 6511 115 1151 66.875 -1.75 178.207910704906
"1922" 1922 6512 115 1151 66.875 -1.25 178.207910704906
"1923" 1923 6513 115 1151 66.625 -1.75 180.019317022026
"1924" 1924 6514 115 1151 66.625 -1.25 180.019317022026
"1925" 1925 6521 115 1151 66.875 -2.75 178.207910704906
"1926" 1926 6522 115 1151 66.875 -2.25 178.207910704906
"1927" 1927 6523 115 1151 66.625 -2.75 180.019317022026
"1928" 1928 6524 115 1151 66.625 -2.25 180.019317022026
"1929" 1929 6531 115 1151 66.875 -3.75 178.207910704906
"1930" 1930 6532 115 1151 66.875 -3.25 178.207910704906
"1931" 1931 6533 115 1151 66.625 -3.75 180.019317022026
"1932" 1932 6534 115 1151 66.625 -3.25 180.019317022026
"1933" 1933 6541 115 1151 66.875 -4.75 178.207910704906
"1934" 1934 6542 115 1151 66.875 -4.25 178.207910704906
"1935" 1935 6543 115 1151 66.625 -4.75 180.019317022026
"1936" 1936 6544 115 1151 66.625 -4.25 180.019317022026
"1937" 1937 6551 115 1151 66.875 -5.75 178.207910704906
"1938" 1938 6552 115 1151 66.875 -5.25 178.207910704906
"1939" 1939 6553 115 1151 66.625 -5.75 180.019317022026
"1940" 1940 6554 115 1151 66.625 -5.25 180.019317022026
"1941" 1941 6561 115 1151 66.875 -6.75 178.207910704906
"1942" 1942 6562 115 1151 66.875 -6.25 178.207910704906
"1943" 1943 6563 115 1151 66.625 -6.75 180.019317022026
"1944" 1944 6564 115 1151 66.625 -6.25 180.019317022026
"1945" 1945 6571 115 1151 66.875 -7.75 178.207910704906
"1946" 1946 6572 115 1151 66.875 -7.25 178.207910704905
"1947" 1947 6573 115 1151 66.625 -7.75 180.019317022026
"1948" 1948 6574 115 1151 66.625 -7.25 180.019317022026
"1949" 1949 6581 113 1133 66.875 -8.75 178.207910704905
"1950" 1950 6582 113 1133 66.875 -8.25 178.207910704906
"1951" 1951 6583 113 1133 66.625 -8.75 180.019317022026
"1952" 1952 6584 113 1133 66.625 -8.25 180.019317022026
"1953" 1953 6591 113 1133 66.875 -9.75 178.207910704906
"1954" 1954 6592 113 1133 66.875 -9.25 178.207910704905
"1955" 1955 6593 113 1131 66.625 -9.75 180.019317022026
"1956" 1956 6594 113 1133 66.625 -9.25 180.019317022026
"1957" 1957 6601 113 1131 66.875 -10.75 178.207910704905
"1958" 1958 6602 113 1131 66.875 -10.25 178.207910704906
"1959" 1959 6603 113 1131 66.625 -10.75 180.019317022026
"1960" 1960 6604 113 1131 66.625 -10.25 180.019317022026
"1961" 1961 6611 113 1131 66.875 -11.75 178.207910704906
"1962" 1962 6612 113 1131 66.875 -11.25 178.207910704905
"1963" 1963 6613 113 1131 66.625 -11.75 180.019317022026
"1964" 1964 6614 113 1131 66.625 -11.25 180.019317022026
"1965" 1965 6621 113 1131 66.875 -12.75 178.207910704906
"1966" 1966 6622 113 1131 66.875 -12.25 178.207910704906
"1967" 1967 6623 104 1042 66.625 -12.75 180.019317022026
"1968" 1968 6624 113 1131 66.625 -12.25 180.019317022026
"1969" 1969 6631 104 1042 66.875 -13.75 178.207910704906
"1970" 1970 6632 104 1042 66.875 -13.25 178.207910704905
"1971" 1971 6633 104 1041 66.625 -13.75 180.019317022026
"1972" 1972 6634 104 1042 66.625 -13.25 180.019317022026
"1973" 1973 6641 104 1041 66.875 -14.75 178.207910704905
"1974" 1974 6642 104 1042 66.875 -14.25 178.207910704906
"1975" 1975 6643 104 1041 66.625 -14.75 180.019317022025
"1976" 1976 6644 104 1041 66.625 -14.25 180.019317022026
"1977" 1977 6651 104 1042 66.875 -15.75 178.207910704906
"1978" 1978 6652 104 1041 66.875 -15.25 178.207910704906
"1979" 1979 6653 104 1041 66.625 -15.75 180.019317022026
"1980" 1980 6654 104 1041 66.625 -15.25 180.019317022026
"1981" 1981 6661 104 1041 66.875 -16.75 178.207910704906
"1982" 1982 6662 104 1042 66.875 -16.25 178.207910704906
"1983" 1983 6663 104 1041 66.625 -16.75 180.019317022026
"1984" 1984 6664 104 1041 66.625 -16.25 180.019317022026
"1985" 1985 6671 103 1032 66.875 -17.75 178.207910704906
"1986" 1986 6672 103 1032 66.875 -17.25 178.207910704905
"1987" 1987 6673 103 1032 66.625 -17.75 180.019317022026
"1988" 1988 6674 103 1032 66.625 -17.25 180.019317022025
"1989" 1989 6681 103 1032 66.875 -18.75 178.207910704905
"1990" 1990 6682 103 1032 66.875 -18.25 178.207910704906
"1991" 1991 6683 103 1032 66.625 -18.75 180.019317022025
"1992" 1992 6684 103 1032 66.625 -18.25 180.019317022026
"1993" 1993 6691 103 1032 66.875 -19.75 178.207910704906
"1994" 1994 6692 103 1032 66.875 -19.25 178.207910704906
"1995" 1995 6693 103 1032 66.625 -19.75 180.019317022026
"1996" 1996 6694 103 1032 66.625 -19.25 180.019317022026
"1997" 1997 6701 103 1032 66.875 -20.75 178.207910704907
"1998" 1998 6702 103 1032 66.875 -20.25 178.207910704905
"1999" 1999 6703 103 1032 66.625 -20.75 180.019317022028
"2000" 2000 6704 103 1032 66.625 -20.25 180.019317022025
"2001" 2001 6711 102 1021 66.875 -21.75 178.207910704906
"2002" 2002 6712 102 1021 66.875 -21.25 178.207910704905
"2003" 2003 6713 102 1021 66.625 -21.75 180.019317022026
"2004" 2004 6714 102 1021 66.625 -21.25 180.019317022025
"2005" 2005 6721 102 1021 66.875 -22.75 178.207910704905
"2006" 2006 6722 102 1021 66.875 -22.25 178.207910704906
"2007" 2007 6723 102 1021 66.625 -22.75 180.019317022025
"2008" 2008 6724 102 1021 66.625 -22.25 180.019317022026
"2009" 2009 6731 102 1022 66.875 -23.75 178.207910704905
"2010" 2010 6732 103 1032 66.875 -23.25 178.207910704907
"2011" 2011 6733 102 1022 66.625 -23.75 180.019317022025
"2012" 2012 6734 102 1022 66.625 -23.25 180.019317022028
"2013" 2013 6741 102 1023 66.875 -24.75 178.207910704906
"2014" 2014 6742 102 1022 66.875 -24.25 178.207910704906
"2015" 2015 6743 102 1023 66.625 -24.75 180.019317022026
"2016" 2016 6744 102 1022 66.625 -24.25 180.019317022026
"2017" 2017 6751 109 1095 66.875 -25.75 178.207910704907
"2018" 2018 6752 109 1095 66.875 -25.25 178.207910704905
"2019" 2019 6753 109 1095 66.625 -25.75 180.019317022028
"2020" 2020 6754 102 1023 66.625 -25.25 180.019317022025
"2021" 2021 6761 109 1095 66.875 -26.75 178.207910704906
"2022" 2022 6762 109 1095 66.875 -26.25 178.207910704905
"2023" 2023 6763 109 1095 66.625 -26.75 180.019317022026
"2024" 2024 6764 109 1095 66.625 -26.25 180.019317022025
"2025" 2025 6771 110 1101 66.875 -27.75 178.207910704906
"2026" 2026 6772 110 1101 66.875 -27.25 178.207910704906
"2027" 2027 6773 110 1101 66.625 -27.75 180.019317022026
"2028" 2028 6774 110 1101 66.625 -27.25 180.019317022026
"2029" 2029 6781 110 1101 66.875 -28.75 178.207910704907
"2030" 2030 6782 110 1101 66.875 -28.25 178.207910704905
"2031" 2031 6783 110 1101 66.625 -28.75 180.019317022028
"2032" 2032 6784 110 1101 66.625 -28.25 180.019317022025
"2033" 2033 6791 110 1101 66.875 -29.75 178.207910704906
"2034" 2034 6792 110 1101 66.875 -29.25 178.207910704904
"2035" 2035 6793 110 1101 66.625 -29.75 180.019317022026
"2036" 2036 6794 110 1101 66.625 -29.25 180.019317022024
"2037" 2037 6801 110 1101 66.875 -30.75 178.207910704906
"2038" 2038 6802 110 1101 66.875 -30.25 178.207910704906
"2039" 2039 6803 110 1101 66.625 -30.75 180.019317022026
"2040" 2040 6804 110 1101 66.625 -30.25 180.019317022026
"2041" 2041 6811 110 1101 66.875 -31.75 178.207910704906
"2042" 2042 6812 110 1101 66.875 -31.25 178.207910704906
"2043" 2043 6813 110 1101 66.625 -31.75 180.019317022026
"2044" 2044 6814 110 1101 66.625 -31.25 180.019317022026
"2045" 2045 6821 110 1101 66.875 -32.75 178.207910704906
"2046" 2046 6822 110 1101 66.875 -32.25 178.207910704906
"2047" 2047 6823 110 1101 66.625 -32.75 180.019317022026
"2048" 2048 6824 110 1101 66.625 -32.25 180.019317022026
"2049" 2049 6831 110 1101 66.875 -33.75 178.207910704908
"2050" 2050 6832 110 1101 66.875 -33.25 178.207910704904
"2051" 2051 6833 110 1101 66.625 -33.75 180.019317022029
"2052" 2052 6834 110 1101 66.625 -33.25 180.019317022024
"2053" 2053 7001 115 1151 67.375 -0.75 174.574301334491
"2054" 2054 7002 115 1151 67.375 -0.25 174.574301334491
"2055" 2055 7003 115 1151 67.125 -0.75 176.392893601251
"2056" 2056 7004 115 1151 67.125 -0.25 176.392893601251
"2057" 2057 7011 115 1151 67.375 -1.75 174.574301334491
"2058" 2058 7012 115 1151 67.375 -1.25 174.574301334491
"2059" 2059 7013 115 1151 67.125 -1.75 176.392893601251
"2060" 2060 7014 115 1151 67.125 -1.25 176.392893601251
"2061" 2061 7021 115 1151 67.375 -2.75 174.574301334491
"2062" 2062 7022 115 1151 67.375 -2.25 174.574301334491
"2063" 2063 7023 115 1151 67.125 -2.75 176.392893601251
"2064" 2064 7024 115 1151 67.125 -2.25 176.392893601251
"2065" 2065 7031 115 1151 67.375 -3.75 174.574301334491
"2066" 2066 7032 115 1151 67.375 -3.25 174.574301334491
"2067" 2067 7033 115 1151 67.125 -3.75 176.392893601251
"2068" 2068 7034 115 1151 67.125 -3.25 176.392893601251
"2069" 2069 7041 115 1151 67.375 -4.75 174.574301334491
"2070" 2070 7042 115 1151 67.375 -4.25 174.574301334491
"2071" 2071 7043 115 1151 67.125 -4.75 176.392893601251
"2072" 2072 7044 115 1151 67.125 -4.25 176.392893601251
"2073" 2073 7051 115 1151 67.375 -5.75 174.574301334491
"2074" 2074 7052 115 1151 67.375 -5.25 174.574301334491
"2075" 2075 7053 115 1151 67.125 -5.75 176.392893601251
"2076" 2076 7054 115 1151 67.125 -5.25 176.392893601251
"2077" 2077 7061 115 1151 67.375 -6.75 174.574301334491
"2078" 2078 7062 115 1151 67.375 -6.25 174.574301334491
"2079" 2079 7063 115 1151 67.125 -6.75 176.392893601251
"2080" 2080 7064 115 1151 67.125 -6.25 176.392893601251
"2081" 2081 7071 115 1151 67.375 -7.75 174.574301334491
"2082" 2082 7072 115 1151 67.375 -7.25 174.57430133449
"2083" 2083 7073 115 1151 67.125 -7.75 176.392893601251
"2084" 2084 7074 115 1151 67.125 -7.25 176.39289360125
"2085" 2085 7081 113 1133 67.375 -8.75 174.57430133449
"2086" 2086 7082 113 1133 67.375 -8.25 174.574301334491
"2087" 2087 7083 113 1133 67.125 -8.75 176.39289360125
"2088" 2088 7084 113 1133 67.125 -8.25 176.392893601251
"2089" 2089 7091 113 1133 67.375 -9.75 174.574301334491
"2090" 2090 7092 113 1133 67.375 -9.25 174.57430133449
"2091" 2091 7093 113 1131 67.125 -9.75 176.392893601251
"2092" 2092 7094 113 1131 67.125 -9.25 176.39289360125
"2093" 2093 7101 113 1133 67.375 -10.75 174.57430133449
"2094" 2094 7102 113 1133 67.375 -10.25 174.574301334491
"2095" 2095 7103 113 1133 67.125 -10.75 176.39289360125
"2096" 2096 7104 113 1131 67.125 -10.25 176.392893601251
"2097" 2097 7111 113 1133 67.375 -11.75 174.574301334491
"2098" 2098 7112 113 1133 67.375 -11.25 174.57430133449
"2099" 2099 7113 113 1133 67.125 -11.75 176.392893601251
"2100" 2100 7114 113 1133 67.125 -11.25 176.39289360125
"2101" 2101 7121 113 1133 67.375 -12.75 174.574301334491
"2102" 2102 7122 113 1133 67.375 -12.25 174.574301334491
"2103" 2103 7123 113 1133 67.125 -12.75 176.392893601251
"2104" 2104 7124 113 1133 67.125 -12.25 176.392893601251
"2105" 2105 7131 113 1133 67.375 -13.75 174.574301334491
"2106" 2106 7132 113 1133 67.375 -13.25 174.57430133449
"2107" 2107 7133 113 1133 67.125 -13.75 176.392893601251
"2108" 2108 7134 113 1133 67.125 -13.25 176.39289360125
"2109" 2109 7141 111 1112 67.375 -14.75 174.57430133449
"2110" 2110 7142 111 1112 67.375 -14.25 174.574301334491
"2111" 2111 7143 104 1042 67.125 -14.75 176.39289360125
"2112" 2112 7144 104 1042 67.125 -14.25 176.392893601251
"2113" 2113 7151 111 1112 67.375 -15.75 174.574301334491
"2114" 2114 7152 111 1112 67.375 -15.25 174.574301334491
"2115" 2115 7153 104 1042 67.125 -15.75 176.392893601251
"2116" 2116 7154 104 1042 67.125 -15.25 176.392893601251
"2117" 2117 7161 111 1112 67.375 -16.75 174.574301334491
"2118" 2118 7162 111 1112 67.375 -16.25 174.574301334491
"2119" 2119 7163 104 1042 67.125 -16.75 176.392893601251
"2120" 2120 7164 104 1042 67.125 -16.25 176.392893601251
"2121" 2121 7171 111 1111 67.375 -17.75 174.574301334491
"2122" 2122 7172 111 1111 67.375 -17.25 174.57430133449
"2123" 2123 7173 103 1032 67.125 -17.75 176.392893601251
"2124" 2124 7174 103 1032 67.125 -17.25 176.39289360125
"2125" 2125 7181 103 1032 67.375 -18.75 174.57430133449
"2126" 2126 7182 111 1111 67.375 -18.25 174.574301334491
"2127" 2127 7183 103 1032 67.125 -18.75 176.39289360125
"2128" 2128 7184 103 1032 67.125 -18.25 176.392893601251
"2129" 2129 7191 103 1032 67.375 -19.75 174.574301334491
"2130" 2130 7192 103 1032 67.375 -19.25 174.574301334491
"2131" 2131 7193 103 1032 67.125 -19.75 176.392893601251
"2132" 2132 7194 103 1032 67.125 -19.25 176.392893601251
"2133" 2133 7201 103 1032 67.375 -20.75 174.574301334492
"2134" 2134 7202 103 1032 67.375 -20.25 174.57430133449
"2135" 2135 7203 103 1032 67.125 -20.75 176.392893601252
"2136" 2136 7204 103 1032 67.125 -20.25 176.39289360125
"2137" 2137 7211 103 1032 67.375 -21.75 174.574301334491
"2138" 2138 7212 103 1032 67.375 -21.25 174.57430133449
"2139" 2139 7213 103 1032 67.125 -21.75 176.392893601251
"2140" 2140 7214 103 1032 67.125 -21.25 176.39289360125
"2141" 2141 7221 103 1032 67.375 -22.75 174.57430133449
"2142" 2142 7222 103 1032 67.375 -22.25 174.574301334491
"2143" 2143 7223 103 1032 67.125 -22.75 176.39289360125
"2144" 2144 7224 103 1032 67.125 -22.25 176.392893601251
"2145" 2145 7231 111 1111 67.375 -23.75 174.57430133449
"2146" 2146 7232 103 1032 67.375 -23.25 174.574301334492
"2147" 2147 7233 103 1032 67.125 -23.75 176.39289360125
"2148" 2148 7234 103 1032 67.125 -23.25 176.392893601252
"2149" 2149 7241 112 1121 67.375 -24.75 174.574301334491
"2150" 2150 7242 111 1111 67.375 -24.25 174.574301334491
"2151" 2151 7243 109 1095 67.125 -24.75 176.392893601251
"2152" 2152 7244 103 1032 67.125 -24.25 176.392893601251
"2153" 2153 7251 109 1095 67.375 -25.75 174.574301334492
"2154" 2154 7252 109 1095 67.375 -25.25 174.57430133449
"2155" 2155 7253 109 1095 67.125 -25.75 176.392893601252
"2156" 2156 7254 109 1095 67.125 -25.25 176.39289360125
"2157" 2157 7261 110 1101 67.375 -26.75 174.574301334491
"2158" 2158 7262 109 1095 67.375 -26.25 174.57430133449
"2159" 2159 7263 110 1101 67.125 -26.75 176.392893601251
"2160" 2160 7264 109 1095 67.125 -26.25 176.39289360125
"2161" 2161 7271 110 1101 67.375 -27.75 174.574301334491
"2162" 2162 7272 110 1101 67.375 -27.25 174.574301334491
"2163" 2163 7273 110 1101 67.125 -27.75 176.392893601251
"2164" 2164 7274 110 1101 67.125 -27.25 176.392893601251
"2165" 2165 7281 110 1101 67.375 -28.75 174.574301334492
"2166" 2166 7282 110 1101 67.375 -28.25 174.57430133449
"2167" 2167 7283 110 1101 67.125 -28.75 176.392893601252
"2168" 2168 7284 110 1101 67.125 -28.25 176.39289360125
"2169" 2169 7291 110 1101 67.375 -29.75 174.574301334491
"2170" 2170 7292 110 1101 67.375 -29.25 174.574301334489
"2171" 2171 7293 110 1101 67.125 -29.75 176.392893601251
"2172" 2172 7294 110 1101 67.125 -29.25 176.392893601249
"2173" 2173 7301 110 1101 67.375 -30.75 174.574301334491
"2174" 2174 7302 110 1101 67.375 -30.25 174.574301334491
"2175" 2175 7303 110 1101 67.125 -30.75 176.392893601251
"2176" 2176 7304 110 1101 67.125 -30.25 176.392893601251
"2177" 2177 7311 110 1101 67.375 -31.75 174.574301334491
"2178" 2178 7312 110 1101 67.375 -31.25 174.574301334491
"2179" 2179 7313 110 1101 67.125 -31.75 176.392893601251
"2180" 2180 7314 110 1101 67.125 -31.25 176.392893601251
"2181" 2181 7321 110 1101 67.375 -32.75 174.574301334491
"2182" 2182 7322 110 1101 67.375 -32.25 174.574301334491
"2183" 2183 7323 110 1101 67.125 -32.75 176.392893601251
"2184" 2184 7324 110 1101 67.125 -32.25 176.392893601251
"2185" 2185 7331 110 1101 67.375 -33.75 174.574301334493
"2186" 2186 7332 110 1101 67.375 -33.25 174.574301334489
"2187" 2187 7333 110 1101 67.125 -33.75 176.392893601253
"2188" 2188 7334 110 1101 67.125 -33.25 176.392893601249
"2189" 2189 7501 115 1151 67.875 -0.75 170.926534333284
"2190" 2190 7502 115 1151 67.875 -0.25 170.926534333284
"2191" 2191 7503 115 1151 67.625 -0.75 172.75216963383
"2192" 2192 7504 115 1151 67.625 -0.25 172.75216963383
"2193" 2193 7511 115 1151 67.875 -1.75 170.926534333284
"2194" 2194 7512 115 1151 67.875 -1.25 170.926534333284
"2195" 2195 7513 115 1151 67.625 -1.75 172.75216963383
"2196" 2196 7514 115 1151 67.625 -1.25 172.752169633829
"2197" 2197 7521 115 1151 67.875 -2.75 170.926534333284
"2198" 2198 7522 115 1151 67.875 -2.25 170.926534333284
"2199" 2199 7523 115 1151 67.625 -2.75 172.752169633829
"2200" 2200 7524 115 1151 67.625 -2.25 172.752169633829
"2201" 2201 7531 115 1151 67.875 -3.75 170.926534333284
"2202" 2202 7532 115 1151 67.875 -3.25 170.926534333284
"2203" 2203 7533 115 1151 67.625 -3.75 172.752169633829
"2204" 2204 7534 115 1151 67.625 -3.25 172.75216963383
"2205" 2205 7541 115 1151 67.875 -4.75 170.926534333284
"2206" 2206 7542 115 1151 67.875 -4.25 170.926534333284
"2207" 2207 7543 115 1151 67.625 -4.75 172.752169633829
"2208" 2208 7544 115 1151 67.625 -4.25 172.752169633829
"2209" 2209 7551 115 1151 67.875 -5.75 170.926534333284
"2210" 2210 7552 115 1151 67.875 -5.25 170.926534333284
"2211" 2211 7553 115 1151 67.625 -5.75 172.752169633829
"2212" 2212 7554 115 1151 67.625 -5.25 172.752169633829
"2213" 2213 7561 115 1151 67.875 -6.75 170.926534333284
"2214" 2214 7562 115 1151 67.875 -6.25 170.926534333284
"2215" 2215 7563 115 1151 67.625 -6.75 172.752169633829
"2216" 2216 7564 115 1151 67.625 -6.25 172.75216963383
"2217" 2217 7571 115 1151 67.875 -7.75 170.926534333284
"2218" 2218 7572 115 1151 67.875 -7.25 170.926534333284
"2219" 2219 7573 115 1151 67.625 -7.75 172.75216963383
"2220" 2220 7574 115 1151 67.625 -7.25 172.752169633829
"2221" 2221 7581 115 1151 67.875 -8.75 170.926534333284
"2222" 2222 7582 115 1151 67.875 -8.25 170.926534333284
"2223" 2223 7583 113 1133 67.625 -8.75 172.752169633829
"2224" 2224 7584 113 1133 67.625 -8.25 172.75216963383
"2225" 2225 7591 113 1133 67.875 -9.75 170.926534333284
"2226" 2226 7592 115 1151 67.875 -9.25 170.926534333284
"2227" 2227 7593 113 1133 67.625 -9.75 172.75216963383
"2228" 2228 7594 113 1133 67.625 -9.25 172.752169633829
"2229" 2229 7601 113 1133 67.875 -10.75 170.926534333284
"2230" 2230 7602 113 1133 67.875 -10.25 170.926534333284
"2231" 2231 7603 113 1133 67.625 -10.75 172.752169633829
"2232" 2232 7604 113 1133 67.625 -10.25 172.75216963383
"2233" 2233 7611 113 1133 67.875 -11.75 170.926534333284
"2234" 2234 7612 113 1133 67.875 -11.25 170.926534333284
"2235" 2235 7613 113 1133 67.625 -11.75 172.75216963383
"2236" 2236 7614 113 1133 67.625 -11.25 172.752169633829
"2237" 2237 7621 113 1133 67.875 -12.75 170.926534333284
"2238" 2238 7622 113 1133 67.875 -12.25 170.926534333284
"2239" 2239 7623 113 1133 67.625 -12.75 172.75216963383
"2240" 2240 7624 113 1133 67.625 -12.25 172.75216963383
"2241" 2241 7631 113 1133 67.875 -13.75 170.926534333284
"2242" 2242 7632 113 1133 67.875 -13.25 170.926534333284
"2243" 2243 7633 113 1133 67.625 -13.75 172.75216963383
"2244" 2244 7634 113 1133 67.625 -13.25 172.752169633829
"2245" 2245 7641 112 1121 67.875 -14.75 170.926534333283
"2246" 2246 7642 112 1121 67.875 -14.25 170.926534333284
"2247" 2247 7643 111 1112 67.625 -14.75 172.752169633829
"2248" 2248 7644 112 1121 67.625 -14.25 172.75216963383
"2249" 2249 7651 112 1121 67.875 -15.75 170.926534333284
"2250" 2250 7652 112 1121 67.875 -15.25 170.926534333284
"2251" 2251 7653 111 1112 67.625 -15.75 172.75216963383
"2252" 2252 7654 111 1112 67.625 -15.25 172.75216963383
"2253" 2253 7661 112 1121 67.875 -16.75 170.926534333284
"2254" 2254 7662 112 1121 67.875 -16.25 170.926534333284
"2255" 2255 7663 111 1112 67.625 -16.75 172.75216963383
"2256" 2256 7664 111 1112 67.625 -16.25 172.75216963383
"2257" 2257 7671 112 1121 67.875 -17.75 170.926534333284
"2258" 2258 7672 112 1121 67.875 -17.25 170.926534333283
"2259" 2259 7673 111 1111 67.625 -17.75 172.75216963383
"2260" 2260 7674 111 1111 67.625 -17.25 172.752169633829
"2261" 2261 7681 111 1111 67.875 -18.75 170.926534333283
"2262" 2262 7682 111 1111 67.875 -18.25 170.926534333284
"2263" 2263 7683 103 1032 67.625 -18.75 172.752169633829
"2264" 2264 7684 111 1111 67.625 -18.25 172.75216963383
"2265" 2265 7691 111 1111 67.875 -19.75 170.926534333284
"2266" 2266 7692 111 1111 67.875 -19.25 170.926534333284
"2267" 2267 7693 103 1032 67.625 -19.75 172.75216963383
"2268" 2268 7694 103 1032 67.625 -19.25 172.75216963383
"2269" 2269 7701 111 1111 67.875 -20.75 170.926534333286
"2270" 2270 7702 111 1111 67.875 -20.25 170.926534333283
"2271" 2271 7703 111 1111 67.625 -20.75 172.752169633831
"2272" 2272 7704 103 1032 67.625 -20.25 172.752169633829
"2273" 2273 7711 111 1111 67.875 -21.75 170.926534333284
"2274" 2274 7712 111 1111 67.875 -21.25 170.926534333283
"2275" 2275 7713 111 1111 67.625 -21.75 172.75216963383
"2276" 2276 7714 111 1111 67.625 -21.25 172.752169633829
"2277" 2277 7721 111 1111 67.875 -22.75 170.926534333283
"2278" 2278 7722 111 1111 67.875 -22.25 170.926534333284
"2279" 2279 7723 111 1111 67.625 -22.75 172.752169633829
"2280" 2280 7724 111 1111 67.625 -22.25 172.75216963383
"2281" 2281 7731 112 1121 67.875 -23.75 170.926534333283
"2282" 2282 7732 112 1121 67.875 -23.25 170.926534333286
"2283" 2283 7733 111 1111 67.625 -23.75 172.752169633829
"2284" 2284 7734 111 1111 67.625 -23.25 172.752169633831
"2285" 2285 7741 112 1121 67.875 -24.75 170.926534333284
"2286" 2286 7742 112 1121 67.875 -24.25 170.926534333284
"2287" 2287 7743 112 1121 67.625 -24.75 172.75216963383
"2288" 2288 7744 112 1121 67.625 -24.25 172.75216963383
"2289" 2289 7751 109 1095 67.875 -25.75 170.926534333286
"2290" 2290 7752 112 1121 67.875 -25.25 170.926534333283
"2291" 2291 7753 109 1095 67.625 -25.75 172.752169633831
"2292" 2292 7754 109 1095 67.625 -25.25 172.752169633829
"2293" 2293 7761 110 1101 67.875 -26.75 170.926534333284
"2294" 2294 7762 110 1101 67.875 -26.25 170.926534333283
"2295" 2295 7763 110 1101 67.625 -26.75 172.75216963383
"2296" 2296 7764 110 1101 67.625 -26.25 172.752169633829
"2297" 2297 7771 110 1101 67.875 -27.75 170.926534333284
"2298" 2298 7772 110 1101 67.875 -27.25 170.926534333284
"2299" 2299 7773 110 1101 67.625 -27.75 172.75216963383
"2300" 2300 7774 110 1101 67.625 -27.25 172.75216963383
"2301" 2301 7781 110 1101 67.875 -28.75 170.926534333286
"2302" 2302 7782 110 1101 67.875 -28.25 170.926534333283
"2303" 2303 7783 110 1101 67.625 -28.75 172.752169633831
"2304" 2304 7784 110 1101 67.625 -28.25 172.752169633829
"2305" 2305 7791 110 1101 67.875 -29.75 170.926534333284
"2306" 2306 7792 110 1101 67.875 -29.25 170.926534333282
"2307" 2307 7793 110 1101 67.625 -29.75 172.75216963383
"2308" 2308 7794 110 1101 67.625 -29.25 172.752169633828
"2309" 2309 7801 110 1101 67.875 -30.75 170.926534333284
"2310" 2310 7802 110 1101 67.875 -30.25 170.926534333284
"2311" 2311 7803 110 1101 67.625 -30.75 172.75216963383
"2312" 2312 7804 110 1101 67.625 -30.25 172.75216963383
"2313" 2313 7811 110 1101 67.875 -31.75 170.926534333284
"2314" 2314 7812 110 1101 67.875 -31.25 170.926534333284
"2315" 2315 7813 110 1101 67.625 -31.75 172.75216963383
"2316" 2316 7814 110 1101 67.625 -31.25 172.75216963383
"2317" 2317 7821 110 1101 67.875 -32.75 170.926534333284
"2318" 2318 7822 110 1101 67.875 -32.25 170.926534333284
"2319" 2319 7823 110 1101 67.625 -32.75 172.75216963383
"2320" 2320 7824 110 1101 67.625 -32.25 172.75216963383
"2321" 2321 8001 115 1151 68.375 -0.75 167.264896787669
"2322" 2322 8002 115 1151 68.375 -0.25 167.264896787669
"2323" 2323 8003 115 1151 68.125 -0.75 169.097431370859
"2324" 2324 8004 115 1151 68.125 -0.25 169.097431370859
"2325" 2325 8011 115 1151 68.375 -1.75 167.264896787669
"2326" 2326 8012 115 1151 68.375 -1.25 167.264896787669
"2327" 2327 8013 115 1151 68.125 -1.75 169.097431370859
"2328" 2328 8014 115 1151 68.125 -1.25 169.097431370859
"2329" 2329 8021 115 1151 68.375 -2.75 167.264896787669
"2330" 2330 8022 115 1151 68.375 -2.25 167.264896787669
"2331" 2331 8023 115 1151 68.125 -2.75 169.097431370859
"2332" 2332 8024 115 1151 68.125 -2.25 169.097431370859
"2333" 2333 8031 115 1151 68.375 -3.75 167.264896787669
"2334" 2334 8032 115 1151 68.375 -3.25 167.264896787669
"2335" 2335 8033 115 1151 68.125 -3.75 169.097431370859
"2336" 2336 8034 115 1151 68.125 -3.25 169.097431370859
"2337" 2337 8041 115 1151 68.375 -4.75 167.264896787669
"2338" 2338 8042 115 1151 68.375 -4.25 167.264896787669
"2339" 2339 8043 115 1151 68.125 -4.75 169.097431370859
"2340" 2340 8044 115 1151 68.125 -4.25 169.097431370859
"2341" 2341 8051 115 1151 68.375 -5.75 167.264896787669
"2342" 2342 8052 115 1151 68.375 -5.25 167.264896787669
"2343" 2343 8053 115 1151 68.125 -5.75 169.097431370859
"2344" 2344 8054 115 1151 68.125 -5.25 169.097431370859
"2345" 2345 8061 115 1151 68.375 -6.75 167.264896787669
"2346" 2346 8062 115 1151 68.375 -6.25 167.26489678767
"2347" 2347 8063 115 1151 68.125 -6.75 169.097431370859
"2348" 2348 8064 115 1151 68.125 -6.25 169.097431370859
"2349" 2349 8071 115 1151 68.375 -7.75 167.26489678767
"2350" 2350 8072 115 1151 68.375 -7.25 167.264896787669
"2351" 2351 8073 115 1151 68.125 -7.75 169.097431370859
"2352" 2352 8074 115 1151 68.125 -7.25 169.097431370858
"2353" 2353 8081 113 1133 68.375 -8.75 167.264896787669
"2354" 2354 8082 115 1151 68.375 -8.25 167.26489678767
"2355" 2355 8083 115 1151 68.125 -8.75 169.097431370858
"2356" 2356 8084 115 1151 68.125 -8.25 169.097431370859
"2357" 2357 8091 113 1133 68.375 -9.75 167.26489678767
"2358" 2358 8092 113 1133 68.375 -9.25 167.264896787669
"2359" 2359 8093 113 1133 68.125 -9.75 169.097431370859
"2360" 2360 8094 113 1133 68.125 -9.25 169.097431370858
"2361" 2361 8101 113 1133 68.375 -10.75 167.264896787669
"2362" 2362 8102 113 1133 68.375 -10.25 167.26489678767
"2363" 2363 8103 113 1133 68.125 -10.75 169.097431370858
"2364" 2364 8104 113 1133 68.125 -10.25 169.097431370859
"2365" 2365 8111 113 1133 68.375 -11.75 167.26489678767
"2366" 2366 8112 113 1133 68.375 -11.25 167.264896787669
"2367" 2367 8113 113 1133 68.125 -11.75 169.097431370859
"2368" 2368 8114 113 1133 68.125 -11.25 169.097431370858
"2369" 2369 8121 113 1133 68.375 -12.75 167.26489678767
"2370" 2370 8122 113 1133 68.375 -12.25 167.26489678767
"2371" 2371 8123 113 1133 68.125 -12.75 169.097431370859
"2372" 2372 8124 113 1133 68.125 -12.25 169.097431370859
"2373" 2373 8131 113 1133 68.375 -13.75 167.26489678767
"2374" 2374 8132 113 1133 68.375 -13.25 167.264896787669
"2375" 2375 8133 113 1133 68.125 -13.75 169.097431370859
"2376" 2376 8134 113 1133 68.125 -13.25 169.097431370858
"2377" 2377 8141 112 1121 68.375 -14.75 167.264896787668
"2378" 2378 8142 112 1121 68.375 -14.25 167.26489678767
"2379" 2379 8143 112 1121 68.125 -14.75 169.097431370858
"2380" 2380 8144 112 1121 68.125 -14.25 169.097431370859
"2381" 2381 8151 112 1121 68.375 -15.75 167.26489678767
"2382" 2382 8152 112 1121 68.375 -15.25 167.26489678767
"2383" 2383 8153 112 1121 68.125 -15.75 169.097431370859
"2384" 2384 8154 112 1121 68.125 -15.25 169.097431370859
"2385" 2385 8161 112 1121 68.375 -16.75 167.26489678767
"2386" 2386 8162 112 1121 68.375 -16.25 167.26489678767
"2387" 2387 8163 112 1121 68.125 -16.75 169.097431370859
"2388" 2388 8164 112 1121 68.125 -16.25 169.097431370859
"2389" 2389 8171 112 1121 68.375 -17.75 167.26489678767
"2390" 2390 8172 112 1121 68.375 -17.25 167.264896787668
"2391" 2391 8173 112 1121 68.125 -17.75 169.097431370859
"2392" 2392 8174 112 1121 68.125 -17.25 169.097431370858
"2393" 2393 8181 112 1121 68.375 -18.75 167.264896787669
"2394" 2394 8182 111 1111 68.375 -18.25 167.26489678767
"2395" 2395 8183 111 1111 68.125 -18.75 169.097431370858
"2396" 2396 8184 111 1111 68.125 -18.25 169.097431370859
"2397" 2397 8191 112 1121 68.375 -19.75 167.26489678767
"2398" 2398 8192 112 1121 68.375 -19.25 167.26489678767
"2399" 2399 8193 112 1121 68.125 -19.75 169.097431370859
"2400" 2400 8194 112 1121 68.125 -19.25 169.097431370859
"2401" 2401 8201 112 1121 68.375 -20.75 167.264896787671
"2402" 2402 8202 112 1121 68.375 -20.25 167.264896787669
"2403" 2403 8203 111 1111 68.125 -20.75 169.09743137086
"2404" 2404 8204 111 1111 68.125 -20.25 169.097431370858
"2405" 2405 8211 111 1111 68.375 -21.75 167.26489678767
"2406" 2406 8212 111 1111 68.375 -21.25 167.264896787668
"2407" 2407 8213 111 1111 68.125 -21.75 169.097431370859
"2408" 2408 8214 111 1111 68.125 -21.25 169.097431370858
"2409" 2409 8221 112 1121 68.375 -22.75 167.264896787668
"2410" 2410 8222 112 1121 68.375 -22.25 167.26489678767
"2411" 2411 8223 112 1121 68.125 -22.75 169.097431370858
"2412" 2412 8224 111 1111 68.125 -22.25 169.097431370859
"2413" 2413 8231 112 1121 68.375 -23.75 167.264896787668
"2414" 2414 8232 112 1121 68.375 -23.25 167.264896787671
"2415" 2415 8233 112 1121 68.125 -23.75 169.097431370858
"2416" 2416 8234 112 1121 68.125 -23.25 169.09743137086
"2417" 2417 8241 112 1121 68.375 -24.75 167.26489678767
"2418" 2418 8242 112 1121 68.375 -24.25 167.26489678767
"2419" 2419 8243 112 1121 68.125 -24.75 169.097431370859
"2420" 2420 8244 112 1121 68.125 -24.25 169.097431370859
"2421" 2421 8251 110 1101 68.375 -25.75 167.264896787671
"2422" 2422 8252 110 1101 68.375 -25.25 167.264896787668
"2423" 2423 8253 110 1101 68.125 -25.75 169.09743137086
"2424" 2424 8254 112 1121 68.125 -25.25 169.097431370858
"2425" 2425 8261 110 1101 68.375 -26.75 167.26489678767
"2426" 2426 8262 110 1101 68.375 -26.25 167.264896787668
"2427" 2427 8263 110 1101 68.125 -26.75 169.097431370859
"2428" 2428 8264 110 1101 68.125 -26.25 169.097431370858
"2429" 2429 8271 110 1101 68.375 -27.75 167.26489678767
"2430" 2430 8272 110 1101 68.375 -27.25 167.26489678767
"2431" 2431 8273 110 1101 68.125 -27.75 169.097431370859
"2432" 2432 8274 110 1101 68.125 -27.25 169.097431370859
"2433" 2433 8281 110 1101 68.375 -28.75 167.264896787671
"2434" 2434 8282 110 1101 68.375 -28.25 167.264896787669
"2435" 2435 8283 110 1101 68.125 -28.75 169.09743137086
"2436" 2436 8284 110 1101 68.125 -28.25 169.097431370858
"2437" 2437 8291 110 1101 68.375 -29.75 167.26489678767
"2438" 2438 8292 110 1101 68.375 -29.25 167.264896787667
"2439" 2439 8293 110 1101 68.125 -29.75 169.097431370859
"2440" 2440 8294 110 1101 68.125 -29.25 169.097431370857
"2441" 2441 8303 110 1101 68.125 -30.75 169.097431370859
"2442" 2442 8304 110 1101 68.125 -30.25 169.097431370859
"2443" 2443 8313 110 1101 68.125 -31.75 169.097431370859
"2444" 2444 8314 110 1101 68.125 -31.25 169.097431370859
"2445" 2445 8501 115 1151 68.875 -0.75 163.58967743356
"2446" 2446 8502 115 1151 68.875 -0.25 163.58967743356
"2447" 2447 8503 115 1151 68.625 -0.75 165.428966727031
"2448" 2448 8504 115 1151 68.625 -0.25 165.428966727031
"2449" 2449 8511 115 1151 68.875 -1.75 163.58967743356
"2450" 2450 8512 115 1151 68.875 -1.25 163.58967743356
"2451" 2451 8513 115 1151 68.625 -1.75 165.428966727031
"2452" 2452 8514 115 1151 68.625 -1.25 165.428966727031
"2453" 2453 8521 115 1151 68.875 -2.75 163.58967743356
"2454" 2454 8522 115 1151 68.875 -2.25 163.58967743356
"2455" 2455 8523 115 1151 68.625 -2.75 165.428966727031
"2456" 2456 8524 115 1151 68.625 -2.25 165.428966727031
"2457" 2457 8531 115 1151 68.875 -3.75 163.58967743356
"2458" 2458 8532 115 1151 68.875 -3.25 163.58967743356
"2459" 2459 8533 115 1151 68.625 -3.75 165.428966727031
"2460" 2460 8534 115 1151 68.625 -3.25 165.428966727031
"2461" 2461 8541 115 1151 68.875 -4.75 163.58967743356
"2462" 2462 8542 115 1151 68.875 -4.25 163.58967743356
"2463" 2463 8543 115 1151 68.625 -4.75 165.428966727031
"2464" 2464 8544 115 1151 68.625 -4.25 165.428966727031
"2465" 2465 8551 115 1151 68.875 -5.75 163.58967743356
"2466" 2466 8552 115 1151 68.875 -5.25 163.58967743356
"2467" 2467 8553 115 1151 68.625 -5.75 165.428966727031
"2468" 2468 8554 115 1151 68.625 -5.25 165.428966727031
"2469" 2469 8561 115 1151 68.875 -6.75 163.58967743356
"2470" 2470 8562 115 1151 68.875 -6.25 163.58967743356
"2471" 2471 8563 115 1151 68.625 -6.75 165.428966727031
"2472" 2472 8564 115 1151 68.625 -6.25 165.428966727031
"2473" 2473 8571 113 1133 68.875 -7.75 163.58967743356
"2474" 2474 8572 113 1133 68.875 -7.25 163.58967743356
"2475" 2475 8573 113 1133 68.625 -7.75 165.428966727031
"2476" 2476 8574 113 1133 68.625 -7.25 165.428966727031
"2477" 2477 8581 113 1133 68.875 -8.75 163.58967743356
"2478" 2478 8582 113 1133 68.875 -8.25 163.58967743356
"2479" 2479 8583 113 1133 68.625 -8.75 165.428966727031
"2480" 2480 8584 113 1133 68.625 -8.25 165.428966727031
"2481" 2481 8591 113 1133 68.875 -9.75 163.58967743356
"2482" 2482 8592 113 1133 68.875 -9.25 163.58967743356
"2483" 2483 8593 113 1133 68.625 -9.75 165.428966727031
"2484" 2484 8594 113 1133 68.625 -9.25 165.428966727031
"2485" 2485 8601 113 1133 68.875 -10.75 163.58967743356
"2486" 2486 8602 113 1133 68.875 -10.25 163.58967743356
"2487" 2487 8603 113 1133 68.625 -10.75 165.428966727031
"2488" 2488 8604 113 1133 68.625 -10.25 165.428966727031
"2489" 2489 8611 113 1133 68.875 -11.75 163.58967743356
"2490" 2490 8612 113 1133 68.875 -11.25 163.58967743356
"2491" 2491 8613 113 1133 68.625 -11.75 165.428966727031
"2492" 2492 8614 113 1133 68.625 -11.25 165.428966727031
"2493" 2493 8621 113 1133 68.875 -12.75 163.58967743356
"2494" 2494 8622 113 1133 68.875 -12.25 163.58967743356
"2495" 2495 8623 113 1133 68.625 -12.75 165.428966727031
"2496" 2496 8624 113 1133 68.625 -12.25 165.428966727031
"2497" 2497 8631 113 1133 68.875 -13.75 163.58967743356
"2498" 2498 8632 113 1133 68.875 -13.25 163.58967743356
"2499" 2499 8633 113 1133 68.625 -13.75 165.428966727031
"2500" 2500 8634 113 1133 68.625 -13.25 165.428966727031
"2501" 2501 8641 112 1121 68.875 -14.75 163.589677433559
"2502" 2502 8642 112 1121 68.875 -14.25 163.58967743356
"2503" 2503 8643 112 1121 68.625 -14.75 165.42896672703
"2504" 2504 8644 112 1121 68.625 -14.25 165.428966727031
"2505" 2505 8651 112 1121 68.875 -15.75 163.58967743356
"2506" 2506 8652 112 1121 68.875 -15.25 163.58967743356
"2507" 2507 8653 112 1121 68.625 -15.75 165.428966727031
"2508" 2508 8654 112 1121 68.625 -15.25 165.428966727031
"2509" 2509 8661 112 1121 68.875 -16.75 163.58967743356
"2510" 2510 8662 112 1121 68.875 -16.25 163.58967743356
"2511" 2511 8663 112 1121 68.625 -16.75 165.428966727031
"2512" 2512 8664 112 1121 68.625 -16.25 165.428966727031
"2513" 2513 8671 112 1121 68.875 -17.75 163.58967743356
"2514" 2514 8672 112 1121 68.875 -17.25 163.589677433559
"2515" 2515 8673 112 1121 68.625 -17.75 165.428966727031
"2516" 2516 8674 112 1121 68.625 -17.25 165.42896672703
"2517" 2517 8681 112 1121 68.875 -18.75 163.589677433559
"2518" 2518 8682 112 1121 68.875 -18.25 163.58967743356
"2519" 2519 8683 112 1121 68.625 -18.75 165.42896672703
"2520" 2520 8684 112 1121 68.625 -18.25 165.428966727031
"2521" 2521 8691 112 1121 68.875 -19.75 163.58967743356
"2522" 2522 8692 112 1121 68.875 -19.25 163.58967743356
"2523" 2523 8693 112 1121 68.625 -19.75 165.428966727031
"2524" 2524 8694 112 1121 68.625 -19.25 165.428966727031
"2525" 2525 8701 112 1121 68.875 -20.75 163.589677433561
"2526" 2526 8702 112 1121 68.875 -20.25 163.589677433559
"2527" 2527 8703 112 1121 68.625 -20.75 165.428966727032
"2528" 2528 8704 112 1121 68.625 -20.25 165.42896672703
"2529" 2529 8711 112 1121 68.875 -21.75 163.58967743356
"2530" 2530 8712 112 1121 68.875 -21.25 163.589677433559
"2531" 2531 8713 112 1121 68.625 -21.75 165.428966727031
"2532" 2532 8714 112 1121 68.625 -21.25 165.42896672703
"2533" 2533 8721 110 1101 68.875 -22.75 163.589677433559
"2534" 2534 8722 112 1121 68.875 -22.25 163.58967743356
"2535" 2535 8723 112 1121 68.625 -22.75 165.42896672703
"2536" 2536 8724 112 1121 68.625 -22.25 165.428966727031
"2537" 2537 8731 110 1101 68.875 -23.75 163.589677433559
"2538" 2538 8732 110 1101 68.875 -23.25 163.589677433561
"2539" 2539 8733 112 1121 68.625 -23.75 165.42896672703
"2540" 2540 8734 112 1121 68.625 -23.25 165.428966727032
"2541" 2541 8741 110 1101 68.875 -24.75 163.58967743356
"2542" 2542 8742 110 1101 68.875 -24.25 163.58967743356
"2543" 2543 8743 112 1121 68.625 -24.75 165.428966727031
"2544" 2544 8744 112 1121 68.625 -24.25 165.428966727031
"2545" 2545 8751 110 1101 68.875 -25.75 163.589677433561
"2546" 2546 8752 110 1101 68.875 -25.25 163.589677433559
"2547" 2547 8753 110 1101 68.625 -25.75 165.428966727032
"2548" 2548 8754 110 1101 68.625 -25.25 165.42896672703
"2549" 2549 8762 110 1101 68.875 -26.25 163.589677433559
"2550" 2550 8763 110 1101 68.625 -26.75 165.428966727031
"2551" 2551 8764 110 1101 68.625 -26.25 165.42896672703
"2552" 2552 8773 110 1101 68.625 -27.75 165.428966727031
"2553" 2553 8774 110 1101 68.625 -27.25 165.428966727031
"2554" 2554 9001 115 1151 69.375 -0.75 159.901166627739
"2555" 2555 9002 115 1151 69.375 -0.25 159.901166627739
"2556" 2556 9003 115 1151 69.125 -0.75 161.74706525231
"2557" 2557 9004 115 1151 69.125 -0.25 161.74706525231
"2558" 2558 9011 115 1151 69.375 -1.75 159.901166627739
"2559" 2559 9012 115 1151 69.375 -1.25 159.901166627739
"2560" 2560 9013 115 1151 69.125 -1.75 161.74706525231
"2561" 2561 9014 115 1151 69.125 -1.25 161.74706525231
"2562" 2562 9021 115 1151 69.375 -2.75 159.901166627739
"2563" 2563 9022 115 1151 69.375 -2.25 159.901166627739
"2564" 2564 9023 115 1151 69.125 -2.75 161.74706525231
"2565" 2565 9024 115 1151 69.125 -2.25 161.74706525231
"2566" 2566 9031 115 1151 69.375 -3.75 159.901166627739
"2567" 2567 9032 115 1151 69.375 -3.25 159.901166627739
"2568" 2568 9033 115 1151 69.125 -3.75 161.74706525231
"2569" 2569 9034 115 1151 69.125 -3.25 161.74706525231
"2570" 2570 9041 115 1151 69.375 -4.75 159.901166627739
"2571" 2571 9042 115 1151 69.375 -4.25 159.901166627739
"2572" 2572 9043 115 1151 69.125 -4.75 161.74706525231
"2573" 2573 9044 115 1151 69.125 -4.25 161.74706525231
"2574" 2574 9051 115 1151 69.375 -5.75 159.901166627739
"2575" 2575 9052 115 1151 69.375 -5.25 159.901166627739
"2576" 2576 9053 115 1151 69.125 -5.75 161.74706525231
"2577" 2577 9054 115 1151 69.125 -5.25 161.74706525231
"2578" 2578 9061 113 1133 69.375 -6.75 159.901166627739
"2579" 2579 9062 113 1133 69.375 -6.25 159.901166627739
"2580" 2580 9063 113 1133 69.125 -6.75 161.74706525231
"2581" 2581 9064 113 1133 69.125 -6.25 161.74706525231
"2582" 2582 9071 113 1133 69.375 -7.75 159.901166627739
"2583" 2583 9072 113 1133 69.375 -7.25 159.901166627739
"2584" 2584 9073 113 1133 69.125 -7.75 161.74706525231
"2585" 2585 9074 113 1133 69.125 -7.25 161.74706525231
"2586" 2586 9081 113 1133 69.375 -8.75 159.901166627739
"2587" 2587 9082 113 1133 69.375 -8.25 159.901166627739
"2588" 2588 9083 113 1133 69.125 -8.75 161.74706525231
"2589" 2589 9084 113 1133 69.125 -8.25 161.74706525231
"2590" 2590 9091 113 1133 69.375 -9.75 159.901166627739
"2591" 2591 9092 113 1133 69.375 -9.25 159.901166627739
"2592" 2592 9093 113 1133 69.125 -9.75 161.74706525231
"2593" 2593 9094 113 1133 69.125 -9.25 161.74706525231
"2594" 2594 9101 113 1133 69.375 -10.75 159.901166627739
"2595" 2595 9102 113 1133 69.375 -10.25 159.901166627739
"2596" 2596 9103 113 1133 69.125 -10.75 161.74706525231
"2597" 2597 9104 113 1133 69.125 -10.25 161.74706525231
"2598" 2598 9111 113 1133 69.375 -11.75 159.901166627739
"2599" 2599 9112 113 1133 69.375 -11.25 159.901166627739
"2600" 2600 9113 113 1133 69.125 -11.75 161.74706525231
"2601" 2601 9114 113 1133 69.125 -11.25 161.74706525231
"2602" 2602 9121 113 1133 69.375 -12.75 159.901166627739
"2603" 2603 9122 113 1133 69.375 -12.25 159.901166627739
"2604" 2604 9123 113 1133 69.125 -12.75 161.74706525231
"2605" 2605 9124 113 1133 69.125 -12.25 161.74706525231
"2606" 2606 9131 113 1133 69.375 -13.75 159.901166627739
"2607" 2607 9132 113 1133 69.375 -13.25 159.901166627739
"2608" 2608 9133 113 1133 69.125 -13.75 161.74706525231
"2609" 2609 9134 113 1133 69.125 -13.25 161.74706525231
"2610" 2610 9141 112 1121 69.375 -14.75 159.901166627738
"2611" 2611 9142 113 1133 69.375 -14.25 159.901166627739
"2612" 2612 9143 112 1121 69.125 -14.75 161.747065252309
"2613" 2613 9144 113 1133 69.125 -14.25 161.74706525231
"2614" 2614 9151 112 1121 69.375 -15.75 159.901166627739
"2615" 2615 9152 112 1121 69.375 -15.25 159.901166627739
"2616" 2616 9153 112 1121 69.125 -15.75 161.74706525231
"2617" 2617 9154 112 1121 69.125 -15.25 161.74706525231
"2618" 2618 9161 112 1121 69.375 -16.75 159.901166627739
"2619" 2619 9162 112 1121 69.375 -16.25 159.901166627739
"2620" 2620 9163 112 1121 69.125 -16.75 161.74706525231
"2621" 2621 9164 112 1121 69.125 -16.25 161.74706525231
"2622" 2622 9171 112 1121 69.375 -17.75 159.901166627739
"2623" 2623 9172 112 1121 69.375 -17.25 159.901166627738
"2624" 2624 9173 112 1121 69.125 -17.75 161.74706525231
"2625" 2625 9174 112 1121 69.125 -17.25 161.747065252309
"2626" 2626 9181 112 1121 69.375 -18.75 159.901166627738
"2627" 2627 9182 112 1121 69.375 -18.25 159.901166627739
"2628" 2628 9183 112 1121 69.125 -18.75 161.747065252309
"2629" 2629 9184 112 1121 69.125 -18.25 161.74706525231
"2630" 2630 9191 112 1121 69.375 -19.75 159.901166627739
"2631" 2631 9192 112 1121 69.375 -19.25 159.901166627739
"2632" 2632 9193 112 1121 69.125 -19.75 161.74706525231
"2633" 2633 9194 112 1121 69.125 -19.25 161.74706525231
"2634" 2634 9201 110 1101 69.375 -20.75 159.90116662774
"2635" 2635 9202 110 1101 69.375 -20.25 159.901166627738
"2636" 2636 9203 112 1121 69.125 -20.75 161.747065252311
"2637" 2637 9204 112 1121 69.125 -20.25 161.747065252309
"2638" 2638 9211 110 1101 69.375 -21.75 159.901166627739
"2639" 2639 9212 110 1101 69.375 -21.25 159.901166627738
"2640" 2640 9213 110 1101 69.125 -21.75 161.74706525231
"2641" 2641 9214 112 1121 69.125 -21.25 161.747065252309
"2642" 2642 9221 110 1101 69.375 -22.75 159.901166627738
"2643" 2643 9222 110 1101 69.375 -22.25 159.901166627739
"2644" 2644 9223 110 1101 69.125 -22.75 161.747065252309
"2645" 2645 9224 110 1101 69.125 -22.25 161.74706525231
"2646" 2646 9231 110 1101 69.375 -23.75 159.901166627738
"2647" 2647 9232 110 1101 69.375 -23.25 159.90116662774
"2648" 2648 9233 110 1101 69.125 -23.75 161.747065252309
"2649" 2649 9234 110 1101 69.125 -23.25 161.747065252311
"2650" 2650 9241 110 1101 69.375 -24.75 159.901166627739
"2651" 2651 9242 110 1101 69.375 -24.25 159.901166627739
"2652" 2652 9243 110 1101 69.125 -24.75 161.74706525231
"2653" 2653 9244 110 1101 69.125 -24.25 161.74706525231
"2654" 2654 9252 110 1101 69.375 -25.25 159.901166627738
"2655" 2655 9253 110 1101 69.125 -25.75 161.747065252311
"2656" 2656 9254 110 1101 69.125 -25.25 161.747065252309
"2657" 2657 9501 115 1151 69.875 -0.75 156.199656318656
"2658" 2658 9502 115 1151 69.875 -0.25 156.199656318656
"2659" 2659 9503 115 1151 69.625 -0.75 158.052018102961
"2660" 2660 9504 115 1151 69.625 -0.25 158.052018102961
"2661" 2661 9511 115 1151 69.875 -1.75 156.199656318656
"2662" 2662 9512 115 1151 69.875 -1.25 156.199656318656
"2663" 2663 9513 115 1151 69.625 -1.75 158.052018102961
"2664" 2664 9514 115 1151 69.625 -1.25 158.052018102961
"2665" 2665 9521 115 1151 69.875 -2.75 156.199656318656
"2666" 2666 9522 115 1151 69.875 -2.25 156.199656318656
"2667" 2667 9523 115 1151 69.625 -2.75 158.052018102961
"2668" 2668 9524 115 1151 69.625 -2.25 158.052018102961
"2669" 2669 9531 115 1151 69.875 -3.75 156.199656318656
"2670" 2670 9532 115 1151 69.875 -3.25 156.199656318656
"2671" 2671 9533 115 1151 69.625 -3.75 158.052018102961
"2672" 2672 9534 115 1151 69.625 -3.25 158.052018102961
"2673" 2673 9541 115 1151 69.875 -4.75 156.199656318656
"2674" 2674 9542 115 1151 69.875 -4.25 156.199656318656
"2675" 2675 9543 115 1151 69.625 -4.75 158.052018102961
"2676" 2676 9544 115 1151 69.625 -4.25 158.052018102961
"2677" 2677 9551 113 1133 69.875 -5.75 156.199656318656
"2678" 2678 9552 113 1133 69.875 -5.25 156.199656318656
"2679" 2679 9553 113 1133 69.625 -5.75 158.052018102961
"2680" 2680 9554 113 1133 69.625 -5.25 158.052018102961
"2681" 2681 9561 113 1133 69.875 -6.75 156.199656318656
"2682" 2682 9562 113 1133 69.875 -6.25 156.199656318656
"2683" 2683 9563 113 1133 69.625 -6.75 158.052018102961
"2684" 2684 9564 113 1133 69.625 -6.25 158.052018102961
"2685" 2685 9571 113 1133 69.875 -7.75 156.199656318656
"2686" 2686 9572 113 1133 69.875 -7.25 156.199656318655
"2687" 2687 9573 113 1133 69.625 -7.75 158.052018102961
"2688" 2688 9574 113 1133 69.625 -7.25 158.052018102961
"2689" 2689 9581 113 1133 69.875 -8.75 156.199656318655
"2690" 2690 9582 113 1133 69.875 -8.25 156.199656318656
"2691" 2691 9583 113 1133 69.625 -8.75 158.052018102961
"2692" 2692 9584 113 1133 69.625 -8.25 158.052018102961
"2693" 2693 9591 113 1133 69.875 -9.75 156.199656318656
"2694" 2694 9592 113 1133 69.875 -9.25 156.199656318655
"2695" 2695 9593 113 1133 69.625 -9.75 158.052018102961
"2696" 2696 9594 113 1133 69.625 -9.25 158.052018102961
"2697" 2697 9601 113 1133 69.875 -10.75 156.199656318655
"2698" 2698 9602 113 1133 69.875 -10.25 156.199656318656
"2699" 2699 9603 113 1133 69.625 -10.75 158.052018102961
"2700" 2700 9604 113 1133 69.625 -10.25 158.052018102961
"2701" 2701 9611 113 1133 69.875 -11.75 156.199656318656
"2702" 2702 9612 113 1133 69.875 -11.25 156.199656318655
"2703" 2703 9613 113 1133 69.625 -11.75 158.052018102961
"2704" 2704 9614 113 1133 69.625 -11.25 158.052018102961
"2705" 2705 9621 113 1133 69.875 -12.75 156.199656318656
"2706" 2706 9622 113 1133 69.875 -12.25 156.199656318656
"2707" 2707 9623 113 1133 69.625 -12.75 158.052018102961
"2708" 2708 9624 113 1133 69.625 -12.25 158.052018102961
"2709" 2709 9631 113 1133 69.875 -13.75 156.199656318656
"2710" 2710 9632 113 1133 69.875 -13.25 156.199656318655
"2711" 2711 9633 113 1133 69.625 -13.75 158.052018102961
"2712" 2712 9634 113 1133 69.625 -13.25 158.052018102961
"2713" 2713 9641 112 1121 69.875 -14.75 156.199656318655
"2714" 2714 9642 112 1121 69.875 -14.25 156.199656318656
"2715" 2715 9643 112 1121 69.625 -14.75 158.05201810296
"2716" 2716 9644 112 1121 69.625 -14.25 158.052018102961
"2717" 2717 9651 112 1121 69.875 -15.75 156.199656318656
"2718" 2718 9652 112 1121 69.875 -15.25 156.199656318656
"2719" 2719 9653 112 1121 69.625 -15.75 158.052018102961
"2720" 2720 9654 112 1121 69.625 -15.25 158.052018102961
"2721" 2721 9661 112 1121 69.875 -16.75 156.199656318656
"2722" 2722 9662 112 1121 69.875 -16.25 156.199656318656
"2723" 2723 9663 112 1121 69.625 -16.75 158.052018102961
"2724" 2724 9664 112 1121 69.625 -16.25 158.052018102961
"2725" 2725 9671 112 1121 69.875 -17.75 156.199656318656
"2726" 2726 9672 112 1121 69.875 -17.25 156.199656318655
"2727" 2727 9673 112 1121 69.625 -17.75 158.052018102961
"2728" 2728 9674 112 1121 69.625 -17.25 158.05201810296
"2729" 2729 9681 112 1121 69.875 -18.75 156.199656318655
"2730" 2730 9682 112 1121 69.875 -18.25 156.199656318656
"2731" 2731 9683 112 1121 69.625 -18.75 158.05201810296
"2732" 2732 9684 112 1121 69.625 -18.25 158.052018102961
"2733" 2733 9691 110 1101 69.875 -19.75 156.199656318656
"2734" 2734 9692 110 1101 69.875 -19.25 156.199656318656
"2735" 2735 9693 110 1101 69.625 -19.75 158.052018102961
"2736" 2736 9694 112 1121 69.625 -19.25 158.052018102961
"2737" 2737 9701 110 1101 69.875 -20.75 156.199656318657
"2738" 2738 9702 110 1101 69.875 -20.25 156.199656318655
"2739" 2739 9703 110 1101 69.625 -20.75 158.052018102962
"2740" 2740 9704 110 1101 69.625 -20.25 158.05201810296
"2741" 2741 9711 110 1101 69.875 -21.75 156.199656318656
"2742" 2742 9712 110 1101 69.875 -21.25 156.199656318655
"2743" 2743 9713 110 1101 69.625 -21.75 158.052018102961
"2744" 2744 9714 110 1101 69.625 -21.25 158.05201810296
"2745" 2745 9721 110 1101 69.875 -22.75 156.199656318655
"2746" 2746 9722 110 1101 69.875 -22.25 156.199656318656
"2747" 2747 9723 110 1101 69.625 -22.75 158.05201810296
"2748" 2748 9724 110 1101 69.625 -22.25 158.052018102961
"2749" 2749 9732 110 1101 69.875 -23.25 156.199656318657
"2750" 2750 9733 110 1101 69.625 -23.75 158.05201810296
"2751" 2751 9734 110 1101 69.625 -23.25 158.052018102962
"2752" 2752 9744 110 1101 69.625 -24.25 158.052018102961
"2753" 2753 10001 115 1151 70.375 -0.75 152.485440016773
"2754" 2754 10002 115 1151 70.375 -0.25 152.485440016773
"2755" 2755 10003 115 1151 70.125 -0.75 154.344118012226
"2756" 2756 10004 115 1151 70.125 -0.25 154.344118012226
"2757" 2757 10011 115 1151 70.375 -1.75 152.485440016773
"2758" 2758 10012 115 1151 70.375 -1.25 152.485440016773
"2759" 2759 10013 115 1151 70.125 -1.75 154.344118012226
"2760" 2760 10014 115 1151 70.125 -1.25 154.344118012226
"2761" 2761 10021 115 1151 70.375 -2.75 152.485440016773
"2762" 2762 10022 115 1151 70.375 -2.25 152.485440016773
"2763" 2763 10023 115 1151 70.125 -2.75 154.344118012226
"2764" 2764 10024 115 1151 70.125 -2.25 154.344118012226
"2765" 2765 10031 115 1151 70.375 -3.75 152.485440016773
"2766" 2766 10032 115 1151 70.375 -3.25 152.485440016773
"2767" 2767 10033 115 1151 70.125 -3.75 154.344118012226
"2768" 2768 10034 115 1151 70.125 -3.25 154.344118012226
"2769" 2769 10041 115 1151 70.375 -4.75 152.485440016773
"2770" 2770 10042 115 1151 70.375 -4.25 152.485440016773
"2771" 2771 10043 115 1151 70.125 -4.75 154.344118012226
"2772" 2772 10044 115 1151 70.125 -4.25 154.344118012226
"2773" 2773 10051 115 1151 70.375 -5.75 152.485440016773
"2774" 2774 10052 115 1151 70.375 -5.25 152.485440016773
"2775" 2775 10053 115 1151 70.125 -5.75 154.344118012226
"2776" 2776 10054 115 1151 70.125 -5.25 154.344118012226
"2777" 2777 10061 115 1151 70.375 -6.75 152.485440016773
"2778" 2778 10062 115 1151 70.375 -6.25 152.485440016773
"2779" 2779 10063 115 1151 70.125 -6.75 154.344118012226
"2780" 2780 10064 115 1151 70.125 -6.25 154.344118012226
"2781" 2781 10071 115 1151 70.375 -7.75 152.485440016773
"2782" 2782 10072 115 1151 70.375 -7.25 152.485440016772
"2783" 2783 10073 115 1151 70.125 -7.75 154.344118012226
"2784" 2784 10074 115 1151 70.125 -7.25 154.344118012226
"2785" 2785 10081 115 1151 70.375 -8.75 152.485440016772
"2786" 2786 10082 115 1151 70.375 -8.25 152.485440016773
"2787" 2787 10083 115 1151 70.125 -8.75 154.344118012226
"2788" 2788 10084 115 1151 70.125 -8.25 154.344118012226
"2789" 2789 10091 115 1151 70.375 -9.75 152.485440016773
"2790" 2790 10092 115 1151 70.375 -9.25 152.485440016772
"2791" 2791 10093 115 1151 70.125 -9.75 154.344118012226
"2792" 2792 10094 115 1151 70.125 -9.25 154.344118012226
"2793" 2793 10501 115 1151 70.875 -0.75 148.75881276427
"2794" 2794 10502 115 1151 70.875 -0.25 148.75881276427
"2795" 2795 10503 115 1151 70.625 -0.75 150.623659260223
"2796" 2796 10504 115 1151 70.625 -0.25 150.623659260223
"2797" 2797 10511 115 1151 70.875 -1.75 148.75881276427
"2798" 2798 10512 115 1151 70.875 -1.25 148.75881276427
"2799" 2799 10513 115 1151 70.625 -1.75 150.623659260223
"2800" 2800 10514 115 1151 70.625 -1.25 150.623659260223
"2801" 2801 10521 115 1151 70.875 -2.75 148.75881276427
"2802" 2802 10522 115 1151 70.875 -2.25 148.75881276427
"2803" 2803 10523 115 1151 70.625 -2.75 150.623659260223
"2804" 2804 10524 115 1151 70.625 -2.25 150.623659260223
"2805" 2805 10531 115 1151 70.875 -3.75 148.75881276427
"2806" 2806 10532 115 1151 70.875 -3.25 148.75881276427
"2807" 2807 10533 115 1151 70.625 -3.75 150.623659260223
"2808" 2808 10534 115 1151 70.625 -3.25 150.623659260223
"2809" 2809 10541 115 1151 70.875 -4.75 148.75881276427
"2810" 2810 10542 115 1151 70.875 -4.25 148.75881276427
"2811" 2811 10543 115 1151 70.625 -4.75 150.623659260223
"2812" 2812 10544 115 1151 70.625 -4.25 150.623659260223
"2813" 2813 10551 115 1151 70.875 -5.75 148.75881276427
"2814" 2814 10552 115 1151 70.875 -5.25 148.75881276427
"2815" 2815 10553 115 1151 70.625 -5.75 150.623659260223
"2816" 2816 10554 115 1151 70.625 -5.25 150.623659260223
"2817" 2817 10561 115 1151 70.875 -6.75 148.75881276427
"2818" 2818 10562 115 1151 70.875 -6.25 148.75881276427
"2819" 2819 10563 115 1151 70.625 -6.75 150.623659260223
"2820" 2820 10564 115 1151 70.625 -6.25 150.623659260223
"2821" 2821 10571 115 1151 70.875 -7.75 148.75881276427
"2822" 2822 10572 115 1151 70.875 -7.25 148.75881276427
"2823" 2823 10573 115 1151 70.625 -7.75 150.623659260223
"2824" 2824 10574 115 1151 70.625 -7.25 150.623659260222
"2825" 2825 10581 115 1151 70.875 -8.75 148.75881276427
"2826" 2826 10582 115 1151 70.875 -8.25 148.75881276427
"2827" 2827 10583 115 1151 70.625 -8.75 150.623659260222
"2828" 2828 10584 115 1151 70.625 -8.25 150.623659260223
"2829" 2829 10591 115 1151 70.875 -9.75 148.75881276427
"2830" 2830 10592 115 1151 70.875 -9.25 148.75881276427
"2831" 2831 10593 115 1151 70.625 -9.75 150.623659260223
"2832" 2832 10594 115 1151 70.625 -9.25 150.623659260222
"2833" 2833 11001 115 1151 71.375 -0.75 145.020071104333
"2834" 2834 11002 115 1151 71.375 -0.25 145.020071104333
"2835" 2835 11003 115 1151 71.125 -0.75 146.890937643513
"2836" 2836 11004 115 1151 71.125 -0.25 146.890937643513
"2837" 2837 11011 115 1151 71.375 -1.75 145.020071104333
"2838" 2838 11012 115 1151 71.375 -1.25 145.020071104333
"2839" 2839 11013 115 1151 71.125 -1.75 146.890937643513
"2840" 2840 11014 115 1151 71.125 -1.25 146.890937643513
"2841" 2841 11021 115 1151 71.375 -2.75 145.020071104333
"2842" 2842 11022 115 1151 71.375 -2.25 145.020071104333
"2843" 2843 11023 115 1151 71.125 -2.75 146.890937643513
"2844" 2844 11024 115 1151 71.125 -2.25 146.890937643513
"2845" 2845 11031 115 1151 71.375 -3.75 145.020071104333
"2846" 2846 11032 115 1151 71.375 -3.25 145.020071104333
"2847" 2847 11033 115 1151 71.125 -3.75 146.890937643513
"2848" 2848 11034 115 1151 71.125 -3.25 146.890937643513
"2849" 2849 11041 115 1151 71.375 -4.75 145.020071104333
"2850" 2850 11042 115 1151 71.375 -4.25 145.020071104333
"2851" 2851 11043 115 1151 71.125 -4.75 146.890937643513
"2852" 2852 11044 115 1151 71.125 -4.25 146.890937643513
"2853" 2853 11051 115 1151 71.375 -5.75 145.020071104333
"2854" 2854 11052 115 1151 71.375 -5.25 145.020071104333
"2855" 2855 11053 115 1151 71.125 -5.75 146.890937643513
"2856" 2856 11054 115 1151 71.125 -5.25 146.890937643513
"2857" 2857 11061 115 1151 71.375 -6.75 145.020071104333
"2858" 2858 11062 115 1151 71.375 -6.25 145.020071104333
"2859" 2859 11063 115 1151 71.125 -6.75 146.890937643513
"2860" 2860 11064 115 1151 71.125 -6.25 146.890937643513
"2861" 2861 11071 115 1151 71.375 -7.75 145.020071104333
"2862" 2862 11072 115 1151 71.375 -7.25 145.020071104333
"2863" 2863 11073 115 1151 71.125 -7.75 146.890937643513
"2864" 2864 11074 115 1151 71.125 -7.25 146.890937643513
"2865" 2865 11081 115 1151 71.375 -8.75 145.020071104333
"2866" 2866 11082 115 1151 71.375 -8.25 145.020071104333
"2867" 2867 11083 115 1151 71.125 -8.75 146.890937643513
"2868" 2868 11084 115 1151 71.125 -8.25 146.890937643513
"2869" 2869 11091 115 1151 71.375 -9.75 145.020071104333
"2870" 2870 11092 115 1151 71.375 -9.25 145.020071104333
"2871" 2871 11093 115 1151 71.125 -9.75 146.890937643513
"2872" 2872 11094 115 1151 71.125 -9.25 146.890937643513
"2873" 2873 11501 115 1151 71.875 -0.75 141.26951304985
"2874" 2874 11502 115 1151 71.875 -0.25 141.26951304985
"2875" 2875 11503 115 1151 71.625 -0.75 143.146250444059
"2876" 2876 11504 115 1151 71.625 -0.25 143.146250444059
"2877" 2877 11511 115 1151 71.875 -1.75 141.26951304985
"2878" 2878 11512 115 1151 71.875 -1.25 141.26951304985
"2879" 2879 11513 115 1151 71.625 -1.75 143.146250444059
"2880" 2880 11514 115 1151 71.625 -1.25 143.146250444059
"2881" 2881 11521 115 1151 71.875 -2.75 141.26951304985
"2882" 2882 11522 115 1151 71.875 -2.25 141.26951304985
"2883" 2883 11523 115 1151 71.625 -2.75 143.146250444059
"2884" 2884 11524 115 1151 71.625 -2.25 143.146250444059
"2885" 2885 11531 115 1151 71.875 -3.75 141.26951304985
"2886" 2886 11532 115 1151 71.875 -3.25 141.269513049851
"2887" 2887 11533 115 1151 71.625 -3.75 143.146250444059
"2888" 2888 11534 115 1151 71.625 -3.25 143.146250444059
"2889" 2889 11541 115 1151 71.875 -4.75 141.26951304985
"2890" 2890 11542 115 1151 71.875 -4.25 141.26951304985
"2891" 2891 11543 115 1151 71.625 -4.75 143.146250444059
"2892" 2892 11544 115 1151 71.625 -4.25 143.146250444059
"2893" 2893 11551 115 1151 71.875 -5.75 141.26951304985
"2894" 2894 11552 115 1151 71.875 -5.25 141.26951304985
"2895" 2895 11553 115 1151 71.625 -5.75 143.146250444059
"2896" 2896 11554 115 1151 71.625 -5.25 143.146250444059
"2897" 2897 11561 115 1151 71.875 -6.75 141.26951304985
"2898" 2898 11562 115 1151 71.875 -6.25 141.269513049851
"2899" 2899 11563 115 1151 71.625 -6.75 143.146250444059
"2900" 2900 11564 115 1151 71.625 -6.25 143.146250444059
"2901" 2901 11571 115 1151 71.875 -7.75 141.269513049851
"2902" 2902 11572 115 1151 71.875 -7.25 141.26951304985
"2903" 2903 11573 115 1151 71.625 -7.75 143.146250444059
"2904" 2904 11574 115 1151 71.625 -7.25 143.146250444058
"2905" 2905 11581 115 1151 71.875 -8.75 141.26951304985
"2906" 2906 11582 115 1151 71.875 -8.25 141.269513049851
"2907" 2907 11583 115 1151 71.625 -8.75 143.146250444058
"2908" 2908 11584 115 1151 71.625 -8.25 143.146250444059
"2909" 2909 11591 115 1151 71.875 -9.75 141.269513049851
"2910" 2910 11592 115 1151 71.875 -9.25 141.26951304985
"2911" 2911 11593 115 1151 71.625 -9.75 143.146250444059
"2912" 2912 11594 115 1151 71.625 -9.25 143.146250444058
"2913" 2913 12001 115 1151 72.375 -0.75 137.507438051659
"2914" 2914 12002 115 1151 72.375 -0.25 137.507438051659
"2915" 2915 12003 115 1151 72.125 -0.75 139.389896397749
"2916" 2916 12004 115 1151 72.125 -0.25 139.389896397749
"2917" 2917 12011 115 1151 72.375 -1.75 137.507438051659
"2918" 2918 12012 115 1151 72.375 -1.25 137.507438051659
"2919" 2919 12013 115 1151 72.125 -1.75 139.389896397749
"2920" 2920 12014 115 1151 72.125 -1.25 139.389896397749
"2921" 2921 12021 115 1151 72.375 -2.75 137.507438051659
"2922" 2922 12022 115 1151 72.375 -2.25 137.507438051659
"2923" 2923 12023 115 1151 72.125 -2.75 139.389896397749
"2924" 2924 12024 115 1151 72.125 -2.25 139.389896397749
"2925" 2925 12031 115 1151 72.375 -3.75 137.507438051659
"2926" 2926 12032 115 1151 72.375 -3.25 137.507438051659
"2927" 2927 12033 115 1151 72.125 -3.75 139.389896397749
"2928" 2928 12034 115 1151 72.125 -3.25 139.389896397749
"2929" 2929 12041 115 1151 72.375 -4.75 137.507438051659
"2930" 2930 12042 115 1151 72.375 -4.25 137.507438051659
"2931" 2931 12043 115 1151 72.125 -4.75 139.389896397749
"2932" 2932 12044 115 1151 72.125 -4.25 139.389896397749
"2933" 2933 12051 115 1151 72.375 -5.75 137.507438051659
"2934" 2934 12052 115 1151 72.375 -5.25 137.507438051659
"2935" 2935 12053 115 1151 72.125 -5.75 139.389896397749
"2936" 2936 12054 115 1151 72.125 -5.25 139.389896397749
"2937" 2937 12061 115 1151 72.375 -6.75 137.507438051659
"2938" 2938 12062 115 1151 72.375 -6.25 137.507438051659
"2939" 2939 12063 115 1151 72.125 -6.75 139.389896397749
"2940" 2940 12064 115 1151 72.125 -6.25 139.389896397749
"2941" 2941 12071 115 1151 72.375 -7.75 137.507438051659
"2942" 2942 12072 115 1151 72.375 -7.25 137.507438051658
"2943" 2943 12073 115 1151 72.125 -7.75 139.389896397749
"2944" 2944 12074 115 1151 72.125 -7.25 139.389896397748
"2945" 2945 12081 115 1151 72.375 -8.75 137.507438051658
"2946" 2946 12082 115 1151 72.375 -8.25 137.507438051659
"2947" 2947 12083 115 1151 72.125 -8.75 139.389896397748
"2948" 2948 12084 115 1151 72.125 -8.25 139.389896397749
"2949" 2949 12091 115 1151 72.375 -9.75 137.507438051659
"2950" 2950 12092 115 1151 72.375 -9.25 137.507438051658
"2951" 2951 12093 115 1151 72.125 -9.75 139.389896397749
"2952" 2952 12094 115 1151 72.125 -9.25 139.389896397748
"2953" 2953 12501 115 1151 72.875 -0.75 133.734146966271
"2954" 2954 12502 115 1151 72.875 -0.25 133.734146966271
"2955" 2955 12503 115 1151 72.625 -0.75 135.62217566231
"2956" 2956 12504 115 1151 72.625 -0.25 135.62217566231
"2957" 2957 12511 115 1151 72.875 -1.75 133.734146966271
"2958" 2958 12512 115 1151 72.875 -1.25 133.734146966271
"2959" 2959 12513 115 1151 72.625 -1.75 135.62217566231
"2960" 2960 12514 115 1151 72.625 -1.25 135.622175662309
"2961" 2961 12521 115 1151 72.875 -2.75 133.734146966271
"2962" 2962 12522 115 1151 72.875 -2.25 133.734146966271
"2963" 2963 12523 115 1151 72.625 -2.75 135.622175662309
"2964" 2964 12524 115 1151 72.625 -2.25 135.622175662309
"2965" 2965 12531 115 1151 72.875 -3.75 133.734146966271
"2966" 2966 12532 115 1151 72.875 -3.25 133.734146966271
"2967" 2967 12533 115 1151 72.625 -3.75 135.622175662309
"2968" 2968 12534 115 1151 72.625 -3.25 135.62217566231
"2969" 2969 12541 115 1151 72.875 -4.75 133.734146966271
"2970" 2970 12542 115 1151 72.875 -4.25 133.734146966271
"2971" 2971 12543 115 1151 72.625 -4.75 135.622175662309
"2972" 2972 12544 115 1151 72.625 -4.25 135.622175662309
"2973" 2973 12551 115 1151 72.875 -5.75 133.734146966271
"2974" 2974 12552 115 1151 72.875 -5.25 133.734146966271
"2975" 2975 12553 115 1151 72.625 -5.75 135.622175662309
"2976" 2976 12554 115 1151 72.625 -5.25 135.622175662309
"2977" 2977 12561 115 1151 72.875 -6.75 133.734146966271
"2978" 2978 12562 115 1151 72.875 -6.25 133.734146966271
"2979" 2979 12563 115 1151 72.625 -6.75 135.622175662309
"2980" 2980 12564 115 1151 72.625 -6.25 135.62217566231
"2981" 2981 12571 115 1151 72.875 -7.75 133.734146966271
"2982" 2982 12572 115 1151 72.875 -7.25 133.734146966271
"2983" 2983 12573 115 1151 72.625 -7.75 135.62217566231
"2984" 2984 12574 115 1151 72.625 -7.25 135.622175662309
"2985" 2985 12581 115 1151 72.875 -8.75 133.734146966271
"2986" 2986 12582 115 1151 72.875 -8.25 133.734146966271
"2987" 2987 12583 115 1151 72.625 -8.75 135.622175662309
"2988" 2988 12584 115 1151 72.625 -8.25 135.62217566231
"2989" 2989 12591 115 1151 72.875 -9.75 133.734146966271
"2990" 2990 12592 115 1151 72.875 -9.25 133.734146966271
"2991" 2991 12593 115 1151 72.625 -9.75 135.62217566231
"2992" 2992 12594 115 1151 72.625 -9.25 135.622175662309
"2993" 2993 4641 NA NA 64.875 -14.75 192.595089440808
"2994" 2994 823 NA NA 60.625 -32.75 222.319147851593
"2995" 2995 -636 NA NA 59.125 -36.25 232.510350730414
"2996" 2996 10173 NA NA 70.125 -17.75 154.344118012226
"2997" 2997 -1179 NA NA 58.875 -32.75 234.192767454364
"2998" 2998 -2086 NA NA 57.625 -41.25 242.53386570886
"2999" 2999 9984 NA NA 69.625 -48.25 158.052018102961
"3000" 3000 13984 NA NA 73.625 -48.25 128.053841668793
"3001" 3001 13482 NA NA 73.375 -48.25 129.949942023104
"3002" 3002 -2848 NA NA 57.375 -15.25 244.187668151353
"3003" 3003 7382 NA NA 67.375 -38.25 174.574301334493
"3004" 3004 12433 NA NA 72.125 -43.75 139.389896397749
"3005" 3005 12462 NA NA 72.375 -46.25 137.507438051659
"3006" 3006 -608 NA NA 59.375 -39.25 230.823275634073
"3007" 3007 -2099 NA NA 57.875 -40.75 240.875215817496
"3008" 3008 -1596 NA NA 58.125 -40.25 239.211749663529
"3009" 3009 12863 NA NA 72.625 -36.75 135.62217566231
"3010" 3010 11432 NA NA 71.375 -43.25 145.020071104333
"3011" 3011 12943 NA NA 72.625 -44.75 135.622175662308
"3012" 3012 11433 NA NA 71.125 -43.75 146.890937643513
"3013" 3013 -3589 NA NA 56.375 -41.75 250.753784334873
"3014" 3014 10974 NA NA 70.625 -47.25 150.623659260223
"3015" 3015 14881 NA NA 74.875 -38.75 118.534886234033
"3016" 3016 14363 NA NA 74.125 -36.75 124.253835540529
"3017" 3017 14371 NA NA 74.375 -37.75 122.350006145946
"3018" 3018 12451 NA NA 72.375 -45.75 137.507438051657
"3019" 3019 -4829 NA NA 55.375 -17.75 257.239880932548
"3020" 3020 13341 NA NA 73.375 -34.75 129.949942023104
"3021" 3021 8962 NA NA 68.875 -46.25 163.58967743356
"3022" 3022 -3348 NA NA 56.875 -15.25 247.480606604924
"3023" 3023 11982 NA NA 71.875 -48.25 141.269513049851
"3024" 3024 10133 NA NA 70.125 -13.75 154.344118012226
"3025" 3025 6381 NA NA 66.375 -38.75 181.827077035719
"3026" 3026 13313 NA NA 73.125 -31.75 131.843389784837
"3027" 3027 13292 NA NA 73.375 -29.25 129.949942023103
"3028" 3028 10351 NA NA 70.375 -35.75 152.485440016773
"3029" 3029 7883 NA NA 67.625 -38.75 172.752169633828
"3030" 3030 9824 NA NA 69.625 -32.25 158.052018102961
"3031" 3031 11134 NA NA 71.125 -13.25 146.890937643513
"3032" 3032 13752 NA NA 73.875 -25.25 126.155126791286
"3033" 3033 10634 NA NA 70.625 -13.25 150.623659260222
"3034" 3034 10314 NA NA 70.125 -31.25 154.344118012226
"3035" 3035 16043 NA NA 76.125 -4.75 108.955359821554
"3036" 3036 10643 NA NA 70.625 -14.75 150.623659260222
"3037" 3037 16044 NA NA 76.125 -4.25 108.955359821554
"3038" 3038 12254 NA NA 72.125 -25.25 139.389896397748
"3039" 3039 11762 NA NA 71.875 -26.25 141.26951304985
"3040" 3040 12711 NA NA 72.875 -21.75 133.734146966271
"3041" 3041 11751 NA NA 71.875 -25.75 141.269513049852
"3042" 3042 10122 NA NA 70.375 -12.25 152.485440016773
"3043" 3043 5491 NA NA 65.375 -49.75 189.020947495982
"3044" 3044 18091 NA NA 78.375 -9.75 91.5750346329003
"3045" 3045 5993 NA NA 65.625 -49.75 187.228125703815
"3046" 3046 13761 NA NA 73.875 -26.75 126.155126791287
"3047" 3047 5994 NA NA 65.625 -49.25 187.22812570382
"3048" 3048 -4847 NA NA 55.125 -15.75 258.848674875703
"3049" 3049 10732 NA NA 70.875 -23.25 148.758812764271
"3050" 3050 11244 NA NA 71.125 -24.25 146.890937643513
"3051" 3051 -6332 NA NA NA NA 0
"3052" 3052 -7342 NA NA NA NA 0
"3053" 3053 5654 NA NA 65.625 -15.25 187.228125703818
"3054" 3054 -53983 NA NA NA NA 0
"3055" 3055 7474 NA NA 67.125 -47.25 176.392893601251
"3056" 3056 -53263 NA NA NA NA 0
"3057" 3057 10132 NA NA 70.375 -13.25 152.485440016772
"3058" 3058 5471 NA NA 65.375 -47.75 189.020947495982
"3059" 3059 -158 NA NA 59.875 -34.25 227.435278317014
"3060" 3060 -1166 NA NA 58.625 -33.25 235.870493968486
"3061" 3061 10164 NA NA 70.125 -16.25 154.344118012226
"3062" 3062 10163 NA NA 70.125 -16.75 154.344118012226
"3063" 3063 832 NA NA 60.875 -33.25 220.604798271237
"3064" 3064 -4579 NA NA 55.375 -42.75 257.239880932545
"3065" 3065 -1158 NA NA 58.875 -34.25 234.192767454361
"3066" 3066 -1609 NA NA 58.375 -39.75 237.543498564409
"3067" 3067 -1598 NA NA 58.375 -40.25 237.543498564409
"3068" 3068 -2598 NA NA 57.375 -40.25 244.187668151353
"3069" 3069 15372 NA NA 75.375 -37.25 114.710074439729
"3070" 3070 14923 NA NA 74.625 -42.75 120.443676915386
"3071" 3071 15373 NA NA 75.125 -37.75 116.62367256329
"3072" 3072 15883 NA NA 75.625 -38.75 112.794130473935
"3073" 3073 -4548 NA NA 55.375 -45.25 257.239880932548
"3074" 3074 -6068 NA NA 53.875 -43.25 266.814772781556
"3075" 3075 14893 NA NA 74.625 -39.75 120.443676915388
"3076" 3076 -5026 NA NA 54.625 -47.25 262.050777117402
"3077" 3077 12473 NA NA 72.125 -47.75 139.389896397747
"3078" 3078 5971 NA NA 65.875 -47.75 185.431516623268
"3079" 3079 8881 NA NA 68.875 -38.75 163.589677433558
"3080" 3080 12343 NA NA 72.125 -34.75 139.389896397749
"3081" 3081 11332 NA NA 71.375 -33.25 145.020071104331
"3082" 3082 5973 NA NA 65.625 -47.75 187.228125703815
"3083" 3083 15562 NA NA 75.875 -6.25 110.875879349437
"3084" 3084 5483 NA NA 65.125 -48.75 190.809947028279
"3085" 3085 15554 NA NA 75.625 -5.25 112.794130473936
"3086" 3086 -3292 NA NA NA NA 0
"3087" 3087 -54004 NA NA NA NA 0
"3088" 3088 5984 NA NA 65.625 -48.25 187.228125703818
"3089" 3089 -697 NA NA 59.125 -30.75 232.510350730414
"3090" 3090 10671 NA NA 70.875 -17.75 148.75881276427
"3091" 3091 2841 NA NA 62.875 -34.75 206.733226659164
"3092" 3092 9983 NA NA 69.625 -48.75 158.052018102961
"3093" 3093 14454 NA NA 74.125 -45.25 124.253835540529
"3094" 3094 -128 NA NA 59.875 -37.25 227.435278317017
"3095" 3095 -1117 NA NA 58.625 -38.75 235.870493968486
"3096" 3096 -1097 NA NA 58.625 -40.75 235.870493968487
"3097" 3097 3175 NA NA NA NA 0
"3098" 3098 11912 NA NA 71.875 -41.25 141.269513049852
"3099" 3099 10973 NA NA 70.625 -47.75 150.623659260221
"3100" 3100 11411 NA NA 71.375 -41.75 145.020071104333
"3101" 3101 -5038 NA NA 54.875 -46.25 260.452316840499
"3102" 3102 -859 NA NA 59.375 -14.75 230.823275634072
"3103" 3103 11431 NA NA 71.375 -43.75 145.020071104333
"3104" 3104 8981 NA NA 68.875 -48.75 163.58967743356
"3105" 3105 8434 NA NA 68.125 -43.25 169.097431370859
"3106" 3106 10841 NA NA 70.875 -34.75 148.75881276427
"3107" 3107 -2837 NA NA 57.125 -16.75 245.836592090701
"3108" 3108 -5328 NA NA 54.875 -17.25 260.452316840497
"3109" 3109 11851 NA NA 71.875 -35.75 141.269513049851
"3110" 3110 10353 NA NA 70.125 -35.75 154.344118012226
"3111" 3111 10903 NA NA 70.625 -40.75 150.623659260221
"3112" 3112 7981 NA NA 67.875 -48.75 170.926534333284
"3113" 3113 12993 NA NA 72.625 -49.75 135.622175662308
"3114" 3114 411 NA NA 60.375 -41.75 224.029032765376
"3115" 3115 12684 NA NA 72.625 -18.25 135.62217566231
"3116" 3116 -59774 NA NA NA NA 0
"3117" 3117 -13674 NA NA NA NA 0
"3118" 3118 -656 NA NA 59.125 -34.25 232.510350730411
"3119" 3119 -659 NA NA 59.375 -34.75 230.823275634073
"3120" 3120 2341 NA NA 62.375 -34.75 210.226784093387
"3121" 3121 -2316 NA NA 57.625 -18.25 242.533865708857
"3122" 3122 12942 NA NA 72.875 -44.25 133.734146966273
"3123" 3123 15384 NA NA 75.125 -38.25 116.623672563293
"3124" 3124 14921 NA NA 74.875 -42.75 118.534886234033
"3125" 3125 10871 NA NA 70.875 -37.75 148.758812764268
"3126" 3126 5651 NA NA 65.875 -15.75 185.43151662327
"3127" 3127 9812 NA NA 69.875 -31.25 156.199656318656
"3128" 3128 6 NA NA NA NA 0
"3129" 3129 5652 NA NA 65.875 -15.25 185.43151662327
"3130" 3130 -5338 NA NA 54.875 -16.25 260.452316840499
"3131" 3131 -43783 NA NA NA NA 0
"3132" 3132 -8341 NA NA NA NA 0
"3133" 3133 852 NA NA 60.875 -35.25 220.60479827124
"3134" 3134 -679 NA NA 59.375 -32.75 230.823275634073
"3135" 3135 -3599 NA NA 56.375 -40.75 250.753784334869
"3136" 3136 11341 NA NA 71.375 -34.75 145.020071104333
"3137" 3137 8371 NA NA 68.375 -37.75 167.264896787667
"3138" 3138 10471 NA NA 70.375 -47.75 152.485440016771
"3139" 3139 14401 NA NA 74.375 -40.75 122.350006145946
"3140" 3140 10823 NA NA 70.625 -32.75 150.623659260223
"3141" 3141 1933 NA NA 61.625 -43.75 215.435289407377
"3142" 3142 471 NA NA 60.375 -47.75 224.029032765373
"3143" 3143 8994 NA NA 68.625 -49.25 165.428966727033
"3144" 3144 -3282 NA NA NA NA 0
"3145" 3145 -5046 NA NA 54.625 -45.25 262.050777117402
"3146" 3146 -4057 NA NA 55.625 -44.75 255.625964857012
"3147" 3147 11902 NA NA 71.875 -40.25 141.269513049851
"3148" 3148 5673 NA NA 65.625 -17.75 187.228125703818
"3149" 3149 -4037 NA NA 55.625 -46.75 255.625964857019
"3150" 3150 7484 NA NA 67.125 -48.25 176.392893601251
"3151" 3151 -6353 NA NA NA NA 0
"3152" 3152 9804 NA NA 69.625 -30.25 158.052018102961
"3153" 3153 14871 NA NA 74.875 -37.75 118.534886234033
"3154" 3154 15371 NA NA 75.375 -37.75 114.710074439728
"3155" 3155 -5547 NA NA 54.125 -45.75 265.232034454372
"3156" 3156 12381 NA NA 72.375 -38.75 137.507438051657
"3157" 3157 13843 NA NA 73.625 -34.75 128.053841668793
"3158" 3158 11932 NA NA 71.875 -43.25 141.269513049851
"3159" 3159 10413 NA NA 70.125 -41.75 154.344118012226
"3160" 3160 9932 NA NA 69.875 -43.25 156.199656318656
"3161" 3161 13782 NA NA 73.875 -28.25 126.155126791286
"3162" 3162 -12058 NA NA 47.875 -44.25 303.145772090436
"3163" 3163 -59823 NA NA NA NA 0
"3164" 3164 30774 NA NA 90.625 -27.25 0
"3165" 3165 11434 NA NA 71.125 -43.25 146.890937643513
"3166" 3166 -1086 NA NA 58.625 -41.25 235.870493968492
"3167" 3167 2372 NA NA 62.375 -37.25 210.226784093387
"3168" 3168 15361 NA NA 75.375 -36.75 114.710074439729
"3169" 3169 15902 NA NA 75.875 -40.25 110.875879349437
"3170" 3170 -5538 NA NA 54.375 -46.25 263.644026133787
"3171" 3171 8882 NA NA 68.875 -38.25 163.589677433562
"3172" 3172 2351 NA NA 62.375 -35.75 210.226784093387
"3173" 3173 6392 NA NA 66.375 -39.25 181.827077035722
"3174" 3174 -6069 NA NA 53.875 -43.75 266.814772781556
"3175" 3175 8861 NA NA 68.875 -36.75 163.58967743356
"3176" 3176 -3839 NA NA 56.375 -16.75 250.753784334873
"3177" 3177 10882 NA NA 70.875 -38.25 148.758812764272
"3178" 3178 -5418 NA NA 54.875 -8.25 260.452316840499
"3179" 3179 4414 NA NA 64.125 -41.25 197.9270270496
"3180" 3180 -8334 NA NA NA NA 0
"3181" 3181 -2229 NA NA 57.875 -27.75 240.875215817499
"3182" 3182 -1116 NA NA 58.625 -38.25 235.870493968492
"3183" 3183 -3098 NA NA 56.875 -40.25 247.480606604924
"3184" 3184 11871 NA NA 71.875 -37.75 141.269513049849
"3185" 3185 14901 NA NA 74.875 -40.75 118.534886234033
"3186" 3186 11442 NA NA 71.375 -44.25 145.020071104335
"3187" 3187 10954 NA NA 70.625 -45.25 150.623659260223
"3188" 3188 -856 NA NA 59.125 -14.25 232.510350730414
"3189" 3189 12844 NA NA 72.625 -34.25 135.622175662308
"3190" 3190 18594 NA NA 78.625 -9.25 89.6339775994092
"3191" 3191 -53336 NA NA 6.625 -16.25 445.70092932926
"3192" 3192 -8332 NA NA NA NA 0
"3193" 3193 14434 NA NA 74.125 -43.25 124.253835540529
"3194" 3194 15343 NA NA 75.125 -34.75 116.623672563291
"3195" 3195 15332 NA NA 75.375 -33.25 114.710074439728
"3196" 3196 11674 NA NA 71.625 -17.25 143.146250444058
"3197" 3197 9934 NA NA 69.625 -43.25 158.052018102961
"3198" 3198 16533 NA NA 76.625 -3.75 105.107670929188
"3199" 3199 11211 NA NA 71.375 -21.75 145.020071104333
"3200" 3200 12194 NA NA 72.125 -19.25 139.389896397749
"3201" 3201 4984 NA NA 64.625 -48.25 194.376339985879
"3202" 3202 4204 NA NA 64.125 -20.25 197.927027049597
"3203" 3203 6932 NA NA 66.875 -43.25 178.207910704906
"3204" 3204 13942 NA NA 73.875 -44.25 126.155126791289
"3205" 3205 -857 NA NA 59.125 -14.75 232.510350730412
"3206" 3206 15114 NA NA 75.125 -11.25 116.623672563291
"3207" 3207 4964 NA NA 64.625 -46.25 194.376339985878
"3208" 3208 30234 NA NA 90.125 -23.25 0
"3209" 3209 20574 NA NA 80.625 -7.25 74.0426921043416
"3210" 3210 64389 NA NA NA NA 0
"3211" 3211 10461 NA NA 70.375 -46.75 152.485440016775
"3212" 3212 -2818 NA NA 57.375 -18.25 244.187668151353
"3213" 3213 9944 NA NA 69.625 -44.25 158.052018102963
"3214" 3214 9421 NA NA 69.375 -42.75 159.901166627737
"3215" 3215 -4307 NA NA 55.625 -19.75 255.625964857016
"3216" 3216 -5847 NA NA 54.125 -15.75 265.232034454375
"3217" 3217 -50996 NA NA 9.125 -0.25 443.089173588219
"3218" 3218 -59369 NA NA 0.875 -13.75 448.565967784375
"3219" 3219 11684 NA NA 71.625 -18.25 143.146250444059
"3220" 3220 -6347 NA NA 53.625 -15.75 268.39221195581
"3221" 3221 -1107 NA NA 58.625 -39.75 235.87049396849
"3222" 3222 14504 NA NA 74.625 -0.25 120.443676915388
"3223" 3223 -5029 NA NA 54.875 -47.75 260.452316840495
"3224" 3224 13831 NA NA 73.875 -33.75 126.155126791289
"3225" 3225 9361 NA NA 69.375 -36.75 159.901166627739
"3226" 3226 6842 NA NA 66.875 -34.25 178.207910704904
"3227" 3227 -35247 NA NA 24.625 -25.75 408.769900827653
"3228" 3228 12181 NA NA 72.375 -18.75 137.507438051658
"3229" 3229 -9849 NA NA 50.375 -15.75 288.40368427267
"3230" 3230 5184 NA NA 65.125 -18.25 190.809947028279
"3231" 3231 -19774 NA NA NA NA 0
"3232" 3232 13302 NA NA 73.375 -30.25 129.949942023104
"3233" 3233 11382 NA NA 71.375 -38.25 145.020071104335
"3234" 3234 -9756 NA NA 50.125 -24.25 289.903951728933
"3235" 3235 -7841 NA NA NA NA 0
"3236" 3236 15893 NA NA 75.625 -39.75 112.794130473936
"3237" 3237 -3847 NA NA 56.125 -15.75 252.382886372866
"3238" 3238 9461 NA NA 69.375 -46.75 159.901166627741
"3239" 3239 6961 NA NA 66.875 -46.75 178.207910704908
"3240" 3240 13291 NA NA 73.375 -29.75 129.949942023104
"3241" 3241 -357 NA NA 59.625 -14.75 229.131574131563
"3242" 3242 13642 NA NA 73.875 -14.25 126.155126791287
"3243" 3243 -25366 NA NA 34.625 -13.25 370.767869551457
"3244" 3244 12261 NA NA 72.375 -26.75 137.507438051659
"3245" 3245 12284 NA NA 72.125 -28.25 139.389896397748
"3246" 3246 851 NA NA 60.875 -35.75 220.60479827124
"3247" 3247 -5059 NA NA 54.875 -44.75 260.452316840495
"3248" 3248 15392 NA NA 75.375 -39.25 114.710074439729
"3249" 3249 12364 NA NA 72.125 -36.25 139.389896397749
"3250" 3250 -13791 NA NA NA NA 0
"3251" 3251 -5048 NA NA 54.875 -45.25 260.452316840499
"3252" 3252 6962 NA NA 66.875 -46.25 178.207910704906
"3253" 3253 12331 NA NA 72.375 -33.75 137.507438051661
"3254" 3254 -4794 NA NA NA NA 0
"3255" 3255 -52101 NA NA NA NA 0
"3256" 3256 14453 NA NA 74.125 -45.75 124.253835540527
"3257" 3257 -12026 NA NA 47.625 -47.25 304.587648664934
"3258" 3258 -2168 NA NA 57.875 -33.25 240.875215817496
"3259" 3259 12133 NA NA 72.125 -13.75 139.389896397749
"3260" 3260 -13058 NA NA 46.875 -44.25 308.877282786563
"3261" 3261 13253 NA NA 73.125 -25.75 131.843389784838
"3262" 3262 7921 NA NA 67.875 -42.75 170.926534333282
"3263" 3263 -5548 NA NA 54.375 -45.25 263.644026133787
"3264" 3264 10411 NA NA 70.375 -41.75 152.485440016773
"3265" 3265 11672 NA NA 71.875 -17.25 141.26951304985
"3266" 3266 -53493 NA NA NA NA 0
"3267" 3267 -18863 NA NA NA NA 0
"3268" 3268 4171 NA NA 64.375 -17.75 196.153664029036
"3269" 3269 3951 NA NA 63.875 -45.75 199.696394641603
"3270" 3270 -59794 NA NA NA NA 0
"3271" 3271 -4349 NA NA 55.875 -15.75 254.006956631226
"3272" 3272 -5367 NA NA 54.625 -13.75 262.050777117402
"3273" 3273 -11073 NA NA NA NA 0
"3274" 3274 10604 NA NA 70.625 -10.25 150.623659260223
"3275" 3275 13453 NA NA 73.125 -45.75 131.843389784835
"3276" 3276 10364 NA NA 70.125 -36.25 154.344118012226
"3277" 3277 -53797 NA NA 6.125 -20.75 446.124157762719
"3278" 3278 7482 NA NA 67.375 -48.25 174.574301334491
"3279" 3279 -59504 NA NA NA NA 0
"3280" 3280 -3528 NA NA 56.375 -47.25 250.753784334873
"3281" 3281 -35762 NA NA NA NA 0
"3282" 3282 7933 NA NA 67.625 -43.75 172.75216963383
"3283" 3283 -53874 NA NA NA NA 0
"3284" 3284 -3304 NA NA NA NA 0
"3285" 3285 30994 NA NA 90.625 -49.25 0
"3286" 3286 18212 NA NA 78.375 -21.25 91.5750346328997
"3287" 3287 -22813 NA NA NA NA 0
"3288" 3288 -10183 NA NA NA NA 0
"3289" 3289 -8094 NA NA NA NA 0
"3290" 3290 -16511 NA NA NA NA 0
"3291" 3291 4474 NA NA 64.125 -47.25 197.927027049598
"3292" 3292 5151 NA NA 65.375 -15.75 189.020947495984
"3293" 3293 -32502 NA NA NA NA 0
"3294" 3294 -18473 NA NA NA NA 0
"3295" 3295 -42342 NA NA NA NA 0
"3296" 3296 2864 NA NA 62.625 -36.25 208.482105083812
"3297" 3297 3444 NA NA 63.125 -44.25 204.98018252197
"3298" 3298 -35351 NA NA NA NA 0
"3299" 3299 2334 NA NA 62.125 -33.25 211.967230105173
"3300" 3300 -9232 NA NA NA NA 0
"3301" 3301 12212 NA NA 72.375 -21.25 137.507438051658
"3302" 3302 -84564 NA NA NA NA 0
"3303" 3303 1864 NA NA 61.625 -36.25 215.435289407377
"3304" 3304 -17514 NA NA NA NA 0
"3305" 3305 -10244 NA NA NA NA 0
"3306" 3306 5464 NA NA 65.125 -46.25 190.809947028279
"3307" 3307 -17542 NA NA NA NA 0
"3308" 3308 -1071 NA NA NA NA 0
"3309" 3309 3464 NA NA 63.125 -46.25 204.980182521967
"3310" 3310 3371 NA NA 63.375 -37.75 203.223006493775
"3311" 3311 -35861 NA NA NA NA 0
"3312" 3312 -9994 NA NA NA NA 0
"3313" 3313 -40842 NA NA NA NA 0
"3314" 3314 -10204 NA NA NA NA 0
"3315" 3315 3983 NA NA 63.625 -48.75 201.461732514475
"3316" 3316 3961 NA NA 63.875 -46.75 199.696394641608
"3317" 3317 -14431 NA NA NA NA 0
"3318" 3318 29181 NA NA 89.375 -18.75 4.95994787907088
"3319" 3319 -9154 NA NA NA NA 0
"3320" 3320 -10012 NA NA NA NA 0
"3321" 3321 2371 NA NA 62.375 -37.75 210.226784093384
"3322" 3322 2344 NA NA 62.125 -34.25 211.967230105173
"3323" 3323 4461 NA NA 64.375 -46.75 196.153664029038
"3324" 3324 3962 NA NA 63.875 -46.25 199.696394641606
"3325" 3325 3964 NA NA 63.625 -46.25 201.461732514475
"3326" 3326 4451 NA NA 64.375 -45.75 196.153664029034
"3327" 3327 -35363 NA NA NA NA 0
"3328" 3328 2962 NA NA 62.875 -46.25 206.733226659164
"3329" 3329 -38144 NA NA NA NA 0
"3330" 3330 -43343 NA NA NA NA 0
"3331" 3331 5873 NA NA 65.625 -37.75 187.228125703815
"3332" 3332 -10372 NA NA NA NA 0
"3333" 3333 -15244 NA NA NA NA 0
"3334" 3334 -15653 NA NA NA NA 0
"3335" 3335 -22501 NA NA NA NA 0
"3336" 3336 -40342 NA NA NA NA 0
"3337" 3337 3933 NA NA 63.625 -43.75 201.461732514475
"3338" 3338 30504 NA NA 90.625 -0.25 0
"3339" 3339 -7752 NA NA NA NA 0
"3340" 3340 2471 NA NA 62.375 -47.75 210.226784093384
"3341" 3341 -14614 NA NA NA NA 0
"3342" 3342 -37992 NA NA NA NA 0
"3343" 3343 7841 NA NA 67.875 -34.75 170.926534333284
"3344" 3344 -6863 NA NA NA NA 0
"3345" 3345 -35202 NA NA NA NA 0
"3346" 3346 -16814 NA NA NA NA 0
"3347" 3347 -16442 NA NA NA NA 0
"3348" 3348 -11452 NA NA NA NA 0
"3349" 3349 -44841 NA NA NA NA 0
"3350" 3350 3441 NA NA 63.375 -44.75 203.223006493775
"3351" 3351 -16371 NA NA NA NA 0
"3352" 3352 -24764 NA NA NA NA 0
"3353" 3353 5161 NA NA 65.375 -16.75 189.020947495984
"3354" 3354 -7922 NA NA NA NA 0
"3355" 3355 2983 NA NA 62.625 -48.75 208.482105083812
"3356" 3356 -18652 NA NA NA NA 0
"3357" 3357 -10452 NA NA NA NA 0
"3358" 3358 2473 NA NA 62.125 -47.75 211.967230105173
"3359" 3359 -18282 NA NA NA NA 0
"3360" 3360 -18373 NA NA NA NA 0
"3361" 3361 -16582 NA NA NA NA 0
"3362" 3362 -47153 NA NA NA NA 0
"3363" 3363 1962 NA NA 61.875 -46.25 213.703409656883
"3364" 3364 8993 NA NA 68.625 -49.75 165.428966727029
"3365" 3365 2442 NA NA 62.375 -44.25 210.226784093389
"3366" 3366 -9774 NA NA NA NA 0
"3367" 3367 -5014 NA NA NA NA 0
"3368" 3368 -4664 NA NA NA NA 0
"3369" 3369 -13532 NA NA NA NA 0
"3370" 3370 -10742 NA NA NA NA 0
"3371" 3371 -40654 NA NA NA NA 0
"3372" 3372 -44342 NA NA NA NA 0
"3373" 3373 -26802 NA NA NA NA 0
"3374" 3374 -48894 NA NA NA NA 0
"3375" 3375 51104 NA NA 111.125 -10.25 0
"3376" 3376 -35853 NA NA NA NA 0
"3377" 3377 6424 NA NA 66.125 -42.25 183.631155336532
"3378" 3378 -12332 NA NA NA NA 0
"3379" 3379 -12354 NA NA NA NA 0
"3380" 3380 -9851 NA NA NA NA 0
"3381" 3381 -15994 NA NA NA NA 0
"3382" 3382 -10752 NA NA NA NA 0
"3383" 3383 -9674 NA NA NA NA 0
"3384" 3384 -10004 NA NA NA NA 0
"3385" 3385 16722 NA NA 76.875 -22.25 103.180579424251
"3386" 3386 -16773 NA NA NA NA 0
"3387" 3387 10764 NA NA 70.625 -26.25 150.623659260222
"3388" 3388 -7562 NA NA NA NA 0
"3389" 3389 -8004 NA NA NA NA 0
"3390" 3390 -36404 NA NA NA NA 0
"3391" 3391 -36801 NA NA NA NA 0
"3392" 3392 7412 NA NA 67.375 -41.25 174.574301334493
"3393" 3393 -36873 NA NA NA NA 0
"3394" 3394 -14754 NA NA NA NA 0
"3395" 3395 24222 NA NA 84.375 -22.25 44.563020617003
"3396" 3396 -18122 NA NA NA NA 0
"3397" 3397 5383 NA NA 65.125 -38.75 190.809947028277
"3398" 3398 -40634 NA NA NA NA 0
"3399" 3399 -18174 NA NA NA NA 0
"3400" 3400 20914 NA NA 80.625 -41.25 74.0426921043427
"3401" 3401 -14263 NA NA NA NA 0
"3402" 3402 7344 NA NA 67.125 -34.25 176.392893601249
"3403" 3403 2943 NA NA 62.625 -44.75 208.48210508381
"3404" 3404 -13854 NA NA NA NA 0
"3405" 3405 -38294 NA NA NA NA 0
"3406" 3406 664004 NA NA 724.125 -0.25 447.485830908068
"3407" 3407 -4834 NA NA NA NA 0
"3408" 3408 50504 NA NA 110.625 -0.25 0
"3409" 3409 6411 NA NA 66.375 -41.75 181.827077035722
"3410" 3410 -67482 NA NA NA NA 0
"3411" 3411 -45903 NA NA NA NA 0
"3412" 3412 -38972 NA NA NA NA 0
"3413" 3413 24023 NA NA 84.125 -2.75 46.5362541751474
"3414" 3414 -5333 NA NA NA NA 0
"3415" 3415 414 NA NA 60.125 -41.25 225.734420412133
"3416" 3416 914 NA NA 60.625 -41.25 222.319147851596
"3417" 3417 1402 NA NA 61.375 -40.25 217.162836137312
"3418" 3418 1863 NA NA 61.625 -36.75 215.435289407377
"3419" 3419 1372 NA NA 61.375 -37.25 217.162836137312
"3420" 3420 2914 NA NA 62.625 -41.25 208.482105083815
"3421" 3421 403 NA NA 60.125 -40.75 225.734420412127
"3422" 3422 1903 NA NA 61.625 -40.75 215.435289407374
"3423" 3423 1891 NA NA 61.875 -39.75 213.703409656883
"3424" 3424 1401 NA NA 61.375 -40.75 217.162836137309
"3425" 3425 5872 NA NA 65.875 -37.25 185.43151662327
"3426" 3426 2883 NA NA 62.625 -38.75 208.48210508381
"3427" 3427 893 NA NA 60.625 -39.75 222.319147851593
"3428" 3428 391 NA NA 60.375 -39.75 224.029032765376
"3429" 3429 4393 NA NA 64.125 -39.75 197.927027049598
"3430" 3430 1371 NA NA 61.375 -37.75 217.162836137309
"3431" 3431 10622 NA NA 70.875 -12.25 148.75881276427
"3432" 3432 7853 NA NA 67.625 -35.75 172.75216963383
"3433" 3433 5871 NA NA 65.875 -37.75 185.431516623268
"3434" 3434 902 NA NA 60.875 -40.25 220.60479827124
"3435" 3435 10204 NA NA 70.125 -20.25 154.344118012225
"3436" 3436 883 NA NA 60.625 -38.75 222.31914785159
"3437" 3437 9742 NA NA 69.875 -24.25 156.199656318656
"3438" 3438 344 NA NA 60.125 -34.25 225.734420412127
"3439" 3439 -638 NA NA 59.375 -36.25 230.823275634073
"3440" 3440 353 NA NA 60.125 -35.75 225.73442041213
"3441" 3441 333 NA NA 60.125 -33.75 225.734420412133
"3442" 3442 -1148 NA NA 58.875 -35.25 234.192767454364
"3443" 3443 -2649 NA NA 57.375 -35.75 244.187668151353
"3444" 3444 -2636 NA NA 57.125 -36.25 245.836592090701
"3445" 3445 11164 NA NA 71.125 -16.25 146.890937643513
"3446" 3446 10162 NA NA 70.375 -16.25 152.485440016773
"3447" 3447 10661 NA NA 70.875 -16.75 148.75881276427
"3448" 3448 2324 NA NA 62.125 -32.25 211.967230105176
"3449" 3449 -2639 NA NA 57.375 -36.75 244.187668151353
"3450" 3450 -1168 NA NA 58.875 -33.25 234.192767454361
"3451" 3451 352 NA NA 60.375 -35.25 224.029032765376
"3452" 3452 1854 NA NA 61.625 -35.25 215.435289407377
"3453" 3453 11983 NA NA 71.625 -48.75 143.146250444059
"3454" 3454 12932 NA NA 72.875 -43.25 133.734146966271
"3455" 3455 12923 NA NA 72.625 -42.75 135.622175662308
"3456" 3456 11963 NA NA 71.625 -46.75 143.146250444061
"3457" 3457 -2599 NA NA 57.375 -40.75 244.18766815135
"3458" 3458 16403 NA NA 76.125 -40.75 108.955359821553
"3459" 3459 11923 NA NA 71.625 -42.75 143.146250444057
"3460" 3460 -2589 NA NA 57.375 -41.75 244.187668151353
"3461" 3461 13433 NA NA 73.125 -43.75 131.843389784837
"3462" 3462 -4056 NA NA 55.625 -44.25 255.625964857019
"3463" 3463 12371 NA NA 72.375 -37.75 137.507438051657
"3464" 3464 13373 NA NA 73.125 -37.75 131.843389784835
"3465" 3465 -1326 NA NA 58.625 -17.25 235.870493968488
"3466" 3466 -1337 NA NA 58.625 -16.75 235.870493968489
"3467" 3467 11901 NA NA 71.875 -40.75 141.269513049849
"3468" 3468 12873 NA NA 72.625 -37.75 135.622175662308
"3469" 3469 -3579 NA NA 56.375 -42.75 250.753784334869
"3470" 3470 -1346 NA NA 58.625 -15.25 235.870493968489
"3471" 3471 9954 NA NA 69.625 -45.25 158.052018102961
"3472" 3472 9451 NA NA 69.375 -45.75 159.901166627737
"3473" 3473 10933 NA NA 70.625 -43.75 150.623659260223
"3474" 3474 -4036 NA NA 55.625 -46.25 255.625964857016
"3475" 3475 -2327 NA NA 57.625 -17.75 242.533865708857
"3476" 3476 10343 NA NA 70.125 -34.75 154.344118012226
"3477" 3477 10851 NA NA 70.875 -35.75 148.75881276427
"3478" 3478 10821 NA NA 70.875 -32.75 148.75881276427
"3479" 3479 10324 NA NA 70.125 -32.25 154.344118012226
"3480" 3480 10323 NA NA 70.125 -32.75 154.344118012226
"3481" 3481 10321 NA NA 70.375 -32.75 152.485440016773
"3482" 3482 12494 NA NA 72.125 -49.25 139.389896397751
"3483" 3483 8361 NA NA 68.375 -36.75 167.26489678767
"3484" 3484 10731 NA NA 70.875 -23.75 148.758812764269
"3485" 3485 10742 NA NA 70.875 -24.25 148.75881276427
"3486" 3486 16041 NA NA 76.375 -4.75 107.032610716282
"3487" 3487 12681 NA NA 72.875 -18.75 133.73414696627
"3488" 3488 15104 NA NA 75.125 -10.25 116.623672563291
"3489" 3489 15644 NA NA 75.625 -14.25 112.794130473936
"3490" 3490 16051 NA NA 76.375 -5.75 107.032610716282
"3491" 3491 16562 NA NA 76.875 -6.25 103.180579424251
"3492" 3492 -439 NA NA 59.875 -6.75 227.435278317017
"3493" 3493 11242 NA NA 71.375 -24.25 145.020071104333
"3494" 3494 6493 NA NA 66.125 -49.75 183.631155336529
"3495" 3495 5991 NA NA 65.875 -49.75 185.431516623268
"3496" 3496 18092 NA NA 78.375 -9.25 91.5750346329
"3497" 3497 6472 NA NA 66.375 -47.25 181.827077035722
"3498" 3498 4492 NA NA 64.375 -49.25 196.153664029038
"3499" 3499 6474 NA NA 66.125 -47.25 183.631155336532
"3500" 3500 5182 NA NA 65.375 -18.25 189.020947495984
"3501" 3501 -6341 NA NA NA NA 0
"3502" 3502 -9344 NA NA NA NA 0
"3503" 3503 11253 NA NA 71.125 -25.75 146.890937643514
"3504" 3504 12683 NA NA 72.625 -18.75 135.622175662309
"3505" 3505 -7344 NA NA NA NA 0
"3506" 3506 9332 NA NA 69.375 -33.25 159.901166627737
"3507" 3507 11241 NA NA 71.375 -24.75 145.020071104333
"3508" 3508 5983 NA NA 65.625 -48.75 187.228125703818
"3509" 3509 13774 NA NA 73.625 -27.25 128.053841668793
"3510" 3510 -136 NA NA 59.625 -36.25 229.131574131565
"3511" 3511 -637 NA NA 59.125 -36.75 232.510350730414
"3512" 3512 10682 NA NA 70.875 -18.25 148.75881276427
"3513" 3513 -2329 NA NA 57.875 -17.75 240.875215817499
"3514" 3514 -2109 NA NA 57.875 -39.75 240.875215817499
"3515" 3515 11981 NA NA 71.875 -48.75 141.269513049851
"3516" 3516 9492 NA NA 69.375 -49.25 159.901166627741
"3517" 3517 11942 NA NA 71.875 -44.25 141.269513049852
"3518" 3518 -2087 NA NA 57.625 -41.75 242.533865708857
"3519" 3519 12921 NA NA 72.875 -42.75 133.73414696627
"3520" 3520 13874 NA NA 73.625 -37.25 128.053841668793
"3521" 3521 8373 NA NA 68.125 -37.75 169.097431370857
"3522" 3522 11953 NA NA 71.625 -45.75 143.146250444057
"3523" 3523 -5028 NA NA 54.875 -47.25 260.452316840499
"3524" 3524 6894 NA NA 66.625 -39.25 180.019317022026
"3525" 3525 -4068 NA NA 55.875 -43.25 254.006956631226
"3526" 3526 11403 NA NA 71.125 -40.75 146.890937643512
"3527" 3527 14873 NA NA 74.625 -37.75 120.443676915386
"3528" 3528 14431 NA NA 74.375 -43.75 122.350006145947
"3529" 3529 -2606 NA NA 57.125 -39.25 245.836592090701
"3530" 3530 12464 NA NA 72.125 -46.25 139.389896397749
"3531" 3531 13862 NA NA 73.875 -36.25 126.155126791287
"3532" 3532 11452 NA NA 71.375 -45.25 145.020071104333
"3533" 3533 -2097 NA NA 57.625 -40.75 242.533865708854
"3534" 3534 9943 NA NA 69.625 -44.75 158.052018102959
"3535" 3535 9903 NA NA 69.625 -40.75 158.052018102959
"3536" 3536 11343 NA NA 71.125 -34.75 146.890937643513
"3537" 3537 472 NA NA 60.375 -47.25 224.029032765376
"3538" 3538 -59 NA NA 59.875 -44.75 227.435278317014
"3539" 3539 11234 NA NA 71.125 -23.25 146.890937643514
"3540" 3540 5152 NA NA 65.375 -15.25 189.020947495984
"3541" 3541 11252 NA NA 71.375 -25.25 145.020071104332
"3542" 3542 -9848 NA NA 50.375 -15.25 288.40368427267
"3543" 3543 11233 NA NA 71.125 -23.75 146.890937643512
"3544" 3544 -6843 NA NA NA NA 0
"3545" 3545 11733 NA NA 71.625 -23.75 143.146250444058
"3546" 3546 -8844 NA NA NA NA 0
"3547" 3547 -6334 NA NA NA NA 0
"3548" 3548 10721 NA NA 70.875 -22.75 148.758812764269
"3549" 3549 -451 NA NA NA NA 0
"3550" 3550 10161 NA NA 70.375 -16.75 152.485440016773
"3551" 3551 4162 NA NA 64.375 -16.25 196.153664029036
"3552" 3552 874 NA NA 60.625 -37.25 222.319147851593
"3553" 3553 -1318 NA NA 58.875 -18.25 234.192767454364
"3554" 3554 -2318 NA NA 57.875 -18.25 240.875215817499
"3555" 3555 11984 NA NA 71.625 -48.25 143.146250444059
"3556" 3556 12944 NA NA 72.625 -44.25 135.622175662311
"3557" 3557 8384 NA NA 68.125 -38.25 169.097431370861
"3558" 3558 10972 NA NA 70.875 -47.25 148.75881276427
"3559" 3559 12431 NA NA 72.375 -43.75 137.507438051659
"3560" 3560 14322 NA NA 74.375 -32.25 122.350006145947
"3561" 3561 14391 NA NA 74.375 -39.75 122.350006145947
"3562" 3562 -4538 NA NA 55.375 -46.25 257.239880932548
"3563" 3563 -2826 NA NA 57.125 -17.25 245.836592090699
"3564" 3564 11363 NA NA 71.125 -36.75 146.890937643513
"3565" 3565 8463 NA NA 68.125 -46.75 169.097431370861
"3566" 3566 4893 NA NA 64.625 -39.75 194.376339985878
"3567" 3567 9861 NA NA 69.875 -36.75 156.199656318656
"3568" 3568 11354 NA NA 71.125 -35.25 146.890937643513
"3569" 3569 11854 NA NA 71.625 -35.25 143.146250444059
"3570" 3570 -12028 NA NA 47.875 -47.25 303.145772090432
"3571" 3571 7872 NA NA 67.875 -37.25 170.926534333284
"3572" 3572 -13046 NA NA 46.625 -45.25 310.295077901096
"3573" 3573 12234 NA NA 72.125 -23.25 139.38989639775
"3574" 3574 11302 NA NA 71.375 -30.25 145.020071104333
"3575" 3575 -7351 NA NA NA NA 0
"3576" 3576 9844 NA NA 69.625 -34.25 158.052018102959
"3577" 3577 1343 NA NA 61.125 -34.75 218.88601674982
"3578" 3578 -3566 NA NA 56.125 -43.25 252.382886372866
"3579" 3579 13884 NA NA 73.625 -38.25 128.053841668795
"3580" 3580 9974 NA NA 69.625 -47.25 158.052018102961
"3581" 3581 13901 NA NA 73.875 -40.75 126.155126791286
"3582" 3582 12884 NA NA 72.625 -38.25 135.622175662311
"3583" 3583 14341 NA NA 74.375 -34.75 122.350006145947
"3584" 3584 -3316 NA NA 56.625 -18.25 249.119680904906
"3585" 3585 9931 NA NA 69.875 -43.75 156.199656318656
"3586" 3586 10881 NA NA 70.875 -38.75 148.758812764268
"3587" 3587 2932 NA NA 62.875 -43.25 206.733226659164
"3588" 3588 -5318 NA NA 54.875 -18.25 260.452316840499
"3589" 3589 -48 NA NA 59.875 -45.25 227.435278317017
"3590" 3590 -4839 NA NA 55.375 -16.75 257.239880932548
"3591" 3591 7993 NA NA 67.625 -49.75 172.752169633828
"3592" 3592 11724 NA NA 71.625 -22.25 143.146250444059
"3593" 3593 -5343 NA NA NA NA 0
"3594" 3594 6481 NA NA 66.375 -48.75 181.827077035722
"3595" 3595 3473 NA NA 63.125 -47.75 204.980182521964
"3596" 3596 -689 NA NA 59.375 -31.75 230.823275634073
"3597" 3597 -149 NA NA 59.875 -35.75 227.435278317017
"3598" 3598 1823 NA NA 61.625 -32.75 215.435289407377
"3599" 3599 -1087 NA NA 58.625 -41.75 235.87049396849
"3600" 3600 -4076 NA NA 55.625 -42.25 255.625964857016
"3601" 3601 -118 NA NA 59.875 -38.25 227.43527831702
"3602" 3602 -1608 NA NA 58.375 -39.25 237.543498564409
"3603" 3603 13934 NA NA 73.625 -43.25 128.053841668793
"3604" 3604 12394 NA NA 72.125 -39.25 139.389896397749
"3605" 3605 14373 NA NA 74.125 -37.75 124.253835540527
"3606" 3606 -3567 NA NA 56.125 -43.75 252.382886372866
"3607" 3607 -5037 NA NA 54.625 -46.75 262.050777117405
"3608" 3608 4661 NA NA 64.875 -16.75 192.595089440809
"3609" 3609 5494 NA NA 65.125 -49.25 190.809947028282
"3610" 3610 11691 NA NA 71.875 -19.75 141.269513049851
"3611" 3611 5413 NA NA 65.125 -41.75 190.809947028279
"3612" 3612 18102 NA NA 78.375 -10.25 91.5750346329003
"3613" 3613 10722 NA NA 70.875 -22.25 148.75881276427
"3614" 3614 -9846 NA NA 50.125 -15.25 289.903951728933
"3615" 3615 6973 NA NA 66.625 -47.75 180.019317022024
"3616" 3616 -1178 NA NA 58.875 -32.25 234.192767454364
"3617" 3617 11163 NA NA 71.125 -16.75 146.890937643513
"3618" 3618 1324 NA NA 61.125 -32.25 218.88601674982
"3619" 3619 -2118 NA NA 57.875 -38.25 240.875215817502
"3620" 3620 -2859 NA NA 57.375 -14.75 244.187668151352
"3621" 3621 -1619 NA NA 58.375 -38.75 237.543498564406
"3622" 3622 -2586 NA NA 57.125 -41.25 245.836592090704
"3623" 3623 8383 NA NA 68.125 -38.75 169.097431370857
"3624" 3624 8393 NA NA 68.125 -39.75 169.097431370859
"3625" 3625 16393 NA NA 76.125 -39.75 108.955359821554
"3626" 3626 10452 NA NA 70.375 -45.25 152.485440016773
"3627" 3627 13361 NA NA 73.375 -36.75 129.949942023104
"3628" 3628 -2418 NA NA 57.875 -8.25 240.875215817499
"3629" 3629 -35777 NA NA 24.125 -22.75 410.353178007372
"3630" 3630 -12536 NA NA 47.125 -46.25 307.453429403267
"3631" 3631 -7844 NA NA NA NA 0
"3632" 3632 4191 NA NA 64.375 -19.75 196.153664029036
"3633" 3633 351 NA NA 60.375 -35.75 224.029032765376
"3634" 3634 9853 NA NA 69.625 -35.75 158.052018102961
"3635" 3635 12911 NA NA 72.875 -41.75 133.734146966271
"3636" 3636 13872 NA NA 73.875 -37.25 126.155126791287
"3637" 3637 13354 NA NA 73.125 -35.25 131.843389784837
"3638" 3638 13363 NA NA 73.125 -36.75 131.843389784837
"3639" 3639 5664 NA NA 65.625 -16.25 187.228125703818
"3640" 3640 5662 NA NA 65.875 -16.25 185.43151662327
"3641" 3641 -9351 NA NA NA NA 0
"3642" 3642 -60011 NA NA NA NA 0
"3643" 3643 8494 NA NA 68.125 -49.25 169.097431370861
"3644" 3644 -1189 NA NA 58.875 -31.75 234.192767454364
"3645" 3645 16392 NA NA 76.375 -39.25 107.032610716282
"3646" 3646 13933 NA NA 73.625 -43.75 128.053841668793
"3647" 3647 14872 NA NA 74.875 -37.25 118.534886234034
"3648" 3648 12392 NA NA 72.375 -39.25 137.507438051659
"3649" 3649 14892 NA NA 74.875 -39.25 118.534886234034
"3650" 3650 10964 NA NA 70.625 -46.25 150.623659260223
"3651" 3651 7461 NA NA 67.375 -46.75 174.574301334493
"3652" 3652 7961 NA NA 67.875 -46.75 170.926534333287
"3653" 3653 13794 NA NA 73.625 -29.25 128.053841668792
"3654" 3654 7 NA NA NA NA 0
"3655" 3655 -6837 NA NA 53.125 -16.75 271.531076900249
"3656" 3656 -58443 NA NA NA NA 0
"3657" 3657 1843 NA NA 61.625 -34.75 215.435289407377
"3658" 3658 -5567 NA NA 54.125 -43.75 265.232034454375
"3659" 3659 -2326 NA NA 57.625 -17.25 242.533865708856
"3660" 3660 12663 NA NA 72.625 -16.75 135.62217566231
"3661" 3661 7354 NA NA 67.125 -35.25 176.392893601251
"3662" 3662 4714 NA NA 64.625 -21.25 194.376339985878
"3663" 3663 13452 NA NA 73.375 -45.25 129.949942023104
"3664" 3664 -2857 NA NA 57.125 -14.75 245.836592090699
"3665" 3665 12474 NA NA 72.125 -47.25 139.389896397749
"3666" 3666 15333 NA NA 75.125 -33.75 116.623672563293
"3667" 3667 -3536 NA NA 56.125 -46.25 252.382886372866
"3668" 3668 15051 NA NA 75.375 -5.75 114.710074439729
"3669" 3669 13173 NA NA 73.125 -17.75 131.843389784837
"3670" 3670 13531 NA NA 73.875 -3.75 126.155126791287
"3671" 3671 30223 NA NA 90.125 -22.75 0
"3672" 3672 -53762 NA NA NA NA 0
"3673" 3673 1321 NA NA 61.375 -32.75 217.162836137312
"3674" 3674 1322 NA NA 61.375 -32.25 217.162836137312
"3675" 3675 13484 NA NA 73.125 -48.25 131.843389784837
"3676" 3676 -5558 NA NA 54.375 -44.25 263.644026133791
"3677" 3677 -3796 NA NA 56.125 -20.25 252.382886372865
"3678" 3678 -5839 NA NA 54.375 -16.75 263.644026133787
"3679" 3679 -5834 NA NA NA NA 0
"3680" 3680 -4838 NA NA 55.375 -16.25 257.239880932548
"3681" 3681 862 NA NA 60.875 -36.25 220.60479827124
"3682" 3682 8381 NA NA 68.375 -38.75 167.264896787667
"3683" 3683 -9482 NA NA NA NA 0
"3684" 3684 -9784 NA NA NA NA 0
"3685" 3685 -1637 NA NA 58.125 -36.75 239.211749663529
"3686" 3686 -2076 NA NA 57.625 -42.25 242.533865708857
"3687" 3687 15884 NA NA 75.625 -38.25 112.794130473938
"3688" 3688 -6328 NA NA 53.875 -17.25 266.814772781554
"3689" 3689 15094 NA NA 75.125 -9.25 116.623672563291
"3690" 3690 5914 NA NA 65.625 -41.25 187.22812570382
"3691" 3691 -6853 NA NA NA NA 0
"3692" 3692 -53302 NA NA NA NA 0
"3693" 3693 -5569 NA NA 54.375 -43.75 263.644026133787
"3694" 3694 -2579 NA NA 57.375 -42.75 244.18766815135
"3695" 3695 9371 NA NA 69.375 -37.75 159.901166627737
"3696" 3696 7472 NA NA 67.375 -47.25 174.574301334491
"3697" 3697 8392 NA NA 68.375 -39.25 167.26489678767
"3698" 3698 6924 NA NA 66.625 -42.25 180.019317022026
"3699" 3699 5411 NA NA 65.375 -41.75 189.020947495984
"3700" 3700 -3558 NA NA 56.375 -44.25 250.753784334876
"3701" 3701 5954 NA NA 65.625 -45.25 187.228125703818
"3702" 3702 10874 NA NA 70.625 -37.25 150.623659260223
"3703" 3703 9431 NA NA 69.375 -43.75 159.901166627739
"3704" 3704 16554 NA NA 76.625 -5.25 105.107670929188
"3705" 3705 11291 NA NA 71.375 -29.75 145.020071104333
"3706" 3706 -57004 NA NA NA NA 0
"3707" 3707 -53381 NA NA NA NA 0
"3708" 3708 -25782 NA NA NA NA 0
"3709" 3709 10611 NA NA 70.875 -11.75 148.75881276427
"3710" 3710 13402 NA NA 73.375 -40.25 129.949942023104
"3711" 3711 13382 NA NA 73.375 -38.25 129.949942023106
"3712" 3712 14354 NA NA 74.125 -35.25 124.253835540529
"3713" 3713 14403 NA NA 74.125 -40.75 124.253835540527
"3714" 3714 3683 NA NA 63.625 -18.75 201.461732514474
"3715" 3715 12672 NA NA 72.875 -17.25 133.73414696627
"3716" 3716 -58564 NA NA NA NA 0
"3717" 3717 -5842 NA NA NA NA 0
"3718" 3718 15894 NA NA 75.625 -39.25 112.794130473936
"3719" 3719 4194 NA NA 64.125 -19.25 197.927027049598
"3720" 3720 12144 NA NA 72.125 -14.25 139.389896397749
"3721" 3721 -4841 NA NA NA NA 0
"3722" 3722 23463 NA NA 83.125 -46.75 54.4192154307014
"3723" 3723 10733 NA NA 70.625 -23.75 150.623659260222
"3724" 3724 14864 NA NA 74.625 -36.25 120.443676915388
"3725" 3725 15063 NA NA 75.125 -6.75 116.623672563291
"3726" 3726 5942 NA NA 65.875 -44.25 185.431516623273
"3727" 3727 -5146 NA NA 54.625 -35.25 262.050777117402
"3728" 3728 15362 NA NA 75.375 -36.25 114.710074439729
"3729" 3729 15904 NA NA 75.625 -40.25 112.794130473937
"3730" 3730 -1359 NA NA 58.875 -14.75 234.192767454362
"3731" 3731 -5056 NA NA 54.625 -44.25 262.050777117405
"3732" 3732 12872 NA NA 72.875 -37.25 133.734146966271
"3733" 3733 8872 NA NA 68.875 -37.25 163.58967743356
"3734" 3734 1853 NA NA 61.625 -35.75 215.435289407377
"3735" 3735 11833 NA NA 71.625 -33.75 143.146250444061
"3736" 3736 13151 NA NA 73.375 -15.75 129.949942023104
"3737" 3737 -3766 NA NA 56.125 -23.25 252.382886372868
"3738" 3738 -1328 NA NA 58.875 -17.25 234.192767454362
"3739" 3739 12864 NA NA 72.625 -36.25 135.62217566231
"3740" 3740 11822 NA NA 71.875 -32.25 141.269513049851
"3741" 3741 4403 NA NA 64.125 -40.75 197.927027049595
"3742" 3742 10294 NA NA 70.125 -29.25 154.344118012224
"3743" 3743 -53304 NA NA NA NA 0
"3744" 3744 864 NA NA 60.625 -36.25 222.319147851593
"3745" 3745 10464 NA NA 70.125 -46.25 154.344118012226
"3746" 3746 -5326 NA NA 54.625 -17.25 262.0507771174
"3747" 3747 -3119 NA NA 56.875 -38.75 247.48060660492
"3748" 3748 11301 NA NA 71.375 -30.75 145.020071104333
"3749" 3749 8854 NA NA 68.625 -35.25 165.428966727031
"3750" 3750 8953 NA NA 68.625 -45.75 165.428966727029
"3751" 3751 -3748 NA NA 56.375 -25.25 250.753784334871
"3752" 3752 12962 NA NA 72.875 -46.25 133.734146966271
"3753" 3753 -4347 NA NA 55.625 -15.75 255.625964857016
"3754" 3754 12372 NA NA 72.375 -37.25 137.507438051659
"3755" 3755 4944 NA NA 64.625 -44.25 194.37633998588
"3756" 3756 -13536 NA NA 46.125 -46.25 313.112393361829
"3757" 3757 -6346 NA NA 53.625 -15.25 268.39221195581
"3758" 3758 -5371 NA NA NA NA 0
"3759" 3759 13451 NA NA 73.375 -45.75 129.949942023103
"3760" 3760 10924 NA NA 70.625 -42.25 150.623659260223
"3761" 3761 15603 NA NA 75.625 -10.75 112.794130473936
"3762" 3762 15994 NA NA 75.625 -49.25 112.794130473938
"3763" 3763 -40986 NA NA 19.125 -1.25 424.4677436436
"3764" 3764 11474 NA NA 71.125 -47.25 146.890937643513
"3765" 3765 14911 NA NA 74.875 -41.75 118.534886234034
"3766" 3766 -8326 NA NA 51.625 -17.25 280.817502563563
"3767" 3767 -5268 NA NA 54.875 -23.25 260.4523168405
"3768" 3768 -4754 NA NA NA NA 0
"3769" 3769 -18394 NA NA NA NA 0
"3770" 3770 8302 NA NA 68.375 -30.25 167.26489678767
"3771" 3771 -3244 NA NA NA NA 0
"3772" 3772 5414 NA NA 65.125 -41.25 190.809947028282
"3773" 3773 -16934 NA NA NA NA 0
"3774" 3774 11262 NA NA 71.375 -26.25 145.020071104332
"3775" 3775 -17862 NA NA NA NA 0
"3776" 3776 5474 NA NA 65.125 -47.25 190.809947028279
"3777" 3777 2971 NA NA 62.875 -47.75 206.733226659162
"3778" 3778 3984 NA NA 63.625 -48.25 201.461732514475
"3779" 3779 2842 NA NA 62.875 -34.25 206.733226659162
"3780" 3780 2432 NA NA 62.375 -43.25 210.226784093387
"3781" 3781 4953 NA NA 64.625 -45.75 194.376339985877
"3782" 3782 -11902 NA NA NA NA 0
"3783" 3783 7363 NA NA 67.125 -36.75 176.392893601251
"3784" 3784 -11061 NA NA NA NA 0
"3785" 3785 2844 NA NA 62.625 -34.25 208.48210508381
"3786" 3786 -10211 NA NA NA NA 0
"3787" 3787 -8024 NA NA NA NA 0
"3788" 3788 1382 NA NA 61.375 -38.25 217.162836137315
"3789" 3789 -14444 NA NA NA NA 0
"3790" 3790 -35842 NA NA NA NA 0
"3791" 3791 -17424 NA NA NA NA 0
"3792" 3792 5463 NA NA 65.125 -46.75 190.809947028282
"3793" 3793 -16541 NA NA NA NA 0
"3794" 3794 -37871 NA NA NA NA 0
"3795" 3795 -36862 NA NA NA NA 0
"3796" 3796 -8492 NA NA NA NA 0
"3797" 3797 -7974 NA NA NA NA 0
"3798" 3798 -5262 NA NA NA NA 0
"3799" 3799 -34853 NA NA NA NA 0
"3800" 3800 4671 NA NA 64.875 -17.75 192.595089440809
"3801" 3801 4974 NA NA 64.625 -47.25 194.376339985879
"3802" 3802 -37662 NA NA NA NA 0
"3803" 3803 -10364 NA NA NA NA 0
"3804" 3804 -35352 NA NA NA NA 0
"3805" 3805 -16952 NA NA NA NA 0
"3806" 3806 -17581 NA NA NA NA 0
"3807" 3807 -16802 NA NA NA NA 0
"3808" 3808 -43854 NA NA NA NA 0
"3809" 3809 1861 NA NA 61.875 -36.75 213.703409656883
"3810" 3810 -13101 NA NA NA NA 0
"3811" 3811 28212 NA NA 88.375 -21.25 12.8942714912873
"3812" 3812 -931 NA NA NA NA 0
"3813" 3813 -10291 NA NA NA NA 0
"3814" 3814 -13773 NA NA NA NA 0
"3815" 3815 -18082 NA NA NA NA 0
"3816" 3816 -9972 NA NA NA NA 0
"3817" 3817 -41842 NA NA NA NA 0
"3818" 3818 -44364 NA NA NA NA 0
"3819" 3819 -17301 NA NA NA NA 0
"3820" 3820 -12372 NA NA NA NA 0
"3821" 3821 5432 NA NA 65.375 -43.25 189.020947495984
"3822" 3822 -17923 NA NA NA NA 0
"3823" 3823 -35342 NA NA NA NA 0
"3824" 3824 -40432 NA NA NA NA 0
"3825" 3825 3442 NA NA 63.375 -44.25 203.22300649378
"3826" 3826 8354 NA NA 68.125 -35.25 169.097431370859
"3827" 3827 -17143 NA NA NA NA 0
"3828" 3828 -44842 NA NA NA NA 0
"3829" 3829 -3951 NA NA NA NA 0
"3830" 3830 -11244 NA NA NA NA 0
"3831" 3831 -17623 NA NA NA NA 0
"3832" 3832 -16813 NA NA NA NA 0
"3833" 3833 -17413 NA NA NA NA 0
"3834" 3834 981 NA NA 60.875 -48.75 220.60479827124
"3835" 3835 -7732 NA NA NA NA 0
"3836" 3836 4443 NA NA 64.125 -44.75 197.927027049595
"3837" 3837 -31674 NA NA NA NA 0
"3838" 3838 -16604 NA NA NA NA 0
"3839" 3839 29024 NA NA 89.125 -2.25 6.9437839952761
"3840" 3840 2941 NA NA 62.875 -44.75 206.733226659162
"3841" 3841 -11823 NA NA NA NA 0
"3842" 3842 3493 NA NA 63.125 -49.75 204.980182521964
"3843" 3843 -10744 NA NA NA NA 0
"3844" 3844 5394 NA NA 65.125 -39.25 190.809947028279
"3845" 3845 -18251 NA NA NA NA 0
"3846" 3846 -43843 NA NA NA NA 0
"3847" 3847 -11342 NA NA NA NA 0
"3848" 3848 -13293 NA NA NA NA 0
"3849" 3849 -12672 NA NA NA NA 0
"3850" 3850 8992 NA NA 68.875 -49.25 163.589677433562
"3851" 3851 -20342 NA NA NA NA 0
"3852" 3852 -9302 NA NA NA NA 0
"3853" 3853 -40844 NA NA NA NA 0
"3854" 3854 6862 NA NA 66.875 -36.25 178.207910704906
"3855" 3855 963 NA NA 60.625 -46.75 222.319147851596
"3856" 3856 -8372 NA NA NA NA 0
"3857" 3857 26511 NA NA 86.875 -1.75 24.7869797605656
"3858" 3858 -14453 NA NA NA NA 0
"3859" 3859 -16882 NA NA NA NA 0
"3860" 3860 -4802 NA NA NA NA 0
"3861" 3861 4411 NA NA 64.375 -41.75 196.153664029036
"3862" 3862 -17854 NA NA NA NA 0
"3863" 3863 12693 NA NA 72.625 -19.75 135.62217566231
"3864" 3864 -67254 NA NA NA NA 0
"3865" 3865 -12922 NA NA NA NA 0
"3866" 3866 206114 NA NA 266.125 -11.25 0
"3867" 3867 11104 NA NA 71.125 -10.25 146.890937643513
"3868" 3868 -39343 NA NA NA NA 0
"3869" 3869 -17103 NA NA NA NA 0
"3870" 3870 5192 NA NA 65.375 -19.25 189.020947495984
"3871" 3871 -66984 NA NA NA NA 0
"3872" 3872 -35262 NA NA NA NA 0
"3873" 3873 -8522 NA NA NA NA 0
"3874" 3874 -16004 NA NA NA NA 0
"3875" 3875 2944 NA NA 62.625 -44.25 208.482105083815
"3876" 3876 -11222 NA NA NA NA 0
"3877" 3877 -13302 NA NA NA NA 0
"3878" 3878 -40572 NA NA NA NA 0
"3879" 3879 -14634 NA NA NA NA 0
"3880" 3880 -10232 NA NA NA NA 0
"3881" 3881 -15854 NA NA NA NA 0
"3882" 3882 -15473 NA NA NA NA 0
"3883" 3883 -45864 NA NA NA NA 0
"3884" 3884 7912 NA NA 67.875 -41.25 170.926534333287
"3885" 3885 -5273 NA NA NA NA 0
"3886" 3886 8403 NA NA 68.125 -40.75 169.097431370857
"3887" 3887 19004 NA NA 79.125 -0.25 85.7463900151895
"3888" 3888 -14743 NA NA NA NA 0
"3889" 3889 5162 NA NA 65.375 -16.25 189.020947495984
"3890" 3890 -5341 NA NA NA NA 0
"3891" 3891 -5841 NA NA NA NA 0
"3892" 3892 -5864 NA NA NA NA 0
"3893" 3893 604004 NA NA 664.125 -0.25 254.006958758105
"3894" 3894 -31862 NA NA NA NA 0
"3895" 3895 20502 NA NA 80.875 -0.25 72.0865235415394
"3896" 3896 6484334 NA NA 6544.125 -33.25 197.927027049314
"3897" 3897 -7004 NA NA NA NA 0
"3898" 3898 884 NA NA 60.625 -38.25 222.319147851596
"3899" 3899 404 NA NA 60.125 -40.25 225.73442041213
"3900" 3900 1893 NA NA 61.625 -39.75 215.435289407377
"3901" 3901 1873 NA NA 61.625 -37.75 215.435289407374
"3902" 3902 1902 NA NA 61.875 -40.25 213.703409656883
"3903" 3903 913 NA NA 60.625 -41.75 222.319147851593
"3904" 3904 1383 NA NA 61.125 -38.75 218.886016749817
"3905" 3905 872 NA NA 60.875 -37.25 220.60479827124
"3906" 3906 903 NA NA 60.625 -40.75 222.31914785159
"3907" 3907 1904 NA NA 61.625 -40.25 215.435289407377
"3908" 3908 4392 NA NA 64.375 -39.25 196.153664029036
"3909" 3909 11634 NA NA 71.625 -13.25 143.146250444058
"3910" 3910 7374 NA NA 67.125 -37.25 176.392893601251
"3911" 3911 951 NA NA 60.875 -45.75 220.604798271237
"3912" 3912 892 NA NA 60.875 -39.25 220.60479827124
"3913" 3913 1 NA NA 60.375 -0.75 224.029032765376
"3914" 3914 7851 NA NA 67.875 -35.75 170.926534333284
"3915" 3915 8784 NA NA 68.625 -28.25 165.42896672703
"3916" 3916 901 NA NA 60.875 -40.75 220.604798271237
"3917" 3917 10714 NA NA 70.625 -21.25 150.623659260222
"3918" 3918 10214 NA NA 70.125 -21.25 154.344118012225
"3919" 3919 10211 NA NA 70.375 -21.75 152.485440016773
"3920" 3920 -167 NA NA 59.625 -33.75 229.131574131568
"3921" 3921 -156 NA NA 59.625 -34.25 229.131574131562
"3922" 3922 -1147 NA NA 58.625 -35.75 235.87049396849
"3923" 3923 -1146 NA NA 58.625 -35.25 235.87049396849
"3924" 3924 844 NA NA 60.625 -34.25 222.31914785159
"3925" 3925 1834 NA NA 61.625 -33.25 215.435289407374
"3926" 3926 342 NA NA 60.375 -34.25 224.029032765373
"3927" 3927 -647 NA NA 59.125 -35.75 232.510350730414
"3928" 3928 354 NA NA 60.125 -35.25 225.73442041213
"3929" 3929 -187 NA NA 59.625 -31.75 229.131574131565
"3930" 3930 -186 NA NA 59.625 -31.25 229.131574131565
"3931" 3931 -1627 NA NA 58.125 -37.75 239.211749663526
"3932" 3932 10652 NA NA 70.875 -15.25 148.75881276427
"3933" 3933 10654 NA NA 70.625 -15.25 150.623659260223
"3934" 3934 -2126 NA NA 57.625 -37.25 242.533865708857
"3935" 3935 -3149 NA NA 56.875 -35.75 247.480606604924
"3936" 3936 -1658 NA NA 58.375 -34.25 237.543498564406
"3937" 3937 10154 NA NA 70.125 -15.25 154.344118012226
"3938" 3938 -3169 NA NA 56.875 -33.75 247.480606604927
"3939" 3939 10174 NA NA 70.125 -17.25 154.344118012225
"3940" 3940 -176 NA NA 59.625 -32.25 229.131574131565
"3941" 3941 4983 NA NA 64.625 -48.75 194.376339985879
"3942" 3942 -1827 NA NA 58.125 -17.75 239.211749663529
"3943" 3943 -3848 NA NA 56.375 -15.25 250.753784334873
"3944" 3944 12974 NA NA 72.625 -47.25 135.62217566231
"3945" 3945 -3846 NA NA 56.125 -15.25 252.382886372866
"3946" 3946 6384 NA NA 66.125 -38.25 183.631155336534
"3947" 3947 12483 NA NA 72.125 -48.75 139.389896397749
"3948" 3948 3694 NA NA 63.625 -19.25 201.461732514475
"3949" 3949 11952 NA NA 71.875 -45.25 141.269513049851
"3950" 3950 -127 NA NA 59.625 -37.75 229.131574131562
"3951" 3951 4214 NA NA 64.125 -21.25 197.927027049597
"3952" 3952 11413 NA NA 71.125 -41.75 146.890937643513
"3953" 3953 12421 NA NA 72.375 -42.75 137.507438051657
"3954" 3954 11462 NA NA 71.375 -46.25 145.020071104333
"3955" 3955 10961 NA NA 70.875 -46.75 148.758812764272
"3956" 3956 13434 NA NA 73.125 -43.25 131.843389784837
"3957" 3957 9973 NA NA 69.625 -47.75 158.052018102959
"3958" 3958 8971 NA NA 68.875 -47.75 163.589677433558
"3959" 3959 11903 NA NA 71.625 -40.75 143.146250444057
"3960" 3960 14311 NA NA 74.375 -31.75 122.350006145947
"3961" 3961 11454 NA NA 71.125 -45.25 146.890937643513
"3962" 3962 12871 NA NA 72.875 -37.75 133.73414696627
"3963" 3963 14884 NA NA 74.625 -38.25 120.443676915389
"3964" 3964 -1836 NA NA 58.125 -16.25 239.211749663529
"3965" 3965 -2338 NA NA 57.875 -16.25 240.875215817499
"3966" 3966 13444 NA NA 73.125 -44.25 131.843389784839
"3967" 3967 12874 NA NA 72.625 -37.25 135.62217566231
"3968" 3968 10451 NA NA 70.375 -45.75 152.485440016771
"3969" 3969 9474 NA NA 69.125 -47.25 161.74706525231
"3970" 3970 10443 NA NA 70.125 -44.75 154.344118012224
"3971" 3971 12422 NA NA 72.375 -42.25 137.507438051659
"3972" 3972 -409 NA NA 59.875 -9.75 227.435278317017
"3973" 3973 -398 NA NA 59.875 -10.25 227.435278317017
"3974" 3974 9914 NA NA 69.625 -41.25 158.052018102963
"3975" 3975 9453 NA NA 69.125 -45.75 161.747065252308
"3976" 3976 7973 NA NA 67.625 -47.75 172.752169633828
"3977" 3977 -3827 NA NA 56.125 -17.75 252.382886372866
"3978" 3978 13784 NA NA 73.625 -28.25 128.053841668792
"3979" 3979 10341 NA NA 70.375 -34.75 152.485440016773
"3980" 3980 6983 NA NA 66.625 -48.75 180.019317022026
"3981" 3981 11844 NA NA 71.625 -34.25 143.146250444057
"3982" 3982 15103 NA NA 75.125 -10.75 116.623672563291
"3983" 3983 11342 NA NA 71.375 -34.25 145.020071104331
"3984" 3984 9821 NA NA 69.875 -32.75 156.199656318656
"3985" 3985 -12029 NA NA 47.875 -47.75 303.145772090429
"3986" 3986 4991 NA NA 64.875 -49.75 192.595089440806
"3987" 3987 10644 NA NA 70.625 -14.25 150.623659260223
"3988" 3988 -57 NA NA 59.625 -44.75 229.131574131562
"3989" 3989 -14269 NA NA 45.875 -23.75 314.511864091281
"3990" 3990 10784 NA NA 70.625 -28.25 150.623659260222
"3991" 3991 15553 NA NA 75.625 -5.75 112.794130473936
"3992" 3992 11271 NA NA 71.375 -27.75 145.020071104333
"3993" 3993 12752 NA NA 72.875 -25.25 133.73414696627
"3994" 3994 6992 NA NA 66.875 -49.25 178.207910704908
"3995" 3995 6994 NA NA 66.625 -49.25 180.019317022029
"3996" 3996 5154 NA NA 65.125 -15.25 190.809947028279
"3997" 3997 5193 NA NA 65.125 -19.75 190.809947028279
"3998" 3998 18112 NA NA 78.375 -11.25 91.5750346329
"3999" 3999 5492 NA NA 65.375 -49.25 189.020947495987
"4000" 4000 4653 NA NA 64.625 -15.75 194.376339985879
"4001" 4001 11753 NA NA 71.625 -25.75 143.14625044406
"4002" 4002 -6342 NA NA NA NA 0
"4003" 4003 -402 NA NA NA NA 0
"4004" 4004 4174 NA NA 64.125 -17.25 197.927027049597
"4005" 4005 6471 NA NA 66.375 -47.75 181.827077035719
"4006" 4006 4994 NA NA 64.625 -49.25 194.37633998588
"4007" 4007 13282 NA NA 73.375 -28.25 129.949942023104
"4008" 4008 24992 NA NA 84.875 -49.25 40.613844937317
"4009" 4009 831 NA NA 60.875 -33.75 220.604798271242
"4010" 4010 5141 NA NA 65.375 -14.75 189.020947495983
"4011" 4011 -646 NA NA 59.125 -35.25 232.510350730414
"4012" 4012 -189 NA NA 59.875 -31.75 227.435278317017
"4013" 4013 10672 NA NA 70.875 -17.25 148.758812764269
"4014" 4014 2322 NA NA 62.375 -32.25 210.226784093387
"4015" 4015 -3139 NA NA 56.875 -36.75 247.480606604924
"4016" 4016 -1329 NA NA 58.875 -17.75 234.192767454364
"4017" 4017 -1829 NA NA 58.375 -17.75 237.543498564409
"4018" 4018 -1099 NA NA 58.875 -40.75 234.192767454361
"4019" 4019 9994 NA NA 69.625 -49.25 158.052018102963
"4020" 4020 10921 NA NA 70.875 -42.75 148.758812764268
"4021" 4021 -1589 NA NA 58.375 -41.75 237.543498564409
"4022" 4022 -2117 NA NA 57.625 -38.75 242.533865708854
"4023" 4023 -3339 NA NA 56.875 -16.75 247.480606604924
"4024" 4024 7393 NA NA 67.125 -39.75 176.392893601251
"4025" 4025 13923 NA NA 73.625 -42.75 128.053841668792
"4026" 4026 13921 NA NA 73.875 -42.75 126.155126791286
"4027" 4027 11941 NA NA 71.875 -44.75 141.269513049849
"4028" 4028 12881 NA NA 72.875 -38.75 133.73414696627
"4029" 4029 -4066 NA NA 55.625 -43.25 255.625964857016
"4030" 4030 14891 NA NA 74.875 -39.75 118.534886234034
"4031" 4031 -4049 NA NA 55.875 -45.75 254.006956631223
"4032" 4032 11441 NA NA 71.375 -44.75 145.020071104331
"4033" 4033 8951 NA NA 68.875 -45.75 163.589677433558
"4034" 4034 10394 NA NA 70.125 -39.25 154.344118012226
"4035" 4035 9351 NA NA 69.375 -35.75 159.901166627739
"4036" 4036 11954 NA NA 71.625 -45.25 143.146250444059
"4037" 4037 9452 NA NA 69.375 -45.25 159.901166627739
"4038" 4038 -5836 NA NA 54.125 -16.25 265.232034454375
"4039" 4039 10831 NA NA 70.875 -33.75 148.758812764272
"4040" 4040 9882 NA NA 69.875 -38.25 156.199656318658
"4041" 4041 14601 NA NA 74.875 -10.75 118.534886234034
"4042" 4042 4192 NA NA 64.375 -19.25 196.153664029036
"4043" 4043 -449 NA NA 59.875 -5.75 227.435278317017
"4044" 4044 10291 NA NA 70.375 -29.75 152.485440016773
"4045" 4045 10782 NA NA 70.875 -28.25 148.758812764269
"4046" 4046 10134 NA NA 70.125 -13.25 154.344118012226
"4047" 4047 11671 NA NA 71.875 -17.75 141.269513049851
"4048" 4048 -5843 NA NA NA NA 0
"4049" 4049 -411 NA NA NA NA 0
"4050" 4050 -412 NA NA NA NA 0
"4051" 4051 11264 NA NA 71.125 -26.25 146.890937643512
"4052" 4052 -9341 NA NA NA NA 0
"4053" 4053 6974 NA NA 66.625 -47.25 180.019317022026
"4054" 4054 5992 NA NA 65.875 -49.25 185.431516623273
"4055" 4055 -688 NA NA 59.375 -31.25 230.823275634073
"4056" 4056 -1136 NA NA 58.625 -36.25 235.870493968489
"4057" 4057 -649 NA NA 59.375 -35.75 230.823275634073
"4058" 4058 343 NA NA 60.125 -34.75 225.73442041213
"4059" 4059 -1106 NA NA 58.625 -39.25 235.87049396849
"4060" 4060 12851 NA NA 72.875 -35.75 133.734146966271
"4061" 4061 13912 NA NA 73.875 -41.25 126.155126791289
"4062" 4062 13421 NA NA 73.375 -42.75 129.949942023103
"4063" 4063 6432 NA NA 66.375 -43.25 181.827077035722
"4064" 4064 7391 NA NA 67.375 -39.75 174.574301334491
"4065" 4065 15403 NA NA 75.125 -40.75 116.62367256329
"4066" 4066 15401 NA NA 75.375 -40.75 114.710074439728
"4067" 4067 -4566 NA NA 55.125 -43.25 258.848674875703
"4068" 4068 -2597 NA NA 57.125 -40.75 245.836592090698
"4069" 4069 -4549 NA NA 55.375 -45.75 257.239880932545
"4070" 4070 13381 NA NA 73.375 -38.75 129.949942023103
"4071" 4071 -1846 NA NA 58.125 -15.25 239.211749663529
"4072" 4072 5683 NA NA 65.625 -18.75 187.228125703817
"4073" 4073 -2839 NA NA 57.375 -16.75 244.187668151353
"4074" 4074 4662 NA NA 64.875 -16.25 192.595089440809
"4075" 4075 12991 NA NA 72.875 -49.75 133.73414696627
"4076" 4076 -67 NA NA 59.625 -43.75 229.131574131565
"4077" 4077 11761 NA NA 71.875 -26.75 141.269513049851
"4078" 4078 11282 NA NA 71.375 -28.25 145.020071104332
"4079" 4079 10624 NA NA 70.625 -12.25 150.623659260223
"4080" 4080 3453 NA NA 63.125 -45.75 204.980182521964
"4081" 4081 -8843 NA NA NA NA 0
"4082" 4082 -1646 NA NA 58.125 -35.25 239.211749663529
"4083" 4083 12852 NA NA 72.875 -35.25 133.734146966271
"4084" 4084 8874 NA NA 68.625 -37.25 165.428966727031
"4085" 4085 11493 NA NA 71.125 -49.75 146.890937643512
"4086" 4086 11944 NA NA 71.625 -44.25 143.146250444061
"4087" 4087 -4567 NA NA 55.125 -43.75 258.848674875703
"4088" 4088 10922 NA NA 70.875 -42.25 148.75881276427
"4089" 4089 -4327 NA NA 55.625 -17.75 255.625964857016
"4090" 4090 7984 NA NA 67.625 -48.25 172.75216963383
"4091" 4091 -69 NA NA 59.875 -43.75 227.435278317017
"4092" 4092 11152 NA NA 71.375 -15.25 145.020071104333
"4093" 4093 15561 NA NA 75.875 -6.75 110.875879349436
"4094" 4094 12704 NA NA 72.625 -20.25 135.622175662309
"4095" 4095 10184 NA NA 70.125 -18.25 154.344118012226
"4096" 4096 14394 NA NA 74.125 -39.25 124.253835540529
"4097" 4097 11913 NA NA 71.625 -41.75 143.146250444059
"4098" 4098 -6337 NA NA 53.625 -16.75 268.39221195581
"4099" 4099 11863 NA NA 71.625 -36.75 143.146250444059
"4100" 4100 15593 NA NA 75.625 -9.75 112.794130473937
"4101" 4101 12682 NA NA 72.875 -18.25 133.734146966271
"4102" 4102 18644 NA NA 78.625 -14.25 89.6339775994094
"4103" 4103 13792 NA NA 73.875 -29.25 126.155126791286
"4104" 4104 3424 NA NA 63.125 -42.25 204.980182521967
"4105" 4105 -14124 NA NA NA NA 0
"4106" 4106 5412 NA NA 65.375 -41.25 189.020947495986
"4107" 4107 2854 NA NA 62.625 -35.25 208.482105083812
"4108" 4108 -607 NA NA 59.125 -39.75 232.510350730414
"4109" 4109 14423 NA NA 74.125 -42.75 124.253835540527
"4110" 4110 11973 NA NA 71.625 -47.75 143.146250444057
"4111" 4111 15891 NA NA 75.875 -39.75 110.875879349437
"4112" 4112 11884 NA NA 71.625 -38.25 143.146250444061
"4113" 4113 -3328 NA NA 56.875 -17.25 247.480606604922
"4114" 4114 -3347 NA NA 56.625 -15.75 249.119680904906
"4115" 4115 -5327 NA NA 54.625 -17.75 262.050777117402
"4116" 4116 11772 NA NA 71.875 -27.25 141.269513049851
"4117" 4117 11272 NA NA 71.375 -27.25 145.020071104333
"4118" 4118 11813 NA NA 71.625 -31.75 143.146250444059
"4119" 4119 12721 NA NA 72.875 -22.75 133.73414696627
"4120" 4120 -33281 NA NA NA NA 0
"4121" 4121 11971 NA NA 71.875 -47.75 141.269513049849
"4122" 4122 373 NA NA 60.125 -37.75 225.734420412127
"4123" 4123 -3089 NA NA 56.875 -41.75 247.480606604924
"4124" 4124 13914 NA NA 73.625 -41.25 128.053841668795
"4125" 4125 9933 NA NA 69.625 -43.75 158.052018102961
"4126" 4126 3492 NA NA 63.375 -49.25 203.22300649378
"4127" 4127 -35868 NA NA 24.375 -13.25 409.565404168777
"4128" 4128 -59333 NA NA NA NA 0
"4129" 4129 -54281 NA NA NA NA 0
"4130" 4130 -53274 NA NA NA NA 0
"4131" 4131 -53482 NA NA NA NA 0
"4132" 4132 -1109 NA NA 58.875 -39.75 234.192767454364
"4133" 4133 9913 NA NA 69.625 -41.75 158.052018102961
"4134" 4134 10993 NA NA 70.625 -49.75 150.623659260221
"4135" 4135 -6839 NA NA 53.375 -16.75 269.964322956102
"4136" 4136 7404 NA NA 67.125 -40.25 176.392893601251
"4137" 4137 4691 NA NA 64.875 -19.75 192.595089440809
"4138" 4138 -53284 NA NA NA NA 0
"4139" 4139 8334 NA NA 68.125 -33.25 169.097431370857
"4140" 4140 -198 NA NA 59.875 -30.25 227.435278317017
"4141" 4141 15413 NA NA 75.125 -41.75 116.623672563291
"4142" 4142 -5566 NA NA 54.125 -43.25 265.232034454375
"4143" 4143 14591 NA NA 74.875 -9.75 118.534886234034
"4144" 4144 7384 NA NA 67.125 -38.25 176.392893601253
"4145" 4145 5653 NA NA 65.625 -15.75 187.228125703818
"4146" 4146 5171 NA NA 65.375 -17.75 189.020947495984
"4147" 4147 -5784 NA NA NA NA 0
"4148" 4148 1344 NA NA 61.125 -34.25 218.886016749817
"4149" 4149 12862 NA NA 72.875 -36.25 133.734146966271
"4150" 4150 -5337 NA NA 54.625 -16.75 262.050777117402
"4151" 4151 10352 NA NA 70.375 -35.25 152.485440016773
"4152" 4152 -1176 NA NA 58.625 -32.25 235.870493968489
"4153" 4153 12892 NA NA 72.875 -39.25 133.734146966271
"4154" 4154 15921 NA NA 75.875 -42.75 110.875879349435
"4155" 4155 -3308 NA NA 56.875 -19.25 247.480606604924
"4156" 4156 6984 NA NA 66.625 -48.25 180.019317022026
"4157" 4157 16062 NA NA 76.375 -6.25 107.032610716282
"4158" 4158 18602 NA NA 78.875 -10.25 87.6910828843137
"4159" 4159 -13781 NA NA NA NA 0
"4160" 4160 5453 NA NA 65.125 -45.75 190.809947028277
"4161" 4161 -53752 NA NA NA NA 0
"4162" 4162 9364 NA NA 69.125 -36.25 161.74706525231
"4163" 4163 7441 NA NA 67.375 -44.75 174.574301334489
"4164" 4164 10362 NA NA 70.375 -36.25 152.485440016773
"4165" 4165 7471 NA NA 67.375 -47.75 174.574301334489
"4166" 4166 13392 NA NA 73.375 -39.25 129.949942023104
"4167" 4167 14134 NA NA 74.125 -13.25 124.253835540529
"4168" 4168 10101 NA NA 70.375 -10.75 152.485440016772
"4169" 4169 -24783 NA NA NA NA 0
"4170" 4170 -4304 NA NA NA NA 0
"4171" 4171 -4801 NA NA NA NA 0
"4172" 4172 -3136 NA NA 56.625 -36.25 249.119680904906
"4173" 4173 -3076 NA NA 56.625 -42.25 249.119680904906
"4174" 4174 -6349 NA NA 53.875 -15.75 266.814772781556
"4175" 4175 -8841 NA NA NA NA 0
"4176" 4176 -15873 NA NA NA NA 0
"4177" 4177 9472 NA NA 69.375 -47.25 159.901166627739
"4178" 4178 -5336 NA NA 54.625 -16.25 262.050777117402
"4179" 4179 6923 NA NA 66.625 -42.75 180.019317022024
"4180" 4180 15433 NA NA 75.125 -43.75 116.623672563291
"4181" 4181 12223 NA NA 72.125 -22.75 139.389896397748
"4182" 4182 6451 NA NA 66.375 -45.75 181.827077035719
"4183" 4183 10822 NA NA 70.875 -32.25 148.75881276427
"4184" 4184 4421 NA NA 64.375 -42.75 196.153664029034
"4185" 4185 -737 NA NA 59.125 -26.75 232.510350730414
"4186" 4186 7931 NA NA 67.875 -43.75 170.926534333284
"4187" 4187 11324 NA NA 71.125 -32.25 146.890937643513
"4188" 4188 -14756 NA NA 45.125 -24.25 318.673233637752
"4189" 4189 -5781 NA NA NA NA 0
"4190" 4190 -5646 NA NA 54.125 -35.25 265.232034454375
"4191" 4191 -139 NA NA 59.875 -36.75 227.435278317017
"4192" 4192 7954 NA NA 67.625 -45.25 172.75216963383
"4193" 4193 11281 NA NA 71.375 -28.75 145.020071104334
"4194" 4194 -3322 NA NA NA NA 0
"4195" 4195 15352 NA NA 75.375 -35.25 114.710074439729
"4196" 4196 15653 NA NA 75.625 -15.75 112.794130473937
"4197" 4197 -5342 NA NA NA NA 0
"4198" 4198 -6252 NA NA NA NA 0
"4199" 4199 -4149 NA NA 55.875 -35.75 254.006956631226
"4200" 4200 12902 NA NA 72.875 -40.25 133.734146966271
"4201" 4201 14413 NA NA 74.125 -41.75 124.253835540529
"4202" 4202 -19764 NA NA NA NA 0
"4203" 4203 -2157 NA NA 57.625 -34.75 242.533865708857
"4204" 4204 -3838 NA NA 56.375 -16.25 250.753784334873
"4205" 4205 -5369 NA NA 54.875 -13.75 260.452316840499
"4206" 4206 12193 NA NA 72.125 -19.75 139.389896397749
"4207" 4207 17601 NA NA 77.875 -10.75 95.4514778356701
"4208" 4208 2874 NA NA 62.625 -37.25 208.482105083812
"4209" 4209 10844 NA NA 70.625 -34.25 150.623659260221
"4210" 4210 10772 NA NA 70.875 -27.25 148.75881276427
"4211" 4211 11221 NA NA 71.375 -22.75 145.020071104332
"4212" 4212 -7013 NA NA NA NA 0
"4213" 4213 25054 NA NA 85.125 -5.25 38.6379838855221
"4214" 4214 15913 NA NA 75.625 -41.75 112.794130473936
"4215" 4215 9801 NA NA 69.875 -30.75 156.199656318656
"4216" 4216 15674 NA NA 75.625 -17.25 112.794130473936
"4217" 4217 12242 NA NA 72.375 -24.25 137.507438051659
"4218" 4218 25244 NA NA 85.125 -24.25 38.6379838855221
"4219" 4219 11172 NA NA 71.375 -17.25 145.020071104332
"4220" 4220 30243 NA NA 90.125 -24.75 0
"4221" 4221 6391 NA NA 66.375 -39.75 181.827077035722
"4222" 4222 8913 NA NA 68.625 -41.75 165.428966727031
"4223" 4223 11702 NA NA 71.875 -20.25 141.26951304985
"4224" 4224 10383 NA NA 70.125 -38.75 154.344118012224
"4225" 4225 5904 NA NA 65.625 -40.25 187.228125703818
"4226" 4226 -15872 NA NA NA NA 0
"4227" 4227 -16002 NA NA NA NA 0
"4228" 4228 -24254 NA NA NA NA 0
"4229" 4229 -8073 NA NA NA NA 0
"4230" 4230 -7963 NA NA NA NA 0
"4231" 4231 -17191 NA NA NA NA 0
"4232" 4232 -10711 NA NA NA NA 0
"4233" 4233 -17173 NA NA NA NA 0
"4234" 4234 -7094 NA NA NA NA 0
"4235" 4235 -17554 NA NA NA NA 0
"4236" 4236 -14283 NA NA NA NA 0
"4237" 4237 -37873 NA NA NA NA 0
"4238" 4238 -9532 NA NA NA NA 0
"4239" 4239 12201 NA NA 72.375 -20.75 137.50743805166
"4240" 4240 -9434 NA NA NA NA 0
"4241" 4241 -34861 NA NA NA NA 0
"4242" 4242 -36142 NA NA NA NA 0
"4243" 4243 2443 NA NA 62.125 -44.75 211.967230105173
"4244" 4244 -16953 NA NA NA NA 0
"4245" 4245 -36731 NA NA NA NA 0
"4246" 4246 3953 NA NA 63.625 -45.75 201.461732514472
"4247" 4247 -35353 NA NA NA NA 0
"4248" 4248 -42343 NA NA NA NA 0
"4249" 4249 1484 NA NA 61.125 -48.25 218.88601674982
"4250" 4250 30494 NA NA 90.125 -49.25 0
"4251" 4251 -17321 NA NA NA NA 0
"4252" 4252 -44362 NA NA NA NA 0
"4253" 4253 -34353 NA NA NA NA 0
"4254" 4254 -9644 NA NA NA NA 0
"4255" 4255 -17482 NA NA NA NA 0
"4256" 4256 4961 NA NA 64.875 -46.75 192.595089440811
"4257" 4257 1874 NA NA 61.625 -37.25 215.435289407377
"4258" 4258 -34763 NA NA NA NA 0
"4259" 4259 2461 NA NA 62.375 -46.75 210.226784093389
"4260" 4260 2482 NA NA 62.375 -48.25 210.226784093387
"4261" 4261 -17094 NA NA NA NA 0
"4262" 4262 -11091 NA NA NA NA 0
"4263" 4263 -7492 NA NA NA NA 0
"4264" 4264 -3761 NA NA NA NA 0
"4265" 4265 34744 NA NA 94.625 -24.25 0
"4266" 4266 -50004 NA NA NA NA 0
"4267" 4267 -12314 NA NA NA NA 0
"4268" 4268 -14161 NA NA NA NA 0
"4269" 4269 -12671 NA NA NA NA 0
"4270" 4270 -17192 NA NA NA NA 0
"4271" 4271 3944 NA NA 63.625 -44.25 201.461732514478
"4272" 4272 -4964 NA NA NA NA 0
"4273" 4273 2444 NA NA 62.125 -44.25 211.967230105178
"4274" 4274 -45344 NA NA NA NA 0
"4275" 4275 -18431 NA NA NA NA 0
"4276" 4276 -13601 NA NA NA NA 0
"4277" 4277 -13372 NA NA NA NA 0
"4278" 4278 -10784 NA NA NA NA 0
"4279" 4279 -10854 NA NA NA NA 0
"4280" 4280 -17174 NA NA NA NA 0
"4281" 4281 -13324 NA NA NA NA 0
"4282" 4282 -18432 NA NA NA NA 0
"4283" 4283 -11664 NA NA NA NA 0
"4284" 4284 4954 NA NA 64.625 -45.25 194.376339985879
"4285" 4285 -9781 NA NA NA NA 0
"4286" 4286 -11341 NA NA NA NA 0
"4287" 4287 -24263 NA NA NA NA 0
"4288" 4288 -7903 NA NA NA NA 0
"4289" 4289 4943 NA NA 64.625 -44.75 194.376339985877
"4290" 4290 -9261 NA NA NA NA 0
"4291" 4291 -5892 NA NA NA NA 0
"4292" 4292 -36871 NA NA NA NA 0
"4293" 4293 -18504 NA NA NA NA 0
"4294" 4294 2964 NA NA 62.625 -46.25 208.482105083812
"4295" 4295 -10171 NA NA NA NA 0
"4296" 4296 -40521 NA NA NA NA 0
"4297" 4297 -36492 NA NA NA NA 0
"4298" 4298 -35994 NA NA NA NA 0
"4299" 4299 -40083 NA NA NA NA 0
"4300" 4300 -10222 NA NA NA NA 0
"4301" 4301 226331 NA NA 286.375 -33.75 128.053841860375
"4302" 4302 -20784 NA NA NA NA 0
"4303" 4303 -16562 NA NA NA NA 0
"4304" 4304 -4741 NA NA NA NA 0
"4305" 4305 -13584 NA NA NA NA 0
"4306" 4306 8452 NA NA 68.375 -45.25 167.26489678767
"4307" 4307 68244 NA NA 128.125 -24.25 0
"4308" 4308 48531 NA NA 108.875 -3.75 0
"4309" 4309 8914 NA NA 68.625 -41.25 165.428966727033
"4310" 4310 -5983 NA NA NA NA 0
"4311" 4311 6912 NA NA 66.875 -41.25 178.207910704908
"4312" 4312 -10462 NA NA NA NA 0
"4313" 4313 -5773 NA NA NA NA 0
"4314" 4314 -66981 NA NA NA NA 0
"4315" 4315 -3004 NA NA NA NA 0
"4316" 4316 -14324 NA NA NA NA 0
"4317" 4317 -35873 NA NA NA NA 0
"4318" 4318 -45842 NA NA NA NA 0
"4319" 4319 16233 NA NA 76.125 -23.75 108.955359821554
"4320" 4320 664644 NA NA 724.625 -14.25 447.195139912489
"4321" 4321 911 NA NA 60.875 -41.75 220.60479827124
"4322" 4322 1404 NA NA 61.125 -40.25 218.88601674982
"4323" 4323 1394 NA NA 61.125 -39.25 218.88601674982
"4324" 4324 4394 NA NA 64.125 -39.25 197.927027049598
"4325" 4325 2853 NA NA 62.625 -35.75 208.482105083812
"4326" 4326 1393 NA NA 61.125 -39.75 218.88601674982
"4327" 4327 1323 NA NA 61.125 -32.75 218.88601674982
"4328" 4328 1901 NA NA 61.875 -40.75 213.70340965688
"4329" 4329 2994 NA NA 62.625 -49.25 208.482105083815
"4330" 4330 394 NA NA 60.125 -39.25 225.73442041213
"4331" 4331 1361 NA NA 61.375 -36.75 217.162836137312
"4332" 4332 401 NA NA 60.375 -40.75 224.029032765373
"4333" 4333 2911 NA NA 62.875 -41.75 206.733226659164
"4334" 4334 11112 NA NA 71.375 -11.25 145.020071104333
"4335" 4335 7864 NA NA 67.625 -36.25 172.75216963383
"4336" 4336 1331 NA NA 61.375 -33.75 217.162836137315
"4337" 4337 882 NA NA 60.875 -38.25 220.604798271242
"4338" 4338 8772 NA NA 68.875 -27.25 163.58967743356
"4339" 4339 1491 NA NA 61.375 -49.75 217.162836137309
"4340" 4340 412 NA NA 60.375 -41.25 224.029032765379
"4341" 4341 482 NA NA 60.375 -48.25 224.029032765376
"4342" 4342 861 NA NA 60.875 -36.75 220.60479827124
"4343" 4343 442 NA NA 60.375 -44.25 224.029032765379
"4344" 4344 16503 NA NA 76.625 -0.75 105.107670929188
"4345" 4345 4422 NA NA 64.375 -42.25 196.153664029036
"4346" 4346 324 NA NA 60.125 -32.25 225.73442041213
"4347" 4347 -177 NA NA 59.625 -32.75 229.131574131565
"4348" 4348 10664 NA NA 70.625 -16.25 150.623659260223
"4349" 4349 -3148 NA NA 56.875 -35.25 247.480606604924
"4350" 4350 -1167 NA NA 58.625 -33.75 235.870493968492
"4351" 4351 -1659 NA NA 58.375 -34.75 237.543498564409
"4352" 4352 -2609 NA NA 57.375 -39.75 244.187668151353
"4353" 4353 -3346 NA NA 56.625 -15.25 249.119680904906
"4354" 4354 -1816 NA NA 58.125 -18.25 239.211749663529
"4355" 4355 -626 NA NA 59.125 -37.25 232.510350730414
"4356" 4356 -1586 NA NA 58.125 -41.25 239.211749663532
"4357" 4357 12461 NA NA 72.375 -46.75 137.507438051661
"4358" 4358 11964 NA NA 71.625 -46.25 143.146250444059
"4359" 4359 15423 NA NA 75.125 -42.75 116.62367256329
"4360" 4360 12903 NA NA 72.625 -40.75 135.622175662308
"4361" 4361 8871 NA NA 68.875 -37.75 163.589677433558
"4362" 4362 9962 NA NA 69.875 -46.25 156.199656318656
"4363" 4363 -1597 NA NA 58.125 -40.75 239.211749663526
"4364" 4364 11933 NA NA 71.625 -43.75 143.146250444059
"4365" 4365 -2588 NA NA 57.375 -41.25 244.187668151357
"4366" 4366 8841 NA NA 68.875 -34.75 163.58967743356
"4367" 4367 -1849 NA NA 58.375 -15.75 237.543498564409
"4368" 4368 12413 NA NA 72.125 -41.75 139.389896397749
"4369" 4369 11911 NA NA 71.875 -41.75 141.269513049851
"4370" 4370 9971 NA NA 69.875 -47.75 156.199656318654
"4371" 4371 14913 NA NA 74.625 -41.75 120.443676915388
"4372" 4372 -2349 NA NA 57.875 -15.75 240.875215817499
"4373" 4373 10453 NA NA 70.125 -45.75 154.344118012224
"4374" 4374 11451 NA NA 71.375 -45.75 145.020071104331
"4375" 4375 -4528 NA NA 55.375 -47.25 257.239880932548
"4376" 4376 -4026 NA NA 55.625 -47.25 255.625964857016
"4377" 4377 -1838 NA NA 58.375 -16.25 237.543498564409
"4378" 4378 12423 NA NA 72.125 -42.75 139.389896397747
"4379" 4379 8883 NA NA 68.625 -38.75 165.428966727029
"4380" 4380 4663 NA NA 64.625 -16.75 194.376339985879
"4381" 4381 10872 NA NA 70.875 -37.25 148.75881276427
"4382" 4382 -418 NA NA 59.875 -8.25 227.435278317017
"4383" 4383 -3826 NA NA 56.125 -17.25 252.382886372865
"4384" 4384 13303 NA NA 73.125 -30.75 131.843389784837
"4385" 4385 10774 NA NA 70.625 -27.25 150.623659260223
"4386" 4386 10313 NA NA 70.125 -31.75 154.344118012226
"4387" 4387 6881 NA NA 66.875 -38.75 178.207910704904
"4388" 4388 3691 NA NA 63.875 -19.75 199.696394641606
"4389" 4389 4993 NA NA 64.625 -49.75 194.376339985877
"4390" 4390 10121 NA NA 70.375 -12.75 152.485440016773
"4391" 4391 10773 NA NA 70.625 -27.75 150.623659260223
"4392" 4392 11154 NA NA 71.125 -15.25 146.890937643513
"4393" 4393 -438 NA NA 59.875 -6.25 227.435278317017
"4394" 4394 18634 NA NA 78.625 -13.25 89.6339775994092
"4395" 4395 16564 NA NA 76.625 -6.25 105.107670929189
"4396" 4396 4491 NA NA 64.375 -49.75 196.153664029034
"4397" 4397 16054 NA NA 76.125 -5.25 108.955359821554
"4398" 4398 17 NA NA NA NA 0
"4399" 4399 12253 NA NA 72.125 -25.75 139.38989639775
"4400" 4400 10293 NA NA 70.125 -29.75 154.344118012226
"4401" 4401 18093 NA NA 78.125 -9.75 93.5142145151677
"4402" 4402 12182 NA NA 72.375 -18.25 137.507438051659
"4403" 4403 -6338 NA NA 53.875 -16.25 266.814772781556
"4404" 4404 -16874 NA NA NA NA 0
"4405" 4405 -6842 NA NA NA NA 0
"4406" 4406 -5344 NA NA NA NA 0
"4407" 4407 10322 NA NA 70.375 -32.25 152.485440016773
"4408" 4408 6461 NA NA 66.375 -46.75 181.827077035724
"4409" 4409 -8344 NA NA NA NA 0
"4410" 4410 4201 NA NA 64.375 -20.75 196.153664029037
"4411" 4411 6993 NA NA 66.625 -49.75 180.019317022024
"4412" 4412 7494 NA NA 67.125 -49.25 176.392893601253
"4413" 4413 -2637 NA NA 57.125 -36.75 245.836592090701
"4414" 4414 11161 NA NA 71.375 -16.75 145.020071104333
"4415" 4415 1844 NA NA 61.625 -34.25 215.435289407374
"4416" 4416 -4577 NA NA 55.125 -42.75 258.848674875699
"4417" 4417 824 NA NA 60.625 -32.25 222.319147851593
"4418" 4418 9881 NA NA 69.875 -38.75 156.199656318654
"4419" 4419 -4576 NA NA 55.125 -42.25 258.848674875703
"4420" 4420 6442 NA NA 66.375 -44.25 181.827077035724
"4421" 4421 15434 NA NA 75.125 -43.25 116.623672563291
"4422" 4422 16391 NA NA 76.375 -39.75 107.032610716282
"4423" 4423 13881 NA NA 73.875 -38.75 126.155126791286
"4424" 4424 15393 NA NA 75.125 -39.75 116.623672563291
"4425" 4425 10923 NA NA 70.625 -42.75 150.623659260221
"4426" 4426 10911 NA NA 70.875 -41.75 148.75881276427
"4427" 4427 -6039 NA NA 53.875 -46.75 266.814772781559
"4428" 4428 14853 NA NA 74.625 -35.75 120.443676915388
"4429" 4429 12861 NA NA 72.875 -36.75 133.734146966271
"4430" 4430 8963 NA NA 68.625 -46.75 165.428966727033
"4431" 4431 10344 NA NA 70.125 -34.25 154.344118012224
"4432" 4432 11353 NA NA 71.125 -35.75 146.890937643513
"4433" 4433 10853 NA NA 70.625 -35.75 150.623659260223
"4434" 4434 -5826 NA NA 54.125 -17.25 265.232034454374
"4435" 4435 9854 NA NA 69.625 -35.25 158.052018102961
"4436" 4436 7492 NA NA 67.375 -49.25 174.574301334493
"4437" 4437 12972 NA NA 72.875 -47.25 133.734146966271
"4438" 4438 11144 NA NA 71.125 -14.25 146.890937643513
"4439" 4439 12124 NA NA 72.125 -12.25 139.389896397749
"4440" 4440 6484 NA NA 66.125 -48.25 183.631155336532
"4441" 4441 -431 NA NA NA NA 0
"4442" 4442 -34354 NA NA NA NA 0
"4443" 4443 17182 NA NA 77.375 -18.25 99.3200974518885
"4444" 4444 7442 NA NA 67.375 -44.25 174.574301334493
"4445" 4445 1334 NA NA 61.125 -33.25 218.886016749817
"4446" 4446 -1137 NA NA 58.625 -36.75 235.870493968489
"4447" 4447 -3337 NA NA 56.625 -16.75 249.119680904906
"4448" 4448 -1119 NA NA 58.875 -38.75 234.192767454361
"4449" 4449 -1606 NA NA 58.125 -39.25 239.211749663529
"4450" 4450 -617 NA NA 59.125 -38.75 232.510350730411
"4451" 4451 13931 NA NA 73.875 -43.75 126.155126791287
"4452" 4452 15354 NA NA 75.125 -35.25 116.623672563291
"4453" 4453 11974 NA NA 71.625 -47.25 143.146250444059
"4454" 4454 11373 NA NA 71.125 -37.75 146.890937643512
"4455" 4455 12924 NA NA 72.625 -42.25 135.62217566231
"4456" 4456 12941 NA NA 72.875 -44.75 133.73414696627
"4457" 4457 12893 NA NA 72.625 -39.75 135.62217566231
"4458" 4458 -4536 NA NA 55.125 -46.25 258.848674875703
"4459" 4459 -3568 NA NA 56.375 -43.25 250.753784334873
"4460" 4460 9362 NA NA 69.375 -36.25 159.901166627739
"4461" 4461 7972 NA NA 67.875 -47.25 170.926534333284
"4462" 4462 -2336 NA NA 57.625 -16.25 242.533865708857
"4463" 4463 11344 NA NA 71.125 -34.25 146.890937643512
"4464" 4464 7892 NA NA 67.875 -39.25 170.926534333284
"4465" 4465 5173 NA NA 65.125 -17.75 190.809947028279
"4466" 4466 15092 NA NA 75.375 -9.25 114.710074439729
"4467" 4467 7463 NA NA 67.125 -46.75 176.392893601253
"4468" 4468 -26334 NA NA NA NA 0
"4469" 4469 12661 NA NA 72.875 -16.75 133.734146966271
"4470" 4470 -53281 NA NA NA NA 0
"4471" 4471 12971 NA NA 72.875 -47.75 133.73414696627
"4472" 4472 12922 NA NA 72.875 -42.25 133.734146966271
"4473" 4473 15402 NA NA 75.375 -40.25 114.710074439729
"4474" 4474 13401 NA NA 73.375 -40.75 129.949942023103
"4475" 4475 -3087 NA NA 56.625 -41.75 249.119680904906
"4476" 4476 10971 NA NA 70.875 -47.75 148.758812764268
"4477" 4477 13883 NA NA 73.625 -38.75 128.053841668792
"4478" 4478 8911 NA NA 68.875 -41.75 163.58967743356
"4479" 4479 -3816 NA NA 56.125 -18.25 252.382886372866
"4480" 4480 10442 NA NA 70.375 -44.25 152.485440016775
"4481" 4481 10131 NA NA 70.375 -13.75 152.485440016773
"4482" 4482 -13057 NA NA 46.625 -44.75 310.295077901092
"4483" 4483 -39297 NA NA 20.625 -20.75 420.563859859233
"4484" 4484 -6336 NA NA 53.625 -16.25 268.39221195581
"4485" 4485 12982 NA NA 72.875 -48.25 133.734146966271
"4486" 4486 -2866 NA NA 57.125 -13.25 245.8365920907
"4487" 4487 -137 NA NA 59.625 -36.75 229.131574131565
"4488" 4488 -1607 NA NA 58.125 -39.75 239.211749663529
"4489" 4489 -2107 NA NA 57.625 -39.75 242.533865708857
"4490" 4490 12384 NA NA 72.125 -38.25 139.389896397751
"4491" 4491 11464 NA NA 71.125 -46.25 146.890937643513
"4492" 4492 -5039 NA NA 54.875 -46.75 260.452316840502
"4493" 4493 12951 NA NA 72.875 -45.75 133.73414696627
"4494" 4494 9393 NA NA 69.125 -39.75 161.74706525231
"4495" 4495 6402 NA NA 66.375 -40.25 181.827077035722
"4496" 4496 -5829 NA NA 54.375 -17.75 263.644026133787
"4497" 4497 9904 NA NA 69.625 -40.25 158.052018102961
"4498" 4498 11841 NA NA 71.875 -34.75 141.269513049851
"4499" 4499 -12056 NA NA 47.625 -44.25 304.587648664938
"4500" 4500 10801 NA NA 70.875 -30.75 148.75881276427
"4501" 4501 11721 NA NA 71.875 -22.75 141.26951304985
"4502" 4502 12664 NA NA 72.625 -16.25 135.62217566231
"4503" 4503 -5334 NA NA NA NA 0
"4504" 4504 4203 NA NA 64.125 -20.75 197.927027049599
"4505" 4505 16384 NA NA 76.125 -38.25 108.955359821556
"4506" 4506 8983 NA NA 68.625 -48.75 165.428966727031
"4507" 4507 9373 NA NA 69.125 -37.75 161.747065252308
"4508" 4508 4902 NA NA 64.875 -40.25 192.595089440809
"4509" 4509 6414 NA NA 66.125 -41.25 183.631155336534
"4510" 4510 -1127 NA NA 58.625 -37.75 235.870493968486
"4511" 4511 8873 NA NA 68.625 -37.75 165.428966727029
"4512" 4512 8923 NA NA 68.625 -42.75 165.428966727029
"4513" 4513 12353 NA NA 72.125 -35.75 139.389896397749
"4514" 4514 14602 NA NA 74.875 -10.25 118.534886234034
"4515" 4515 12724 NA NA 72.625 -22.25 135.62217566231
"4516" 4516 -15773 NA NA NA NA 0
"4517" 4517 37631 NA NA 97.875 -13.75 0
"4518" 4518 14481 NA NA 74.375 -48.75 122.350006145947
"4519" 4519 13892 NA NA 73.875 -39.25 126.155126791287
"4520" 4520 -4317 NA NA 55.625 -18.75 255.625964857014
"4521" 4521 11812 NA NA 71.875 -31.25 141.269513049851
"4522" 4522 -5339 NA NA 54.875 -16.75 260.452316840499
"4523" 4523 -5893 NA NA NA NA 0
"4524" 4524 11962 NA NA 71.875 -46.25 141.269513049851
"4525" 4525 13973 NA NA 73.625 -47.75 128.053841668792
"4526" 4526 14382 NA NA 74.375 -38.25 122.350006145949
"4527" 4527 16402 NA NA 76.375 -40.25 107.032610716282
"4528" 4528 14894 NA NA 74.625 -39.25 120.443676915388
"4529" 4529 13414 NA NA 73.125 -41.25 131.843389784839
"4530" 4530 -1828 NA NA 58.375 -17.25 237.543498564407
"4531" 4531 10331 NA NA 70.375 -33.75 152.485440016775
"4532" 4532 11861 NA NA 71.875 -36.75 141.269513049851
"4533" 4533 -23304 NA NA NA NA 0
"4534" 4534 -17264 NA NA NA NA 0
"4535" 4535 -2576 NA NA 57.125 -42.25 245.836592090701
"4536" 4536 -6374 NA NA NA NA 0
"4537" 4537 -57782 NA NA NA NA 0
"4538" 4538 -2146 NA NA 57.625 -35.25 242.533865708857
"4539" 4539 10391 NA NA 70.375 -39.75 152.485440016773
"4540" 4540 10792 NA NA 70.875 -29.25 148.758812764268
"4541" 4541 13643 NA NA 73.625 -14.75 128.053841668792
"4542" 4542 -18352 NA NA NA NA 0
"4543" 4543 8481 NA NA 68.375 -48.75 167.26489678767
"4544" 4544 6404 NA NA 66.125 -40.25 183.631155336532
"4545" 4545 11173 NA NA 71.125 -17.75 146.890937643513
"4546" 4546 18632 NA NA 78.875 -13.25 87.6910828843134
"4547" 4547 12204 NA NA 72.125 -20.25 139.389896397748
"4548" 4548 -48813 NA NA NA NA 0
"4549" 4549 5422 NA NA 65.375 -42.25 189.020947495984
"4550" 4550 17004 NA NA 77.125 -0.25 101.25137523269
"4551" 4551 9851 NA NA 69.875 -35.75 156.199656318656
"4552" 4552 9911 NA NA 69.875 -41.75 156.199656318656
"4553" 4553 5174 NA NA 65.125 -17.25 190.809947028278
"4554" 4554 16553 NA NA 76.625 -5.75 105.107670929188
"4555" 4555 10112 NA NA 70.375 -11.25 152.485440016772
"4556" 4556 12751 NA NA 72.875 -25.75 133.734146966272
"4557" 4557 9964 NA NA 69.625 -46.25 158.052018102961
"4558" 4558 -1657 NA NA 58.125 -34.75 239.211749663529
"4559" 4559 -669 NA NA 59.375 -33.75 230.823275634076
"4560" 4560 -3836 NA NA 56.125 -16.25 252.382886372866
"4561" 4561 13422 NA NA 73.375 -42.25 129.949942023104
"4562" 4562 14854 NA NA 74.625 -35.25 120.443676915388
"4563" 4563 10113 NA NA 70.125 -11.75 154.344118012226
"4564" 4564 -53268 NA NA 6.875 -23.25 445.476909245257
"4565" 4565 -12558 NA NA 47.375 -44.25 306.023542923508
"4566" 4566 8483 NA NA 68.125 -48.75 169.097431370859
"4567" 4567 -3096 NA NA 56.625 -40.25 249.119680904906
"4568" 4568 11834 NA NA 71.625 -33.25 143.146250444057
"4569" 4569 13301 NA NA 73.375 -30.75 129.949942023104
"4570" 4570 -58881 NA NA NA NA 0
"4571" 4571 1831 NA NA 61.875 -33.75 213.703409656886
"4572" 4572 6383 NA NA 66.125 -38.75 183.631155336529
"4573" 4573 16401 NA NA 76.375 -40.75 107.032610716281
"4574" 4574 -5764 NA NA NA NA 0
"4575" 4575 -1188 NA NA 58.875 -31.25 234.192767454364
"4576" 4576 16924 NA NA 76.625 -42.25 105.107670929189
"4577" 4577 -3319 NA NA 56.875 -18.75 247.480606604922
"4578" 4578 11303 NA NA 71.125 -30.75 146.890937643513
"4579" 4579 -20774 NA NA NA NA 0
"4580" 4580 -52971 NA NA NA NA 0
"4581" 4581 362 NA NA 60.375 -36.25 224.029032765376
"4582" 4582 -1138 NA NA 58.875 -36.25 234.192767454364
"4583" 4583 -1656 NA NA 58.125 -34.25 239.211749663526
"4584" 4584 14931 NA NA 74.875 -43.75 118.534886234034
"4585" 4585 -59324 NA NA NA NA 0
"4586" 4586 6727 NA NA NA NA 0
"4587" 4587 5924 NA NA 65.625 -42.25 187.228125703818
"4588" 4588 -3539 NA NA 56.375 -46.75 250.753784334876
"4589" 4589 3681 NA NA 63.875 -18.75 199.696394641604
"4590" 4590 -53368 NA NA 6.875 -13.25 445.476909245253
"4591" 4591 10761 NA NA 70.875 -26.75 148.75881276427
"4592" 4592 -5881 NA NA NA NA 0
"4593" 4593 5404 NA NA 65.125 -40.25 190.809947028279
"4594" 4594 -5568 NA NA 54.375 -43.25 263.644026133787
"4595" 4595 14121 NA NA 74.375 -12.75 122.350006145947
"4596" 4596 -24352 NA NA NA NA 0
"4597" 4597 -676 NA NA 59.125 -32.25 232.510350730414
"4598" 4598 14421 NA NA 74.375 -42.75 122.350006145946
"4599" 4599 8982 NA NA 68.875 -48.25 163.58967743356
"4600" 4600 8 NA NA NA NA 0
"4601" 4601 15342 NA NA 75.375 -34.25 114.710074439728
"4602" 4602 13371 NA NA 73.375 -37.75 129.949942023103
"4603" 4603 9892 NA NA 69.875 -39.25 156.199656318656
"4604" 4604 15631 NA NA 75.875 -13.75 110.875879349437
"4605" 4605 -199 NA NA 59.875 -30.75 227.435278317017
"4606" 4606 -1638 NA NA 58.375 -36.25 237.543498564409
"4607" 4607 383 NA NA 60.125 -38.75 225.734420412127
"4608" 4608 -86 NA NA 59.625 -41.25 229.131574131568
"4609" 4609 -59281 NA NA NA NA 0
"4610" 4610 10942 NA NA 70.875 -44.25 148.758812764272
"4611" 4611 -3547 NA NA 56.125 -45.75 252.382886372863
"4612" 4612 13851 NA NA 73.875 -35.75 126.155126791287
"4613" 4613 10814 NA NA 70.625 -31.25 150.623659260223
"4614" 4614 16551 NA NA 76.875 -5.75 103.180579424251
"4615" 4615 -27314 NA NA NA NA 0
"4616" 4616 6852 NA NA 66.875 -35.25 178.207910704906
"4617" 4617 454 NA NA 60.125 -45.25 225.73442041213
"4618" 4618 -60014 NA NA NA NA 0
"4619" 4619 14933 NA NA 74.625 -43.75 120.443676915388
"4620" 4620 12732 NA NA 72.875 -23.25 133.734146966272
"4621" 4621 -4138 NA NA 55.875 -36.25 254.006956631226
"4622" 4622 7861 NA NA 67.875 -36.75 170.926534333284
"4623" 4623 -9767 NA NA 50.125 -23.75 289.903951728931
"4624" 4624 16573 NA NA 76.625 -7.75 105.107670929189
"4625" 4625 16052 NA NA 76.375 -5.25 107.032610716282
"4626" 4626 -4646 NA NA 55.125 -35.25 258.848674875703
"4627" 4627 11283 NA NA 71.125 -28.75 146.890937643514
"4628" 4628 -125772 NA NA NA NA 0
"4629" 4629 1688 NA NA NA NA 0
"4630" 4630 12412 NA NA 72.375 -41.25 137.507438051661
"4631" 4631 -28964 NA NA NA NA 0
"4632" 4632 -4502 NA NA NA NA 0
"4633" 4633 30214 NA NA 90.125 -21.25 0
"4634" 4634 1832 NA NA 61.875 -33.25 213.70340965688
"4635" 4635 1373 NA NA 61.125 -37.75 218.886016749817
"4636" 4636 2981 NA NA 62.875 -48.75 206.733226659164
"4637" 4637 5472 NA NA 65.375 -47.25 189.020947495984
"4638" 4638 -7964 NA NA NA NA 0
"4639" 4639 -11901 NA NA NA NA 0
"4640" 4640 -37764 NA NA NA NA 0
"4641" 4641 -19942 NA NA NA NA 0
"4642" 4642 -34351 NA NA NA NA 0
"4643" 4643 5441 NA NA 65.375 -44.75 189.020947495982
"4644" 4644 3462 NA NA 63.375 -46.25 203.223006493778
"4645" 4645 3963 NA NA 63.625 -46.75 201.461732514478
"4646" 4646 4972 NA NA 64.875 -47.25 192.595089440809
"4647" 4647 -40154 NA NA NA NA 0
"4648" 4648 -17463 NA NA NA NA 0
"4649" 4649 3382 NA NA 63.375 -38.25 203.22300649378
"4650" 4650 -17673 NA NA NA NA 0
"4651" 4651 2453 NA NA 62.125 -45.75 211.967230105173
"4652" 4652 -37363 NA NA NA NA 0
"4653" 4653 3972 NA NA 63.875 -47.25 199.696394641606
"4654" 4654 -1852 NA NA NA NA 0
"4655" 4655 -67024 NA NA NA NA 0
"4656" 4656 -17954 NA NA NA NA 0
"4657" 4657 -9162 NA NA NA NA 0
"4658" 4658 5163 NA NA 65.125 -16.75 190.809947028279
"4659" 4659 4462 NA NA 64.375 -46.25 196.153664029036
"4660" 4660 4431 NA NA 64.375 -43.75 196.153664029036
"4661" 4661 -10402 NA NA NA NA 0
"4662" 4662 2481 NA NA 62.375 -48.75 210.226784093387
"4663" 4663 -17042 NA NA NA NA 0
"4664" 4664 -26793 NA NA NA NA 0
"4665" 4665 2384 NA NA 62.125 -38.25 211.967230105178
"4666" 4666 -6311 NA NA NA NA 0
"4667" 4667 971 NA NA 60.875 -47.75 220.604798271237
"4668" 4668 4973 NA NA 64.625 -47.75 194.376339985877
"4669" 4669 -8562 NA NA NA NA 0
"4670" 4670 -18004 NA NA NA NA 0
"4671" 4671 -10504 NA NA NA NA 0
"4672" 4672 1941 NA NA 61.875 -44.75 213.70340965688
"4673" 4673 2953 NA NA 62.625 -45.75 208.48210508381
"4674" 4674 -42842 NA NA NA NA 0
"4675" 4675 -19144 NA NA NA NA 0
"4676" 4676 -67034 NA NA NA NA 0
"4677" 4677 -10692 NA NA NA NA 0
"4678" 4678 -17432 NA NA NA NA 0
"4679" 4679 -10542 NA NA NA NA 0
"4680" 4680 4173 NA NA 64.125 -17.75 197.927027049598
"4681" 4681 -7961 NA NA NA NA 0
"4682" 4682 5964 NA NA 65.625 -46.25 187.228125703818
"4683" 4683 -16291 NA NA NA NA 0
"4684" 4684 -17951 NA NA NA NA 0
"4685" 4685 -6402 NA NA NA NA 0
"4686" 4686 -10362 NA NA NA NA 0
"4687" 4687 -6644 NA NA NA NA 0
"4688" 4688 -44343 NA NA NA NA 0
"4689" 4689 1951 NA NA 61.875 -45.75 213.70340965688
"4690" 4690 -15954 NA NA NA NA 0
"4691" 4691 -11394 NA NA NA NA 0
"4692" 4692 -4032 NA NA NA NA 0
"4693" 4693 -37734 NA NA NA NA 0
"4694" 4694 -11211 NA NA NA NA 0
"4695" 4695 -17792 NA NA NA NA 0
"4696" 4696 5663 NA NA 65.625 -16.75 187.228125703818
"4697" 4697 -67672 NA NA NA NA 0
"4698" 4698 7343 NA NA 67.125 -34.75 176.392893601251
"4699" 4699 -17512 NA NA NA NA 0
"4700" 4700 -18163 NA NA NA NA 0
"4701" 4701 4464 NA NA 64.125 -46.25 197.927027049598
"4702" 4702 -8514 NA NA NA NA 0
"4703" 4703 -45341 NA NA NA NA 0
"4704" 4704 -18092 NA NA NA NA 0
"4705" 4705 6863 NA NA 66.625 -36.75 180.019317022026
"4706" 4706 28032 NA NA 88.375 -3.25 12.8942714912873
"4707" 4707 -40822 NA NA NA NA 0
"4708" 4708 2851 NA NA 62.875 -35.75 206.733226659164
"4709" 4709 -4824 NA NA NA NA 0
"4710" 4710 6942 NA NA 66.875 -44.25 178.207910704908
"4711" 4711 3414 NA NA 63.125 -41.25 204.98018252197
"4712" 4712 -47182 NA NA NA NA 0
"4713" 4713 -7962 NA NA NA NA 0
"4714" 4714 4452 NA NA 64.375 -45.25 196.153664029036
"4715" 4715 -10174 NA NA NA NA 0
"4716" 4716 6921 NA NA 66.875 -42.75 178.207910704904
"4717" 4717 -11364 NA NA NA NA 0
"4718" 4718 -13553 NA NA NA NA 0
"4719" 4719 -14253 NA NA NA NA 0
"4720" 4720 -7972 NA NA NA NA 0
"4721" 4721 941 NA NA 60.875 -44.75 220.604798271237
"4722" 4722 -11891 NA NA NA NA 0
"4723" 4723 7943 NA NA 67.625 -44.75 172.752169633828
"4724" 4724 -15191 NA NA NA NA 0
"4725" 4725 13764 NA NA 73.625 -26.25 128.053841668792
"4726" 4726 3943 NA NA 63.625 -44.75 201.461732514472
"4727" 4727 3451 NA NA 63.375 -45.75 203.223006493775
"4728" 4728 7834 NA NA 67.625 -33.25 172.752169633828
"4729" 4729 -13582 NA NA NA NA 0
"4730" 4730 -31843 NA NA NA NA 0
"4731" 4731 -9581 NA NA NA NA 0
"4732" 4732 -26924 NA NA NA NA 0
"4733" 4733 5423 NA NA 65.125 -42.75 190.809947028277
"4734" 4734 -15104 NA NA NA NA 0
"4735" 4735 -5332 NA NA NA NA 0
"4736" 4736 -14004 NA NA NA NA 0
"4737" 4737 -14281 NA NA NA NA 0
"4738" 4738 1862 NA NA 61.875 -36.25 213.703409656883
"4739" 4739 2362 NA NA 62.375 -36.25 210.226784093387
"4740" 4740 1872 NA NA 61.875 -37.25 213.703409656883
"4741" 4741 2892 NA NA 62.875 -39.25 206.733226659164
"4742" 4742 11624 NA NA 71.625 -12.25 143.146250444059
"4743" 4743 894 NA NA 60.625 -39.25 222.319147851593
"4744" 4744 2364 NA NA 62.125 -36.25 211.967230105176
"4745" 4745 6911 NA NA 66.875 -41.75 178.207910704906
"4746" 4746 873 NA NA 60.625 -37.75 222.31914785159
"4747" 4747 1883 NA NA 61.625 -38.75 215.435289407374
"4748" 4748 10181 NA NA 70.375 -18.75 152.485440016772
"4749" 4749 5403 NA NA 65.125 -40.75 190.809947028277
"4750" 4750 10693 NA NA 70.625 -19.75 150.623659260223
"4751" 4751 -159 NA NA 59.875 -34.75 227.435278317017
"4752" 4752 331 NA NA 60.375 -33.75 224.029032765379
"4753" 4753 -147 NA NA 59.625 -35.75 229.131574131565
"4754" 4754 -667 NA NA 59.125 -33.75 232.510350730417
"4755" 4755 -179 NA NA 59.875 -32.75 227.435278317017
"4756" 4756 10171 NA NA 70.375 -17.75 152.485440016773
"4757" 4757 10151 NA NA 70.375 -15.75 152.485440016773
"4758" 4758 10653 NA NA 70.625 -15.75 150.623659260223
"4759" 4759 -2147 NA NA 57.625 -35.75 242.533865708857
"4760" 4760 10144 NA NA 70.125 -14.25 154.344118012226
"4761" 4761 7381 NA NA 67.375 -38.75 174.574301334489
"4762" 4762 -1126 NA NA 58.625 -37.25 235.870493968489
"4763" 4763 -2608 NA NA 57.375 -39.25 244.187668151353
"4764" 4764 -3828 NA NA 56.375 -17.25 250.753784334871
"4765" 4765 11924 NA NA 71.625 -42.25 143.146250444059
"4766" 4766 -117 NA NA 59.625 -38.75 229.131574131562
"4767" 4767 -1587 NA NA 58.125 -41.75 239.211749663529
"4768" 4768 NA NA NA NA NA 0
"4769" 4769 -2596 NA NA 57.125 -40.25 245.836592090701
"4770" 4770 14362 NA NA 74.375 -36.25 122.350006145947
"4771" 4771 11934 NA NA 71.625 -43.25 143.146250444059
"4772" 4772 4161 NA NA 64.375 -16.75 196.153664029036
"4773" 4773 -5319 NA NA 54.875 -18.75 260.452316840497
"4774" 4774 -4546 NA NA 55.125 -45.25 258.848674875703
"4775" 4775 -4547 NA NA 55.125 -45.75 258.848674875699
"4776" 4776 5204 NA NA 65.125 -20.25 190.809947028278
"4777" 4777 -5047 NA NA 54.625 -45.75 262.050777117399
"4778" 4778 -2577 NA NA 57.125 -42.75 245.836592090698
"4779" 4779 15382 NA NA 75.375 -38.25 114.710074439731
"4780" 4780 -3548 NA NA 56.375 -45.25 250.753784334873
"4781" 4781 11463 NA NA 71.125 -46.75 146.890937643515
"4782" 4782 14903 NA NA 74.625 -40.75 120.443676915386
"4783" 4783 -408 NA NA 59.875 -9.25 227.435278317017
"4784" 4784 -4827 NA NA 55.125 -17.75 258.848674875703
"4785" 4785 -1847 NA NA 58.125 -15.75 239.211749663529
"4786" 4786 -419 NA NA 59.875 -8.75 227.435278317017
"4787" 4787 8884 NA NA 68.625 -38.25 165.428966727033
"4788" 4788 9412 NA NA 69.375 -41.25 159.901166627741
"4789" 4789 -4326 NA NA 55.625 -17.25 255.625964857014
"4790" 4790 -3338 NA NA 56.875 -16.25 247.480606604924
"4791" 4791 7383 NA NA 67.125 -38.75 176.392893601249
"4792" 4792 11331 NA NA 71.375 -33.75 145.020071104335
"4793" 4793 9822 NA NA 69.875 -32.25 156.199656318656
"4794" 4794 12344 NA NA 72.125 -34.25 139.389896397747
"4795" 4795 13322 NA NA 73.375 -32.25 129.949942023104
"4796" 4796 10642 NA NA 70.875 -14.25 148.75881276427
"4797" 4797 -429 NA NA 59.875 -7.75 227.435278317017
"4798" 4798 8374 NA NA 68.125 -37.25 169.097431370859
"4799" 4799 7894 NA NA 67.625 -39.25 172.75216963383
"4800" 4800 4992 NA NA 64.875 -49.25 192.595089440811
"4801" 4801 12671 NA NA 72.875 -17.75 133.734146966271
"4802" 4802 11711 NA NA 71.875 -21.75 141.269513049851
"4803" 4803 9811 NA NA 69.875 -31.75 156.199656318656
"4804" 4804 18 NA NA NA NA 0
"4805" 4805 12311 NA NA 72.375 -31.75 137.507438051659
"4806" 4806 10783 NA NA 70.625 -28.75 150.623659260224
"4807" 4807 11754 NA NA 71.625 -25.25 143.146250444058
"4808" 4808 4 NA NA 60.125 -0.25 225.73442041213
"4809" 4809 11713 NA NA 71.625 -21.75 143.146250444059
"4810" 4810 11731 NA NA 71.875 -23.75 141.26951304985
"4811" 4811 6463 NA NA 66.125 -46.75 183.631155336534
"4812" 4812 10281 NA NA 70.375 -28.75 152.485440016774
"4813" 4813 4713 NA NA 64.625 -21.75 194.376339985878
"4814" 4814 6963 NA NA 66.625 -46.75 180.019317022029
"4815" 4815 -60013 NA NA NA NA 0
"4816" 4816 -148 NA NA 59.875 -35.25 227.435278317017
"4817" 4817 -188 NA NA 59.875 -31.25 227.435278317017
"4818" 4818 -668 NA NA 59.375 -33.25 230.82327563407
"4819" 4819 1852 NA NA 61.875 -35.25 213.703409656883
"4820" 4820 8991 NA NA 68.875 -49.75 163.589677433558
"4821" 4821 8863 NA NA 68.625 -36.75 165.428966727031
"4822" 4822 13423 NA NA 73.125 -42.75 131.843389784835
"4823" 4823 13903 NA NA 73.625 -40.75 128.053841668792
"4824" 4824 -4558 NA NA 55.375 -44.25 257.239880932552
"4825" 4825 10431 NA NA 70.375 -43.75 152.485440016773
"4826" 4826 -3829 NA NA 56.375 -17.75 250.753784334873
"4827" 4827 12404 NA NA 72.125 -40.25 139.389896397749
"4828" 4828 8972 NA NA 68.875 -47.25 163.58967743356
"4829" 4829 -3037 NA NA 56.625 -46.75 249.11968090491
"4830" 4830 8964 NA NA 68.625 -46.25 165.428966727031
"4831" 4831 10363 NA NA 70.125 -36.75 154.344118012226
"4832" 4832 11334 NA NA 71.125 -33.25 146.890937643512
"4833" 4833 11123 NA NA 71.125 -12.75 146.890937643513
"4834" 4834 11991 NA NA 71.875 -49.75 141.269513049849
"4835" 4835 12491 NA NA 72.375 -49.75 137.507438051657
"4836" 4836 13184 NA NA 73.125 -18.25 131.843389784837
"4837" 4837 -59058 NA NA 0.875 -44.25 448.565967784381
"4838" 4838 18643 NA NA 78.625 -14.75 89.6339775994089
"4839" 4839 16064 NA NA 76.125 -6.25 108.955359821554
"4840" 4840 -13047 NA NA 46.625 -45.75 310.295077901092
"4841" 4841 12264 NA NA 72.125 -26.25 139.389896397748
"4842" 4842 10632 NA NA 70.875 -13.25 148.75881276427
"4843" 4843 11744 NA NA 71.625 -24.25 143.146250444059
"4844" 4844 11251 NA NA 71.375 -25.75 145.020071104334
"4845" 4845 6491 NA NA 66.375 -49.75 181.827077035719
"4846" 4846 5972 NA NA 65.875 -47.25 185.43151662327
"4847" 4847 341 NA NA 60.375 -34.75 224.029032765376
"4848" 4848 -1088 NA NA 58.875 -41.25 234.192767454367
"4849" 4849 11921 NA NA 71.875 -42.75 141.269513049849
"4850" 4850 -606 NA NA 59.125 -39.25 232.510350730414
"4851" 4851 9951 NA NA 69.875 -45.75 156.199656318654
"4852" 4852 16422 NA NA 76.375 -42.25 107.032610716282
"4853" 4853 16394 NA NA 76.125 -39.25 108.955359821554
"4854" 4854 14863 NA NA 74.625 -36.75 120.443676915388
"4855" 4855 1332 NA NA 61.375 -33.25 217.162836137309
"4856" 4856 15374 NA NA 75.125 -37.25 116.623672563291
"4857" 4857 15381 NA NA 75.375 -38.75 114.710074439728
"4858" 4858 14402 NA NA 74.375 -40.25 122.350006145947
"4859" 4859 -3327 NA NA 56.625 -17.75 249.119680904906
"4860" 4860 10444 NA NA 70.125 -44.25 154.344118012228
"4861" 4861 8471 NA NA 68.375 -47.75 167.264896787667
"4862" 4862 10861 NA NA 70.875 -36.75 148.75881276427
"4863" 4863 11853 NA NA 71.625 -35.75 143.146250444059
"4864" 4864 9871 NA NA 69.875 -37.75 156.199656318654
"4865" 4865 -6849 NA NA 53.375 -15.75 269.964322956102
"4866" 4866 11831 NA NA 71.875 -33.75 141.269513049852
"4867" 4867 12981 NA NA 72.875 -48.75 133.734146966271
"4868" 4868 15654 NA NA 75.625 -15.25 112.794130473937
"4869" 4869 -12518 NA NA 47.375 -48.25 306.023542923504
"4870" 4870 -13049 NA NA 46.875 -45.75 308.877282786555
"4871" 4871 11771 NA NA 71.875 -27.75 141.269513049851
"4872" 4872 11723 NA NA 71.625 -22.75 143.146250444058
"4873" 4873 11743 NA NA 71.625 -24.75 143.146250444059
"4874" 4874 -9847 NA NA 50.125 -15.75 289.903951728933
"4875" 4875 9334 NA NA 69.125 -33.25 161.747065252308
"4876" 4876 12424 NA NA 72.125 -42.25 139.389896397749
"4877" 4877 7481 NA NA 67.375 -48.75 174.574301334491
"4878" 4878 13413 NA NA 73.125 -41.75 131.843389784837
"4879" 4879 -4816 NA NA 55.125 -18.25 258.848674875703
"4880" 4880 13443 NA NA 73.125 -44.75 131.843389784835
"4881" 4881 9473 NA NA 69.125 -47.75 161.747065252308
"4882" 4882 -3538 NA NA 56.375 -46.25 250.753784334873
"4883" 4883 11943 NA NA 71.625 -44.75 143.146250444057
"4884" 4884 -4319 NA NA 55.875 -18.75 254.006956631225
"4885" 4885 7421 NA NA 67.375 -42.75 174.574301334489
"4886" 4886 9834 NA NA 69.625 -33.25 158.052018102959
"4887" 4887 11664 NA NA 71.625 -16.25 143.146250444059
"4888" 4888 12492 NA NA 72.375 -49.25 137.507438051661
"4889" 4889 10771 NA NA 70.875 -27.75 148.75881276427
"4890" 4890 -52774 NA NA NA NA 0
"4891" 4891 -4261 NA NA NA NA 0
"4892" 4892 1944 NA NA 61.625 -44.25 215.43528940738
"4893" 4893 -178 NA NA 59.875 -32.25 227.435278317017
"4894" 4894 10673 NA NA 70.625 -17.75 150.623659260223
"4895" 4895 -1118 NA NA 58.875 -38.25 234.192767454367
"4896" 4896 -2666 NA NA 57.125 -33.25 245.836592090698
"4897" 4897 2354 NA NA 62.125 -35.25 211.967230105176
"4898" 4898 9832 NA NA 69.875 -33.25 156.199656318654
"4899" 4899 -3318 NA NA 56.875 -18.25 247.480606604924
"4900" 4900 10102 NA NA 70.375 -10.25 152.485440016773
"4901" 4901 12484 NA NA 72.125 -48.25 139.389896397749
"4902" 4902 15643 NA NA 75.625 -14.75 112.794130473936
"4903" 4903 16053 NA NA 76.125 -5.75 108.955359821554
"4904" 4904 6943 NA NA 66.625 -44.75 180.019317022024
"4905" 4905 -826 NA NA 59.125 -17.25 232.510350730412
"4906" 4906 12472 NA NA 72.375 -47.25 137.507438051659
"4907" 4907 16383 NA NA 76.125 -38.75 108.955359821553
"4908" 4908 -3099 NA NA 56.875 -40.75 247.480606604921
"4909" 4909 13431 NA NA 73.375 -43.75 129.949942023104
"4910" 4910 13871 NA NA 73.875 -37.75 126.155126791286
"4911" 4911 13411 NA NA 73.375 -41.75 129.949942023104
"4912" 4912 14372 NA NA 74.375 -37.25 122.350006145947
"4913" 4913 -4537 NA NA 55.125 -46.75 258.848674875706
"4914" 4914 9433 NA NA 69.125 -43.75 161.74706525231
"4915" 4915 -4318 NA NA 55.875 -18.25 254.006956631226
"4916" 4916 6982 NA NA 66.875 -48.25 178.207910704906
"4917" 4917 12333 NA NA 72.125 -33.75 139.389896397751
"4918" 4918 10371 NA NA 70.375 -37.75 152.485440016771
"4919" 4919 13781 NA NA 73.875 -28.75 126.155126791288
"4920" 4920 10311 NA NA 70.375 -31.75 152.485440016773
"4921" 4921 11292 NA NA 71.375 -29.25 145.020071104331
"4922" 4922 12723 NA NA 72.625 -22.75 135.622175662309
"4923" 4923 12714 NA NA 72.625 -21.25 135.622175662309
"4924" 4924 10991 NA NA 70.875 -49.75 148.758812764268
"4925" 4925 25741 NA NA 85.875 -24.75 32.7057948630203
"4926" 4926 -666 NA NA 59.125 -33.25 232.510350730411
"4927" 4927 1851 NA NA 61.875 -35.75 213.703409656883
"4928" 4928 -1628 NA NA 58.375 -37.25 237.543498564409
"4929" 4929 10473 NA NA 70.125 -47.75 154.344118012224
"4930" 4930 11883 NA NA 71.625 -38.75 143.146250444057
"4931" 4931 -5556 NA NA 54.125 -44.25 265.232034454379
"4932" 4932 -4559 NA NA 55.375 -44.75 257.239880932545
"4933" 4933 10333 NA NA 70.125 -33.75 154.344118012228
"4934" 4934 10833 NA NA 70.625 -33.75 150.623659260225
"4935" 4935 11352 NA NA 71.375 -35.25 145.020071104333
"4936" 4936 -4077 NA NA 55.625 -42.75 255.625964857012
"4937" 4937 381 NA NA 60.375 -38.75 224.029032765373
"4938" 4938 14381 NA NA 74.375 -38.75 122.350006145946
"4939" 4939 14882 NA NA 74.875 -38.25 118.534886234036
"4940" 4940 10962 NA NA 70.875 -46.25 148.75881276427
"4941" 4941 10873 NA NA 70.625 -37.75 150.623659260221
"4942" 4942 -17748 NA NA 42.375 -25.25 333.446994262359
"4943" 4943 11223 NA NA 71.125 -22.75 146.890937643512
"4944" 4944 16244 NA NA 76.125 -24.25 108.955359821554
"4945" 4945 11891 NA NA 71.875 -39.75 141.269513049851
"4946" 4946 -3549 NA NA 56.375 -45.75 250.753784334869
"4947" 4947 9381 NA NA 69.375 -38.75 159.901166627737
"4948" 4948 6931 NA NA 66.875 -43.75 178.207910704906
"4949" 4949 11862 NA NA 71.875 -36.25 141.269513049851
"4950" 4950 12701 NA NA 72.875 -20.75 133.734146966272
"4951" 4951 -4893 NA NA NA NA 0
"4952" 4952 2991 NA NA 62.875 -49.75 206.733226659162
"4953" 4953 1833 NA NA 61.625 -33.75 215.43528940738
"4954" 4954 12382 NA NA 72.375 -38.25 137.507438051661
"4955" 4955 12673 NA NA 72.625 -17.75 135.62217566231
"4956" 4956 13503 NA NA 73.625 -0.75 128.053841668793
"4957" 4957 -2659 NA NA 57.375 -34.75 244.187668151353
"4958" 4958 -116 NA NA 59.625 -38.25 229.131574131568
"4959" 4959 13403 NA NA 73.125 -40.75 131.843389784835
"4960" 4960 11852 NA NA 71.875 -35.25 141.269513049851
"4961" 4961 11162 NA NA 71.375 -16.25 145.020071104333
"4962" 4962 4654 NA NA 64.625 -15.25 194.376339985879
"4963" 4963 5164 NA NA 65.125 -16.25 190.809947028279
"4964" 4964 15052 NA NA 75.375 -5.25 114.710074439729
"4965" 4965 3494 NA NA 63.125 -49.25 204.98018252197
"4966" 4966 13384 NA NA 73.125 -38.25 131.843389784839
"4967" 4967 10393 NA NA 70.125 -39.75 154.344118012226
"4968" 4968 13653 NA NA 73.625 -15.75 128.053841668793
"4969" 4969 16031 NA NA 76.375 -3.75 107.032610716282
"4970" 4970 5183 NA NA 65.125 -18.75 190.809947028278
"4971" 4971 10674 NA NA 70.625 -17.25 150.623659260222
"4972" 4972 11661 NA NA 71.875 -16.75 141.269513049851
"4973" 4973 2323 NA NA 62.125 -32.75 211.967230105176
"4974" 4974 1352 NA NA 61.375 -35.25 217.162836137312
"4975" 4975 -1576 NA NA 58.125 -42.25 239.211749663529
"4976" 4976 13393 NA NA 73.125 -39.75 131.843389784837
"4977" 4977 -1348 NA NA 58.875 -15.25 234.192767454364
"4978" 4978 14393 NA NA 74.125 -39.75 124.253835540529
"4979" 4979 10963 NA NA 70.625 -46.75 150.623659260225
"4980" 4980 9873 NA NA 69.625 -37.75 158.052018102959
"4981" 4981 10361 NA NA 70.375 -36.75 152.485440016773
"4982" 4982 11424 NA NA 71.125 -42.25 146.890937643513
"4983" 4983 10282 NA NA 70.375 -28.25 152.485440016772
"4984" 4984 -1578 NA NA 58.375 -42.25 237.543498564409
"4985" 4985 4240 NA NA 64.25 -24.5 197.040842820208
"4986" 4986 10392 NA NA 70.375 -39.25 152.485440016773
"4987" 4987 9922 NA NA 69.875 -42.25 156.199656318656
"4988" 4988 -3252 NA NA NA NA 0
"4989" 4989 8382 NA NA 68.375 -38.25 167.264896787672
"4990" 4990 9884 NA NA 69.625 -38.25 158.052018102963
"4991" 4991 -4859 NA NA 55.375 -14.75 257.239880932547
"4992" 4992 6443 NA NA 66.125 -44.75 183.631155336529
"4993" 4993 -59773 NA NA NA NA 0
"4994" 4994 -26292 NA NA NA NA 0
"4995" 4995 9993 NA NA 69.625 -49.75 158.052018102959
"4996" 4996 363 NA NA 60.125 -36.75 225.73442041213
"4997" 4997 -2339 NA NA 57.875 -16.75 240.875215817499
"4998" 4998 -14153 NA NA NA NA 0
"4999" 4999 5384 NA NA 65.125 -38.25 190.809947028282
"5000" 5000 -4078 NA NA 55.875 -42.25 254.006956631226
"5001" 5001 -4269 NA NA 55.875 -23.75 254.006956631225
"5002" 5002 -559 NA NA 59.375 -44.75 230.82327563407
"5003" 5003 18641 NA NA 78.875 -14.75 87.6910828843131
"5004" 5004 -4842 NA NA NA NA 0
"5005" 5005 1353 NA NA 61.125 -35.75 218.88601674982
"5006" 5006 13971 NA NA 73.875 -47.75 126.155126791286
"5007" 5007 15914 NA NA 75.625 -41.25 112.794130473938
"5008" 5008 11444 NA NA 71.125 -44.25 146.890937643515
"5009" 5009 14611 NA NA 74.875 -11.75 118.534886234034
"5010" 5010 11323 NA NA 71.125 -32.75 146.890937643513
"5011" 5011 -38 NA NA 59.875 -46.25 227.435278317017
"5012" 5012 2921 NA NA 62.875 -42.75 206.733226659162
"5013" 5013 -37351 NA NA NA NA 0
"5014" 5014 13424 NA NA 73.125 -42.25 131.843389784837
"5015" 5015 4433 NA NA 64.125 -43.75 197.927027049598
"5016" 5016 -2737 NA NA 57.125 -26.75 245.836592090701
"5017" 5017 -1339 NA NA 58.875 -16.75 234.192767454364
"5018" 5018 10944 NA NA 70.625 -44.25 150.623659260225
"5019" 5019 -4028 NA NA 55.875 -47.25 254.006956631226
"5020" 5020 10891 NA NA 70.875 -39.75 148.75881276427
"5021" 5021 -53277 NA NA 6.625 -22.75 445.700929329257
"5022" 5022 3472 NA NA 63.375 -47.25 203.223006493778
"5023" 5023 10472 NA NA 70.375 -47.25 152.485440016773
"5024" 5024 -5528 NA NA 54.375 -47.25 263.644026133787
"5025" 5025 -3557 NA NA 56.125 -44.75 252.382886372863
"5026" 5026 11361 NA NA 71.375 -36.75 145.020071104333
"5027" 5027 14573 NA NA 74.625 -7.75 120.443676915388
"5028" 5028 10193 NA NA 70.125 -19.75 154.344118012226
"5029" 5029 11701 NA NA 71.875 -20.75 141.269513049852
"5030" 5030 9331 NA NA 69.375 -33.75 159.901166627741
"5031" 5031 13913 NA NA 73.625 -41.75 128.053841668793
"5032" 5032 -1369 NA NA 58.875 -13.75 234.192767454364
"5033" 5033 11304 NA NA 71.125 -30.25 146.890937643513
"5034" 5034 -1187 NA NA 58.625 -31.75 235.870493968489
"5035" 5035 -2816 NA NA 57.125 -18.25 245.836592090701
"5036" 5036 13793 NA NA 73.625 -29.75 128.053841668793
"5037" 5037 10824 NA NA 70.625 -32.25 150.623659260223
"5038" 5038 -13371 NA NA NA NA 0
"5039" 5039 -5792 NA NA NA NA 0
"5040" 5040 3730 NA NA 63.75 -23.5 200.579569431565
"5041" 5041 14422 NA NA 74.375 -42.25 122.350006145947
"5042" 5042 -817 NA NA 59.125 -18.75 232.510350730412
"5043" 5043 9872 NA NA 69.875 -37.25 156.199656318656
"5044" 5044 -3647 NA NA 56.125 -35.75 252.382886372866
"5045" 5045 -107 NA NA 59.625 -39.75 229.131574131565
"5046" 5046 8924 NA NA 68.625 -42.25 165.428966727031
"5047" 5047 -3357 NA NA 56.625 -14.75 249.119680904905
"5048" 5048 -44876 NA NA 15.125 -12.25 433.472608833889
"5049" 5049 12774 NA NA 72.625 -27.25 135.62217566231
"5050" 5050 13211 NA NA 73.375 -21.75 129.949942023104
"5051" 5051 -37782 NA NA NA NA 0
"5052" 5052 5891 NA NA 65.875 -39.75 185.43151662327
"5053" 5053 9842 NA NA 69.875 -34.25 156.199656318654
"5054" 5054 -503 NA NA NA NA 0
"5055" 5055 5431 NA NA 65.375 -43.75 189.020947495984
"5056" 5056 -17933 NA NA NA NA 0
"5057" 5057 -17903 NA NA NA NA 0
"5058" 5058 5153 NA NA 65.125 -15.75 190.809947028279
"5059" 5059 2342 NA NA 62.375 -34.25 210.226784093384
"5060" 5060 13763 NA NA 73.625 -26.75 128.053841668793
"5061" 5061 -6764 NA NA NA NA 0
"5062" 5062 -17032 NA NA NA NA 0
"5063" 5063 -11363 NA NA NA NA 0
"5064" 5064 2882 NA NA 62.875 -38.25 206.733226659167
"5065" 5065 -16292 NA NA NA NA 0
"5066" 5066 -2344 NA NA NA NA 0
"5067" 5067 4694 NA NA 64.625 -19.25 194.376339985879
"5068" 5068 -18181 NA NA NA NA 0
"5069" 5069 -12302 NA NA NA NA 0
"5070" 5070 2373 NA NA 62.125 -37.75 211.967230105173
"5071" 5071 -10404 NA NA NA NA 0
"5072" 5072 2872 NA NA 62.875 -37.25 206.733226659164
"5073" 5073 -9152 NA NA NA NA 0
"5074" 5074 -36363 NA NA NA NA 0
"5075" 5075 -40644 NA NA NA NA 0
"5076" 5076 -16362 NA NA NA NA 0
"5077" 5077 -17294 NA NA NA NA 0
"5078" 5078 -40354 NA NA NA NA 0
"5079" 5079 3443 NA NA 63.125 -44.75 204.980182521964
"5080" 5080 -47873 NA NA NA NA 0
"5081" 5081 -16853 NA NA NA NA 0
"5082" 5082 -16954 NA NA NA NA 0
"5083" 5083 -12074 NA NA NA NA 0
"5084" 5084 -37371 NA NA NA NA 0
"5085" 5085 -36861 NA NA NA NA 0
"5086" 5086 -35863 NA NA NA NA 0
"5087" 5087 -41164 NA NA NA NA 0
"5088" 5088 -11872 NA NA NA NA 0
"5089" 5089 -15884 NA NA NA NA 0
"5090" 5090 -1361 NA NA NA NA 0
"5091" 5091 -16951 NA NA NA NA 0
"5092" 5092 -14834 NA NA NA NA 0
"5093" 5093 -43144 NA NA NA NA 0
"5094" 5094 2382 NA NA 62.375 -38.25 210.226784093389
"5095" 5095 3461 NA NA 63.375 -46.75 203.22300649378
"5096" 5096 3374 NA NA 63.125 -37.25 204.980182521967
"5097" 5097 -43842 NA NA NA NA 0
"5098" 5098 -9724 NA NA NA NA 0
"5099" 5099 3491 NA NA 63.375 -49.75 203.223006493775
"5100" 5100 -17232 NA NA NA NA 0
"5101" 5101 -16553 NA NA NA NA 0
"5102" 5102 -34883 NA NA NA NA 0
"5103" 5103 -11743 NA NA NA NA 0
"5104" 5104 -33853 NA NA NA NA 0
"5105" 5105 -17994 NA NA NA NA 0
"5106" 5106 -17104 NA NA NA NA 0
"5107" 5107 -35851 NA NA NA NA 0
"5108" 5108 -16461 NA NA NA NA 0
"5109" 5109 -13823 NA NA NA NA 0
"5110" 5110 -16351 NA NA NA NA 0
"5111" 5111 7451 NA NA 67.375 -45.75 174.574301334489
"5112" 5112 -6622 NA NA NA NA 0
"5113" 5113 -43844 NA NA NA NA 0
"5114" 5114 6934 NA NA 66.625 -43.25 180.019317022026
"5115" 5115 -9132 NA NA NA NA 0
"5116" 5116 -10892 NA NA NA NA 0
"5117" 5117 -162 NA NA NA NA 0
"5118" 5118 -41844 NA NA NA NA 0
"5119" 5119 -16843 NA NA NA NA 0
"5120" 5120 2463 NA NA 62.125 -46.75 211.967230105178
"5121" 5121 -11221 NA NA NA NA 0
"5122" 5122 -17973 NA NA NA NA 0
"5123" 5123 3482 NA NA 63.375 -48.25 203.223006493778
"5124" 5124 -18313 NA NA NA NA 0
"5125" 5125 -23354 NA NA NA NA 0
"5126" 5126 6362 NA NA 66.375 -36.25 181.827077035722
"5127" 5127 5191 NA NA 65.375 -19.75 189.020947495984
"5128" 5128 4441 NA NA 64.375 -44.75 196.153664029034
"5129" 5129 -14603 NA NA NA NA 0
"5130" 5130 -18201 NA NA NA NA 0
"5131" 5131 -16444 NA NA NA NA 0
"5132" 5132 -10873 NA NA NA NA 0
"5133" 5133 -14732 NA NA NA NA 0
"5134" 5134 -12854 NA NA NA NA 0
"5135" 5135 -17874 NA NA NA NA 0
"5136" 5136 5444 NA NA 65.125 -44.25 190.809947028282
"5137" 5137 -16833 NA NA NA NA 0
"5138" 5138 -7223 NA NA NA NA 0
"5139" 5139 -17571 NA NA NA NA 0
"5140" 5140 -18154 NA NA NA NA 0
"5141" 5141 29531 NA NA 89.875 -3.75 0.992010128445276
"5142" 5142 -16844 NA NA NA NA 0
"5143" 5143 -38353 NA NA NA NA 0
"5144" 5144 -41343 NA NA NA NA 0
"5145" 5145 5434 NA NA 65.125 -43.25 190.809947028279
"5146" 5146 36634 NA NA 96.625 -13.25 0
"5147" 5147 -13433 NA NA NA NA 0
"5148" 5148 3381 NA NA 63.375 -38.75 203.223006493775
"5149" 5149 2931 NA NA 62.875 -43.75 206.733226659164
"5150" 5150 -3952 NA NA NA NA 0
"5151" 5151 -18071 NA NA NA NA 0
"5152" 5152 -16054 NA NA NA NA 0
"5153" 5153 -48994 NA NA NA NA 0
"5154" 5154 -34361 NA NA NA NA 0
"5155" 5155 -21372 NA NA NA NA 0
"5156" 5156 -38903 NA NA NA NA 0
"5157" 5157 -40841 NA NA NA NA 0
"5158" 5158 -9281 NA NA NA NA 0
"5159" 5159 -34882 NA NA NA NA 0
"5160" 5160 -9852 NA NA NA NA 0
"5161" 5161 4703 NA NA 64.625 -20.75 194.376339985879
"5162" 5162 -41162 NA NA NA NA 0
"5163" 5163 -40581 NA NA NA NA 0
"5164" 5164 6374 NA NA 66.125 -37.25 183.631155336532
"5165" 5165 -17092 NA NA NA NA 0
"5166" 5166 -18483 NA NA NA NA 0
"5167" 5167 5454 NA NA 65.125 -45.25 190.809947028279
"5168" 5168 -18462 NA NA NA NA 0
"5169" 5169 -46124 NA NA NA NA 0
"5170" 5170 -12693 NA NA NA NA 0
"5171" 5171 4931 NA NA 64.875 -43.75 192.595089440809
"5172" 5172 13454 NA NA 73.125 -45.25 131.843389784837
"5173" 5173 6922 NA NA 66.875 -42.25 178.207910704906
"5174" 5174 7364 NA NA 67.125 -36.25 176.392893601251
"5175" 5175 8322 NA NA 68.375 -32.25 167.26489678767
"5176" 5176 6843 NA NA 66.625 -34.75 180.019317022026
"5177" 5177 -14154 NA NA NA NA 0
"5178" 5178 8844 NA NA 68.625 -34.25 165.428966727029
"5179" 5179 -66993 NA NA NA NA 0
"5180" 5180 6901 NA NA 66.875 -40.75 178.207910704904
"5181" 5181 7832 NA NA 67.875 -33.25 170.926534333282
"5182" 5182 -8074 NA NA NA NA 0
"5183" 5183 -11572 NA NA NA NA 0
"5184" 5184 226004 NA NA 286.125 -0.25 126.155126960354
"5185" 5185 -36584 NA NA NA NA 0
"5186" 5186 -4334 NA NA NA NA 0
"5187" 5187 -14261 NA NA NA NA 0
"5188" 5188 -40351 NA NA NA NA 0
"5189" 5189 413 NA NA 60.125 -41.75 225.73442041213
"5190" 5190 1892 NA NA 61.875 -39.25 213.703409656883
"5191" 5191 393 NA NA 60.125 -39.75 225.73442041213
"5192" 5192 384 NA NA 60.125 -38.25 225.734420412133
"5193" 5193 364 NA NA 60.125 -36.25 225.73442041213
"5194" 5194 2393 NA NA 62.125 -39.75 211.967230105176
"5195" 5195 402 NA NA 60.375 -40.25 224.029032765376
"5196" 5196 881 NA NA 60.875 -38.75 220.604798271237
"5197" 5197 10191 NA NA 70.375 -19.75 152.485440016773
"5198" 5198 10182 NA NA 70.375 -18.25 152.485440016773
"5199" 5199 10702 NA NA 70.875 -20.25 148.758812764269
"5200" 5200 10701 NA NA 70.875 -20.75 148.758812764271
"5201" 5201 10712 NA NA 70.875 -21.25 148.758812764269
"5202" 5202 9731 NA NA 69.875 -23.75 156.199656318655
"5203" 5203 -658 NA NA 59.375 -34.25 230.82327563407
"5204" 5204 834 NA NA 60.625 -33.25 222.31914785159
"5205" 5205 -2138 NA NA 57.875 -36.25 240.875215817499
"5206" 5206 -1669 NA NA 58.375 -33.75 237.543498564412
"5207" 5207 10143 NA NA 70.125 -14.75 154.344118012225
"5208" 5208 7392 NA NA 67.375 -39.25 174.574301334491
"5209" 5209 -1818 NA NA 58.375 -18.25 237.543498564409
"5210" 5210 -4328 NA NA 55.875 -17.25 254.006956631225
"5211" 5211 -628 NA NA 59.375 -37.25 230.823275634073
"5212" 5212 11993 NA NA 71.625 -49.75 143.146250444057
"5213" 5213 -2346 NA NA 57.625 -15.25 242.533865708857
"5214" 5214 -4836 NA NA 55.125 -16.25 258.848674875703
"5215" 5215 -2846 NA NA 57.125 -15.25 245.836592090701
"5216" 5216 -2089 NA NA 57.875 -41.75 240.875215817499
"5217" 5217 7882 NA NA 67.875 -38.25 170.926534333287
"5218" 5218 8372 NA NA 68.375 -37.25 167.26489678767
"5219" 5219 12934 NA NA 72.625 -43.25 135.62217566231
"5220" 5220 13353 NA NA 73.125 -35.75 131.843389784837
"5221" 5221 6883 NA NA 66.625 -38.75 180.019317022024
"5222" 5222 -3088 NA NA 56.875 -41.25 247.480606604927
"5223" 5223 12411 NA NA 72.375 -41.75 137.507438051659
"5224" 5224 11461 NA NA 71.375 -46.75 145.020071104335
"5225" 5225 -2578 NA NA 57.375 -42.25 244.187668151353
"5226" 5226 15383 NA NA 75.125 -38.75 116.62367256329
"5227" 5227 14392 NA NA 74.375 -39.25 122.350006145947
"5228" 5228 12434 NA NA 72.125 -43.25 139.389896397749
"5229" 5229 12463 NA NA 72.125 -46.75 139.389896397751
"5230" 5230 -3569 NA NA 56.375 -43.75 250.753784334873
"5231" 5231 -1837 NA NA 58.125 -16.75 239.211749663529
"5232" 5232 10441 NA NA 70.375 -44.75 152.485440016771
"5233" 5233 11931 NA NA 71.875 -43.75 141.269513049851
"5234" 5234 -2827 NA NA 57.125 -17.75 245.836592090701
"5235" 5235 -3837 NA NA 56.125 -16.75 252.382886372866
"5236" 5236 9403 NA NA 69.125 -40.75 161.747065252308
"5237" 5237 9923 NA NA 69.625 -42.75 158.052018102959
"5238" 5238 10863 NA NA 70.625 -36.75 150.623659260223
"5239" 5239 11333 NA NA 71.125 -33.75 146.890937643515
"5240" 5240 10843 NA NA 70.625 -34.75 150.623659260223
"5241" 5241 11842 NA NA 71.875 -34.25 141.269513049849
"5242" 5242 -6838 NA NA 53.375 -16.25 269.964322956102
"5243" 5243 -5329 NA NA 54.875 -17.75 260.452316840499
"5244" 5244 15093 NA NA 75.125 -9.75 116.623672563291
"5245" 5245 12341 NA NA 72.375 -34.75 137.507438051659
"5246" 5246 8362 NA NA 68.375 -36.25 167.26489678767
"5247" 5247 10633 NA NA 70.625 -13.75 150.623659260223
"5248" 5248 5203 NA NA 65.125 -20.75 190.809947028281
"5249" 5249 12481 NA NA 72.375 -48.75 137.507438051659
"5250" 5250 -60004 NA NA NA NA 0
"5251" 5251 10762 NA NA 70.875 -26.25 148.758812764269
"5252" 5252 11654 NA NA 71.625 -15.25 143.146250444059
"5253" 5253 8363 NA NA 68.125 -36.75 169.097431370859
"5254" 5254 11153 NA NA 71.125 -15.75 146.890937643513
"5255" 5255 -428 NA NA 59.875 -7.25 227.435278317017
"5256" 5256 7871 NA NA 67.875 -37.75 170.926534333282
"5257" 5257 5202 NA NA 65.375 -20.25 189.020947495983
"5258" 5258 4494 NA NA 64.125 -49.25 197.9270270496
"5259" 5259 12211 NA NA 72.375 -21.75 137.507438051659
"5260" 5260 11274 NA NA 71.125 -27.25 146.890937643513
"5261" 5261 11764 NA NA 71.625 -26.25 143.146250444058
"5262" 5262 10303 NA NA 70.125 -30.75 154.344118012226
"5263" 5263 7491 NA NA 67.375 -49.75 174.574301334489
"5264" 5264 4454 NA NA 64.125 -45.25 197.927027049598
"5265" 5265 10741 NA NA 70.875 -24.75 148.75881276427
"5266" 5266 7992 NA NA 67.875 -49.25 170.926534333287
"5267" 5267 -422 NA NA NA NA 0
"5268" 5268 -432 NA NA NA NA 0
"5269" 5269 -6844 NA NA NA NA 0
"5270" 5270 -47894 NA NA NA NA 0
"5271" 5271 -6851 NA NA NA NA 0
"5272" 5272 5982 NA NA 65.875 -48.25 185.43151662327
"5273" 5273 -7831 NA NA NA NA 0
"5274" 5274 7873 NA NA 67.625 -37.75 172.752169633828
"5275" 5275 323 NA NA 60.125 -32.75 225.73442041213
"5276" 5276 -169 NA NA 59.875 -33.75 227.43527831702
"5277" 5277 854 NA NA 60.625 -35.25 222.319147851593
"5278" 5278 -1668 NA NA 58.375 -33.25 237.543498564406
"5279" 5279 -1157 NA NA 58.625 -34.75 235.87049396849
"5280" 5280 3692 NA NA 63.875 -19.25 199.696394641606
"5281" 5281 14861 NA NA 74.875 -36.75 118.534886234034
"5282" 5282 12891 NA NA 72.875 -39.75 133.734146966271
"5283" 5283 -4557 NA NA 55.125 -44.75 258.848674875699
"5284" 5284 -5537 NA NA 54.125 -46.75 265.232034454379
"5285" 5285 12883 NA NA 72.625 -38.75 135.622175662308
"5286" 5286 9963 NA NA 69.625 -46.75 158.052018102963
"5287" 5287 -5066 NA NA 54.625 -43.25 262.050777117402
"5288" 5288 -4828 NA NA 55.375 -17.25 257.239880932547
"5289" 5289 13773 NA NA 73.625 -27.75 128.053841668793
"5290" 5290 -6847 NA NA 53.125 -15.75 271.531076900249
"5291" 5291 13314 NA NA 73.125 -31.25 131.843389784837
"5292" 5292 9471 NA NA 69.375 -47.75 159.901166627737
"5293" 5293 13783 NA NA 73.625 -28.75 128.053841668794
"5294" 5294 12992 NA NA 72.875 -49.25 133.734146966273
"5295" 5295 12973 NA NA 72.625 -47.75 135.622175662308
"5296" 5296 -4337 NA NA 55.625 -16.75 255.625964857016
"5297" 5297 15101 NA NA 75.375 -10.75 114.710074439729
"5298" 5298 13213 NA NA 73.125 -21.75 131.843389784837
"5299" 5299 18103 NA NA 78.125 -10.75 93.5142145151674
"5300" 5300 -59817 NA NA 0.125 -18.75 448.615836552373
"5301" 5301 12674 NA NA 72.625 -17.25 135.622175662309
"5302" 5302 10292 NA NA 70.375 -29.25 152.485440016771
"5303" 5303 -6782 NA NA NA NA 0
"5304" 5304 6412 NA NA 66.375 -41.25 181.827077035724
"5305" 5305 -3294 NA NA NA NA 0
"5306" 5306 321 NA NA 60.375 -32.75 224.029032765376
"5307" 5307 -1139 NA NA 58.875 -36.75 234.192767454364
"5308" 5308 -2127 NA NA 57.625 -37.75 242.533865708854
"5309" 5309 -5079 NA NA 54.875 -42.75 260.452316840495
"5310" 5310 14443 NA NA 74.125 -44.75 124.253835540527
"5311" 5311 13731 NA NA 73.875 -23.75 126.155126791286
"5312" 5312 -4047 NA NA 55.625 -45.75 255.625964857012
"5313" 5313 13383 NA NA 73.125 -38.75 131.843389784835
"5314" 5314 9484 NA NA 69.125 -48.25 161.74706525231
"5315" 5315 -5838 NA NA 54.375 -16.25 263.644026133787
"5316" 5316 7941 NA NA 67.875 -44.75 170.926534333282
"5317" 5317 9893 NA NA 69.625 -39.75 158.052018102961
"5318" 5318 9831 NA NA 69.875 -33.75 156.199656318658
"5319" 5319 10794 NA NA 70.625 -29.25 150.623659260221
"5320" 5320 444 NA NA 60.125 -44.25 225.734420412133
"5321" 5321 -13038 NA NA 46.875 -46.25 308.877282786559
"5322" 5322 10271 NA NA 70.375 -27.75 152.485440016773
"5323" 5323 3991 NA NA 63.875 -49.75 199.696394641603
"5324" 5324 11722 NA NA 71.875 -22.25 141.269513049851
"5325" 5325 6482 NA NA 66.375 -48.25 181.827077035722
"5326" 5326 -6841 NA NA NA NA 0
"5327" 5327 -27294 NA NA NA NA 0
"5328" 5328 4981 NA NA 64.875 -48.75 192.595089440809
"5329" 5329 4184 NA NA 64.125 -18.25 197.927027049598
"5330" 5330 -2139 NA NA 57.875 -36.75 240.875215817499
"5331" 5331 13891 NA NA 73.875 -39.75 126.155126791287
"5332" 5332 13882 NA NA 73.875 -38.25 126.155126791289
"5333" 5333 12401 NA NA 72.375 -40.75 137.507438051657
"5334" 5334 14862 NA NA 74.875 -36.25 118.534886234034
"5335" 5335 13911 NA NA 73.875 -41.75 126.155126791287
"5336" 5336 -3577 NA NA 56.125 -42.75 252.382886372863
"5337" 5337 -1857 NA NA 58.125 -14.75 239.211749663528
"5338" 5338 11961 NA NA 71.875 -46.75 141.269513049852
"5339" 5339 9901 NA NA 69.875 -40.75 156.199656318654
"5340" 5340 9941 NA NA 69.875 -44.75 156.199656318654
"5341" 5341 8461 NA NA 68.375 -46.75 167.264896787672
"5342" 5342 10842 NA NA 70.875 -34.25 148.758812764268
"5343" 5343 10832 NA NA 70.875 -33.25 148.758812764268
"5344" 5344 -11546 NA NA 48.125 -45.25 301.697938807887
"5345" 5345 11774 NA NA 71.625 -27.25 143.146250444059
"5346" 5346 18104 NA NA 78.125 -10.25 93.5142145151676
"5347" 5347 10183 NA NA 70.125 -18.75 154.344118012225
"5348" 5348 -16873 NA NA NA NA 0
"5349" 5349 5484 NA NA 65.125 -48.25 190.809947028279
"5350" 5350 -35782 NA NA NA NA 0
"5351" 5351 -687 NA NA 59.125 -31.75 232.510350730414
"5352" 5352 -1629 NA NA 58.375 -37.75 237.543498564406
"5353" 5353 -3159 NA NA 56.875 -34.75 247.480606604924
"5354" 5354 -1648 NA NA 58.375 -35.25 237.543498564409
"5355" 5355 -3578 NA NA 56.375 -42.25 250.753784334873
"5356" 5356 6452 NA NA 66.375 -45.25 181.827077035722
"5357" 5357 15363 NA NA 75.125 -36.75 116.623672563291
"5358" 5358 15334 NA NA 75.125 -33.25 116.62367256329
"5359" 5359 12933 NA NA 72.625 -43.75 135.62217566231
"5360" 5360 -3066 NA NA 56.625 -43.25 249.119680904906
"5361" 5361 9382 NA NA 69.375 -38.25 159.901166627741
"5362" 5362 6892 NA NA 66.875 -39.25 178.207910704906
"5363" 5363 10304 NA NA 70.125 -30.25 154.344118012226
"5364" 5364 -13036 NA NA 46.625 -46.25 310.295077901096
"5365" 5365 12722 NA NA 72.875 -22.25 133.734146966271
"5366" 5366 -421 NA NA NA NA 0
"5367" 5367 -5694 NA NA NA NA 0
"5368" 5368 -629 NA NA 59.375 -37.75 230.82327563407
"5369" 5369 -1618 NA NA 58.375 -38.25 237.543498564412
"5370" 5370 -3349 NA NA 56.875 -15.75 247.480606604924
"5371" 5371 -2566 NA NA 57.125 -43.25 245.836592090701
"5372" 5372 6893 NA NA 66.625 -39.75 180.019317022026
"5373" 5373 14361 NA NA 74.375 -36.75 122.350006145947
"5374" 5374 12452 NA NA 72.375 -45.25 137.507438051659
"5375" 5375 8862 NA NA 68.875 -36.25 163.58967743356
"5376" 5376 13772 NA NA 73.875 -27.25 126.155126791287
"5377" 5377 -5837 NA NA 54.125 -16.75 265.232034454375
"5378" 5378 -37778 NA NA 22.375 -22.25 415.650165978074
"5379" 5379 15604 NA NA 75.625 -10.25 112.794130473936
"5380" 5380 18623 NA NA 78.625 -12.75 89.6339775994094
"5381" 5381 12111 NA NA 72.375 -11.75 137.507438051659
"5382" 5382 2441 NA NA 62.375 -44.75 210.226784093384
"5383" 5383 -53804 NA NA NA NA 0
"5384" 5384 -138 NA NA 59.875 -36.25 227.435278317017
"5385" 5385 -3147 NA NA 56.625 -35.75 249.119680904906
"5386" 5386 -3859 NA NA 56.375 -14.75 250.753784334871
"5387" 5387 12442 NA NA 72.375 -44.25 137.507438051661
"5388" 5388 13924 NA NA 73.625 -42.25 128.053841668793
"5389" 5389 9952 NA NA 69.875 -45.25 156.199656318656
"5390" 5390 15411 NA NA 75.375 -41.75 114.710074439729
"5391" 5391 10434 NA NA 70.125 -43.25 154.344118012226
"5392" 5392 8973 NA NA 68.625 -47.75 165.428966727029
"5393" 5393 9402 NA NA 69.375 -40.25 159.901166627739
"5394" 5394 -6828 NA NA 53.375 -17.25 269.9643229561
"5395" 5395 -53863 NA NA NA NA 0
"5396" 5396 -7834 NA NA NA NA 0
"5397" 5397 11663 NA NA 71.625 -16.75 143.146250444059
"5398" 5398 -1617 NA NA 58.125 -38.75 239.211749663526
"5399" 5399 8853 NA NA 68.625 -35.75 165.428966727031
"5400" 5400 12964 NA NA 72.625 -46.25 135.62217566231
"5401" 5401 -8828 NA NA 51.375 -17.25 282.345960147848
"5402" 5402 11832 NA NA 71.875 -33.25 141.269513049849
"5403" 5403 13002 NA NA 73.375 -0.25 129.949942023104
"5404" 5404 18621 NA NA 78.875 -12.75 87.6910828843137
"5405" 5405 17613 NA NA 77.625 -11.75 97.3867852441692
"5406" 5406 12243 NA NA 72.125 -24.75 139.389896397749
"5407" 5407 10462 NA NA 70.375 -46.25 152.485440016773
"5408" 5408 14344 NA NA 74.125 -34.25 124.253835540527
"5409" 5409 9864 NA NA 69.625 -36.25 158.052018102961
"5410" 5410 2933 NA NA 62.625 -43.75 208.482105083812
"5411" 5411 10854 NA NA 70.625 -35.25 150.623659260223
"5412" 5412 15073 NA NA 75.125 -7.75 116.623672563291
"5413" 5413 -6344 NA NA NA NA 0
"5414" 5414 16224 NA NA 76.125 -22.25 108.955359821554
"5415" 5415 -2357 NA NA 57.625 -14.75 242.533865708856
"5416" 5416 16411 NA NA 76.375 -41.75 107.032610716282
"5417" 5417 11881 NA NA 71.875 -38.75 141.269513049849
"5418" 5418 -6066 NA NA 53.625 -43.25 268.39221195581
"5419" 5419 14904 NA NA 74.625 -40.25 120.443676915388
"5420" 5420 9874 NA NA 69.625 -37.25 158.052018102961
"5421" 5421 11712 NA NA 71.875 -21.25 141.26951304985
"5422" 5422 11312 NA NA 71.375 -31.25 145.020071104333
"5423" 5423 -59884 NA NA NA NA 0
"5424" 5424 -1826 NA NA 58.125 -17.25 239.211749663528
"5425" 5425 13894 NA NA 73.625 -39.25 128.053841668793
"5426" 5426 12954 NA NA 72.625 -45.25 135.62217566231
"5427" 5427 -53262 NA NA NA NA 0
"5428" 5428 12164 NA NA 72.125 -16.25 139.389896397749
"5429" 5429 -618 NA NA 59.375 -38.25 230.823275634076
"5430" 5430 -2116 NA NA 57.625 -38.25 242.53386570886
"5431" 5431 -609 NA NA 59.375 -39.75 230.823275634073
"5432" 5432 3431 NA NA 63.375 -43.75 203.223006493778
"5433" 5433 6884 NA NA 66.625 -38.25 180.019317022029
"5434" 5434 12441 NA NA 72.375 -44.75 137.507438051657
"5435" 5435 -2806 NA NA 57.125 -19.25 245.836592090701
"5436" 5436 12703 NA NA 72.625 -20.75 135.622175662311
"5437" 5437 6422 NA NA 66.375 -42.25 181.827077035722
"5438" 5438 14851 NA NA 74.875 -35.75 118.534886234034
"5439" 5439 5951 NA NA 65.875 -45.75 185.431516623268
"5440" 5440 12263 NA NA 72.125 -26.75 139.389896397749
"5441" 5441 -53481 NA NA NA NA 0
"5442" 5442 -1129 NA NA 58.875 -37.75 234.192767454361
"5443" 5443 11781 NA NA 71.875 -28.75 141.269513049852
"5444" 5444 -59783 NA NA NA NA 0
"5445" 5445 -49882 NA NA NA NA 0
"5446" 5446 -1128 NA NA 58.875 -37.25 234.192767454364
"5447" 5447 14131 NA NA 74.375 -13.75 122.350006145947
"5448" 5448 -19783 NA NA NA NA 0
"5449" 5449 -44393 NA NA NA NA 0
"5450" 5450 15892 NA NA 75.875 -39.25 110.875879349437
"5451" 5451 11873 NA NA 71.625 -37.75 143.146250444057
"5452" 5452 12764 NA NA 72.625 -26.25 135.622175662309
"5453" 5453 11682 NA NA 71.875 -18.25 141.269513049851
"5454" 5454 11681 NA NA 71.875 -18.75 141.26951304985
"5455" 5455 13234 NA NA 73.125 -23.25 131.843389784838
"5456" 5456 -4844 NA NA NA NA 0
"5457" 5457 -25784 NA NA NA NA 0
"5458" 5458 -18132 NA NA NA NA 0
"5459" 5459 7974 NA NA 67.625 -47.25 172.75216963383
"5460" 5460 13804 NA NA 73.625 -30.25 128.053841668793
"5461" 5461 11224 NA NA 71.125 -22.25 146.890937643513
"5462" 5462 15542 NA NA 75.875 -4.25 110.875879349436
"5463" 5463 12244 NA NA 72.125 -24.25 139.389896397749
"5464" 5464 4472 NA NA 64.375 -47.25 196.153664029036
"5465" 5465 13954 NA NA 73.625 -45.25 128.053841668793
"5466" 5466 13861 NA NA 73.875 -36.75 126.155126791287
"5467" 5467 -3047 NA NA 56.625 -45.75 249.119680904903
"5468" 5468 -369 NA NA 59.875 -13.75 227.435278317017
"5469" 5469 10124 NA NA 70.125 -12.25 154.344118012226
"5470" 5470 11821 NA NA 71.875 -32.75 141.269513049851
"5471" 5471 8802 NA NA 68.875 -30.25 163.58967743356
"5472" 5472 11374 NA NA 71.125 -37.25 146.890937643513
"5473" 5473 12961 NA NA 72.875 -46.75 133.734146966273
"5474" 5474 12994 NA NA 72.625 -49.25 135.622175662311
"5475" 5475 13721 NA NA 73.875 -22.75 126.155126791286
"5476" 5476 -5306 NA NA 54.625 -19.25 262.050777117402
"5477" 5477 7423 NA NA 67.125 -42.75 176.392893601249
"5478" 5478 -18284 NA NA NA NA 0
"5479" 5479 15344 NA NA 75.125 -34.25 116.62367256329
"5480" 5480 -16764 NA NA NA NA 0
"5481" 5481 14374 NA NA 74.125 -37.25 124.253835540529
"5482" 5482 9981 NA NA 69.875 -48.75 156.199656318656
"5483" 5483 9912 NA NA 69.875 -41.25 156.199656318658
"5484" 5484 -8762 NA NA NA NA 0
"5485" 5485 8462 NA NA 68.375 -46.25 167.26489678767
"5486" 5486 9 NA NA NA NA 0
"5487" 5487 12702 NA NA 72.875 -20.25 133.73414696627
"5488" 5488 -708 NA NA 59.375 -29.25 230.82327563407
"5489" 5489 11263 NA NA 71.125 -26.75 146.890937643513
"5490" 5490 -8851 NA NA NA NA 0
"5491" 5491 14441 NA NA 74.375 -44.75 122.350006145946
"5492" 5492 15084 NA NA 75.125 -8.25 116.623672563291
"5493" 5493 1841 NA NA 61.875 -34.75 213.703409656883
"5494" 5494 -839 NA NA 59.375 -16.75 230.823275634073
"5495" 5495 8474 NA NA 68.125 -47.25 169.097431370859
"5496" 5496 4404 NA NA 64.125 -40.25 197.927027049598
"5497" 5497 -53774 NA NA NA NA 0
"5498" 5498 -15922 NA NA NA NA 0
"5499" 5499 15882 NA NA 75.875 -38.25 110.875879349438
"5500" 5500 16581 NA NA 76.875 -8.75 103.180579424251
"5501" 5501 6431 NA NA 66.375 -43.75 181.827077035722
"5502" 5502 11703 NA NA 71.625 -20.75 143.14625044406
"5503" 5503 -53784 NA NA NA NA 0
"5504" 5504 10403 NA NA 70.125 -40.75 154.344118012224
"5505" 5505 -4809 NA NA 55.375 -19.75 257.239880932548
"5506" 5506 12743 NA NA 72.625 -24.75 135.62217566231
"5507" 5507 3710 NA NA 63.75 -21.5 200.579569431563
"5508" 5508 8472 NA NA 68.375 -47.25 167.26489678767
"5509" 5509 -5274 NA NA NA NA 0
"5510" 5510 8492 NA NA 68.375 -49.25 167.264896787672
"5511" 5511 4702 NA NA 64.875 -20.25 192.595089440807
"5512" 5512 13951 NA NA 73.875 -45.75 126.155126791286
"5513" 5513 -4308 NA NA 55.875 -19.25 254.006956631226
"5514" 5514 -4887 NA NA 55.125 -11.75 258.848674875703
"5515" 5515 4482 NA NA 64.375 -48.25 196.153664029036
"5516" 5516 -25374 NA NA NA NA 0
"5517" 5517 -5861 NA NA NA NA 0
"5518" 5518 -18393 NA NA NA NA 0
"5519" 5519 -43111 NA NA NA NA 0
"5520" 5520 6904 NA NA 66.625 -40.25 180.019317022026
"5521" 5521 -28004 NA NA NA NA 0
"5522" 5522 -22014 NA NA NA NA 0
"5523" 5523 5963 NA NA 65.625 -46.75 187.22812570382
"5524" 5524 -17083 NA NA NA NA 0
"5525" 5525 6841 NA NA 66.875 -34.75 178.207910704906
"5526" 5526 5473 NA NA 65.125 -47.75 190.809947028277
"5527" 5527 -19281 NA NA NA NA 0
"5528" 5528 3982 NA NA 63.875 -48.25 199.696394641606
"5529" 5529 3474 NA NA 63.125 -47.25 204.980182521967
"5530" 5530 -10301 NA NA NA NA 0
"5531" 5531 1884 NA NA 61.625 -38.25 215.43528940738
"5532" 5532 -45461 NA NA NA NA 0
"5533" 5533 1871 NA NA 61.875 -37.75 213.70340965688
"5534" 5534 -17593 NA NA NA NA 0
"5535" 5535 1362 NA NA 61.375 -36.25 217.162836137312
"5536" 5536 3384 NA NA 63.125 -38.25 204.98018252197
"5537" 5537 2884 NA NA 62.625 -38.25 208.482105083815
"5538" 5538 4453 NA NA 64.125 -45.75 197.927027049595
"5539" 5539 -18123 NA NA NA NA 0
"5540" 5540 -12043 NA NA NA NA 0
"5541" 5541 -4004 NA NA NA NA 0
"5542" 5542 -39851 NA NA NA NA 0
"5543" 5543 -11374 NA NA NA NA 0
"5544" 5544 -10212 NA NA NA NA 0
"5545" 5545 -14262 NA NA NA NA 0
"5546" 5546 4673 NA NA 64.625 -17.75 194.376339985879
"5547" 5547 -18444 NA NA NA NA 0
"5548" 5548 -17041 NA NA NA NA 0
"5549" 5549 -43841 NA NA NA NA 0
"5550" 5550 -15282 NA NA NA NA 0
"5551" 5551 -13341 NA NA NA NA 0
"5552" 5552 -7973 NA NA NA NA 0
"5553" 5553 -9362 NA NA NA NA 0
"5554" 5554 -67031 NA NA NA NA 0
"5555" 5555 2454 NA NA 62.125 -45.25 211.967230105176
"5556" 5556 -10753 NA NA NA NA 0
"5557" 5557 -17101 NA NA NA NA 0
"5558" 5558 -10124 NA NA NA NA 0
"5559" 5559 -16342 NA NA NA NA 0
"5560" 5560 -17462 NA NA NA NA 0
"5561" 5561 -7453 NA NA NA NA 0
"5562" 5562 -35852 NA NA NA NA 0
"5563" 5563 3942 NA NA 63.875 -44.25 199.696394641608
"5564" 5564 2881 NA NA 62.875 -38.75 206.733226659162
"5565" 5565 2984 NA NA 62.625 -48.25 208.482105083812
"5566" 5566 -8524 NA NA NA NA 0
"5567" 5567 -18214 NA NA NA NA 0
"5568" 5568 -5254 NA NA NA NA 0
"5569" 5569 -7212 NA NA NA NA 0
"5570" 5570 -43814 NA NA NA NA 0
"5571" 5571 -67522 NA NA NA NA 0
"5572" 5572 -44864 NA NA NA NA 0
"5573" 5573 -11282 NA NA NA NA 0
"5574" 5574 -19244 NA NA NA NA 0
"5575" 5575 -10751 NA NA NA NA 0
"5576" 5576 4683 NA NA 64.625 -18.75 194.376339985878
"5577" 5577 -11781 NA NA NA NA 0
"5578" 5578 -18374 NA NA NA NA 0
"5579" 5579 -67531 NA NA NA NA 0
"5580" 5580 -14284 NA NA NA NA 0
"5581" 5581 -5252 NA NA NA NA 0
"5582" 5582 5402 NA NA 65.375 -40.25 189.020947495984
"5583" 5583 11972 NA NA 71.875 -47.25 141.269513049851
"5584" 5584 6864 NA NA 66.625 -36.25 180.019317022026
"5585" 5585 -40843 NA NA NA NA 0
"5586" 5586 -43834 NA NA NA NA 0
"5587" 5587 -38362 NA NA NA NA 0
"5588" 5588 4922 NA NA 64.875 -42.25 192.595089440809
"5589" 5589 -12431 NA NA NA NA 0
"5590" 5590 -13932 NA NA NA NA 0
"5591" 5591 -27313 NA NA NA NA 0
"5592" 5592 -8511 NA NA NA NA 0
"5593" 5593 -34994 NA NA NA NA 0
"5594" 5594 -13104 NA NA NA NA 0
"5595" 5595 -16571 NA NA NA NA 0
"5596" 5596 11261 NA NA 71.375 -26.75 145.020071104333
"5597" 5597 -39304 NA NA NA NA 0
"5598" 5598 -5824 NA NA NA NA 0
"5599" 5599 2993 NA NA 62.625 -49.75 208.48210508381
"5600" 5600 -18484 NA NA NA NA 0
"5601" 5601 -18424 NA NA NA NA 0
"5602" 5602 -46643 NA NA NA NA 0
"5603" 5603 -24261 NA NA NA NA 0
"5604" 5604 -8512 NA NA NA NA 0
"5605" 5605 -67432 NA NA NA NA 0
"5606" 5606 -66983 NA NA NA NA 0
"5607" 5607 -13233 NA NA NA NA 0
"5608" 5608 -14102 NA NA NA NA 0
"5609" 5609 6453 NA NA 66.125 -45.75 183.631155336529
"5610" 5610 7833 NA NA 67.625 -33.75 172.752169633832
"5611" 5611 7944 NA NA 67.625 -44.25 172.752169633832
"5612" 5612 -16663 NA NA NA NA 0
"5613" 5613 -15112 NA NA NA NA 0
"5614" 5614 6454 NA NA 66.125 -45.25 183.631155336532
"5615" 5615 -25881 NA NA NA NA 0
"5616" 5616 -29194 NA NA NA NA 0
"5617" 5617 183004 NA NA 243.125 -0.25 0
"5618" 5618 -36852 NA NA NA NA 0
"5619" 5619 15004 NA NA 75.125 -0.25 116.623672563291
"5620" 5620 -20004 NA NA NA NA 0
"5621" 5621 -18834 NA NA NA NA 0
"5622" 5622 5452 NA NA 65.375 -45.25 189.020947495984
"5623" 5623 4182 NA NA 64.375 -18.25 196.153664029036
"5624" 5624 11284 NA NA 71.125 -28.25 146.890937643512
"5625" 5625 -6662 NA NA NA NA 0
"5626" 5626 -5292 NA NA NA NA 0
"5627" 5627 -67481 NA NA NA NA 0
"5628" 5628 944 NA NA 60.625 -44.25 222.319147851596
"5629" 5629 5903 NA NA 65.625 -40.75 187.228125703815
"5630" 5630 -23292 NA NA NA NA 0
"5631" 5631 7432 NA NA 67.375 -43.25 174.574301334491
"5632" 5632 6364 NA NA 66.125 -36.25 183.631155336532
"5633" 5633 543002 NA NA 603.375 -0.25 0
"5634" 5634 6951 NA NA 66.875 -45.75 178.207910704904
"5635" 5635 -3773 NA NA NA NA 0
"5636" 5636 904 NA NA 60.625 -40.25 222.319147851593
"5637" 5637 2361 NA NA 62.375 -36.75 210.226784093387
"5638" 5638 2394 NA NA 62.125 -39.25 211.967230105176
"5639" 5639 2894 NA NA 62.625 -39.25 208.482105083812
"5640" 5640 1364 NA NA 61.125 -36.25 218.88601674982
"5641" 5641 2891 NA NA 62.875 -39.75 206.733226659164
"5642" 5642 2343 NA NA 62.125 -34.75 211.967230105176
"5643" 5643 2392 NA NA 62.375 -39.25 210.226784093387
"5644" 5644 2494 NA NA 62.125 -49.25 211.967230105178
"5645" 5645 1392 NA NA 61.375 -39.25 217.162836137312
"5646" 5646 361 NA NA 60.375 -36.75 224.029032765376
"5647" 5647 67323 NA NA 127.125 -32.75 0
"5648" 5648 891 NA NA 60.875 -39.75 220.60479827124
"5649" 5649 4181 NA NA 64.375 -18.75 196.153664029035
"5650" 5650 10694 NA NA 70.625 -19.25 150.623659260223
"5651" 5651 10704 NA NA 70.625 -20.25 150.623659260222
"5652" 5652 6872 NA NA 66.875 -37.25 178.207910704906
"5653" 5653 10692 NA NA 70.875 -19.25 148.75881276427
"5654" 5654 10744 NA NA 70.625 -24.25 150.623659260223
"5655" 5655 -157 NA NA 59.625 -34.75 229.131574131565
"5656" 5656 -2149 NA NA 57.875 -35.75 240.875215817499
"5657" 5657 10153 NA NA 70.125 -15.75 154.344118012226
"5658" 5658 10641 NA NA 70.875 -14.75 148.758812764269
"5659" 5659 -2136 NA NA 57.625 -36.25 242.533865708857
"5660" 5660 -1647 NA NA 58.125 -35.75 239.211749663529
"5661" 5661 -1169 NA NA 58.875 -33.75 234.192767454367
"5662" 5662 -1177 NA NA 58.625 -32.75 235.870493968489
"5663" 5663 -1327 NA NA 58.625 -17.75 235.870493968489
"5664" 5664 -2106 NA NA 57.625 -39.25 242.533865708857
"5665" 5665 -2108 NA NA 57.875 -39.25 240.875215817499
"5666" 5666 -2847 NA NA 57.125 -15.75 245.836592090701
"5667" 5667 6382 NA NA 66.375 -38.25 181.827077035724
"5668" 5668 12931 NA NA 72.875 -43.75 133.734146966271
"5669" 5669 12383 NA NA 72.125 -38.75 139.389896397747
"5670" 5670 15341 NA NA 75.375 -34.75 114.710074439729
"5671" 5671 -4568 NA NA 55.375 -43.25 257.239880932548
"5672" 5672 11443 NA NA 71.125 -44.75 146.890937643512
"5673" 5673 -4048 NA NA 55.875 -45.25 254.006956631226
"5674" 5674 11422 NA NA 71.375 -42.25 145.020071104333
"5675" 5675 10463 NA NA 70.125 -46.75 154.344118012228
"5676" 5676 12444 NA NA 72.125 -44.25 139.389896397751
"5677" 5677 14874 NA NA 74.625 -37.25 120.443676915388
"5678" 5678 9953 NA NA 69.625 -45.75 158.052018102959
"5679" 5679 12953 NA NA 72.625 -45.75 135.622175662308
"5680" 5680 -4329 NA NA 55.875 -17.75 254.006956631226
"5681" 5681 8473 NA NA 68.125 -47.75 169.097431370857
"5682" 5682 10852 NA NA 70.875 -35.25 148.75881276427
"5683" 5683 10914 NA NA 70.625 -41.25 150.623659260225
"5684" 5684 15091 NA NA 75.375 -9.75 114.710074439729
"5685" 5685 12984 NA NA 72.625 -48.25 135.62217566231
"5686" 5686 5674 NA NA 65.625 -17.25 187.228125703817
"5687" 5687 11243 NA NA 71.125 -24.75 146.890937643513
"5688" 5688 11151 NA NA 71.375 -15.75 145.020071104333
"5689" 5689 4664 NA NA 64.625 -16.25 194.376339985879
"5690" 5690 10301 NA NA 70.375 -30.75 152.485440016773
"5691" 5691 16042 NA NA 76.375 -4.25 107.032610716282
"5692" 5692 15551 NA NA 75.875 -5.75 110.875879349436
"5693" 5693 5482 NA NA 65.375 -48.25 189.020947495984
"5694" 5694 15552 NA NA 75.875 -5.25 110.875879349436
"5695" 5695 19 NA NA NA NA 0
"5696" 5696 -11557 NA NA 48.125 -44.75 301.697938807884
"5697" 5697 12713 NA NA 72.625 -21.75 135.62217566231
"5698" 5698 13762 NA NA 73.875 -26.25 126.155126791286
"5699" 5699 10623 NA NA 70.625 -12.75 150.623659260223
"5700" 5700 11254 NA NA 71.125 -25.25 146.890937643512
"5701" 5701 6494 NA NA 66.125 -49.25 183.631155336534
"5702" 5702 9333 NA NA 69.125 -33.75 161.747065252312
"5703" 5703 10752 NA NA 70.875 -25.25 148.758812764269
"5704" 5704 10751 NA NA 70.875 -25.75 148.758812764271
"5705" 5705 -441 NA NA NA NA 0
"5706" 5706 6991 NA NA 66.875 -49.75 178.207910704904
"5707" 5707 6473 NA NA 66.125 -47.75 183.631155336529
"5708" 5708 -8343 NA NA NA NA 0
"5709" 5709 -442 NA NA NA NA 0
"5710" 5710 -53994 NA NA NA NA 0
"5711" 5711 4493 NA NA 64.125 -49.75 197.927027049595
"5712" 5712 -2656 NA NA 57.125 -34.25 245.836592090698
"5713" 5713 -126 NA NA 59.625 -37.25 229.131574131565
"5714" 5714 -2129 NA NA 57.875 -37.75 240.875215817496
"5715" 5715 10172 NA NA 70.375 -17.25 152.485440016772
"5716" 5716 10142 NA NA 70.375 -14.25 152.485440016773
"5717" 5717 -837 NA NA 59.125 -16.75 232.510350730414
"5718" 5718 -2317 NA NA 57.625 -18.75 242.533865708856
"5719" 5719 -2119 NA NA 57.875 -38.75 240.875215817496
"5720" 5720 13941 NA NA 73.875 -44.75 126.155126791286
"5721" 5721 13873 NA NA 73.625 -37.75 128.053841668792
"5722" 5722 16412 NA NA 76.375 -41.25 107.032610716284
"5723" 5723 16404 NA NA 76.125 -40.25 108.955359821554
"5724" 5724 15331 NA NA 75.375 -33.75 114.710074439731
"5725" 5725 11421 NA NA 71.375 -42.75 145.020071104331
"5726" 5726 -5049 NA NA 54.875 -45.75 260.452316840495
"5727" 5727 11914 NA NA 71.625 -41.25 143.146250444061
"5728" 5728 -4569 NA NA 55.375 -43.75 257.239880932548
"5729" 5729 -2828 NA NA 57.375 -17.25 244.187668151352
"5730" 5730 -848 NA NA 59.375 -15.25 230.823275634073
"5731" 5731 11453 NA NA 71.125 -45.75 146.890937643512
"5732" 5732 9463 NA NA 69.125 -46.75 161.747065252312
"5733" 5733 10952 NA NA 70.875 -45.25 148.75881276427
"5734" 5734 -3556 NA NA 56.125 -44.25 252.38288637287
"5735" 5735 -2836 NA NA 57.125 -16.25 245.836592090701
"5736" 5736 7483 NA NA 67.125 -48.75 176.392893601251
"5737" 5737 9863 NA NA 69.625 -36.75 158.052018102961
"5738" 5738 11992 NA NA 71.875 -49.25 141.269513049852
"5739" 5739 13771 NA NA 73.875 -27.75 126.155126791287
"5740" 5740 -4837 NA NA 55.125 -16.75 258.848674875703
"5741" 5741 15652 NA NA 75.875 -15.25 110.875879349437
"5742" 5742 12712 NA NA 72.875 -21.25 133.73414696627
"5743" 5743 -53756 NA NA 6.125 -24.25 446.124157762716
"5744" 5744 -13374 NA NA NA NA 0
"5745" 5745 4651 NA NA 64.875 -15.75 192.595089440809
"5746" 5746 -657 NA NA 59.125 -34.75 232.510350730414
"5747" 5747 322 NA NA 60.375 -32.25 224.029032765376
"5748" 5748 -1149 NA NA 58.875 -35.75 234.192767454364
"5749" 5749 -3118 NA NA 56.875 -38.25 247.480606604927
"5750" 5750 6891 NA NA 66.875 -39.75 178.207910704906
"5751" 5751 12482 NA NA 72.375 -48.25 137.507438051659
"5752" 5752 8961 NA NA 68.875 -46.75 163.589677433562
"5753" 5753 -1108 NA NA 58.875 -39.25 234.192767454364
"5754" 5754 11471 NA NA 71.375 -47.75 145.020071104331
"5755" 5755 9942 NA NA 69.875 -44.25 156.199656318658
"5756" 5756 11423 NA NA 71.125 -42.75 146.890937643512
"5757" 5757 14411 NA NA 74.375 -41.75 122.350006145947
"5758" 5758 12952 NA NA 72.875 -45.25 133.734146966271
"5759" 5759 4904 NA NA 64.625 -40.25 194.376339985879
"5760" 5760 -4309 NA NA 55.875 -19.75 254.006956631226
"5761" 5761 13281 NA NA 73.375 -28.75 129.949942023105
"5762" 5762 11994 NA NA 71.625 -49.25 143.146250444061
"5763" 5763 13751 NA NA 73.875 -25.75 126.155126791288
"5764" 5764 5481 NA NA 65.375 -48.75 189.020947495984
"5765" 5765 -46 NA NA 59.625 -45.25 229.131574131565
"5766" 5766 18631 NA NA 78.875 -13.75 87.6910828843137
"5767" 5767 10302 NA NA 70.375 -30.25 152.485440016773
"5768" 5768 7994 NA NA 67.625 -49.25 172.752169633832
"5769" 5769 -1649 NA NA 58.375 -35.75 237.543498564409
"5770" 5770 2332 NA NA 62.375 -33.25 210.226784093384
"5771" 5771 374 NA NA 60.125 -37.25 225.73442041213
"5772" 5772 -3109 NA NA 56.875 -39.75 247.480606604924
"5773" 5773 15321 NA NA 75.375 -32.75 114.710074439729
"5774" 5774 15901 NA NA 75.875 -40.75 110.875879349435
"5775" 5775 -5036 NA NA 54.625 -46.25 262.050777117402
"5776" 5776 -2337 NA NA 57.625 -16.75 242.533865708857
"5777" 5777 -6339 NA NA 53.875 -16.75 266.814772781556
"5778" 5778 12342 NA NA 72.375 -34.25 137.507438051657
"5779" 5779 15082 NA NA 75.375 -8.25 114.710074439729
"5780" 5780 -4843 NA NA NA NA 0
"5781" 5781 -53271 NA NA NA NA 0
"5782" 5782 8484 NA NA 68.125 -48.25 169.097431370859
"5783" 5783 5974 NA NA 65.625 -47.25 187.228125703818
"5784" 5784 4711 NA NA 64.875 -21.75 192.595089440809
"5785" 5785 -146 NA NA 59.625 -35.25 229.131574131565
"5786" 5786 2843 NA NA 62.625 -34.75 208.482105083812
"5787" 5787 -1316 NA NA 58.625 -18.25 235.870493968489
"5788" 5788 12913 NA NA 72.625 -41.75 135.62217566231
"5789" 5789 11414 NA NA 71.125 -41.25 146.890937643515
"5790" 5790 -5819 NA NA 54.375 -18.75 263.644026133786
"5791" 5791 -296 NA NA 59.625 -20.25 229.131574131563
"5792" 5792 4202 NA NA 64.375 -20.25 196.153664029035
"5793" 5793 -5353 NA NA NA NA 0
"5794" 5794 -53484 NA NA NA NA 0
"5795" 5795 -53833 NA NA NA NA 0
"5796" 5796 5961 NA NA 65.875 -46.75 185.431516623273
"5797" 5797 4982 NA NA 64.875 -48.25 192.595089440809
"5798" 5798 -2648 NA NA 57.375 -35.25 244.187668151353
"5799" 5799 2863 NA NA 62.625 -36.75 208.482105083812
"5800" 5800 -2628 NA NA 57.375 -37.25 244.187668151353
"5801" 5801 3650 NA NA 63.75 -15.5 200.579569431564
"5802" 5802 -3036 NA NA 56.625 -46.25 249.119680904906
"5803" 5803 -406 NA NA 59.625 -9.25 229.131574131564
"5804" 5804 13312 NA NA 73.375 -31.25 129.949942023104
"5805" 5805 11492 NA NA 71.375 -49.25 145.020071104335
"5806" 5806 3993 NA NA 63.625 -49.75 201.461732514472
"5807" 5807 -18782 NA NA NA NA 0
"5808" 5808 -4338 NA NA 55.875 -16.25 254.006956631226
"5809" 5809 -4849 NA NA 55.375 -15.75 257.239880932548
"5810" 5810 -619 NA NA 59.375 -38.75 230.82327563407
"5811" 5811 -4046 NA NA 55.625 -45.25 255.625964857016
"5812" 5812 -5058 NA NA 54.875 -44.25 260.452316840502
"5813" 5813 -3079 NA NA 56.875 -42.75 247.48060660492
"5814" 5814 10934 NA NA 70.625 -43.25 150.623659260223
"5815" 5815 14383 NA NA 74.125 -38.75 124.253835540527
"5816" 5816 11864 NA NA 71.625 -36.25 143.146250444059
"5817" 5817 11644 NA NA 71.625 -14.25 143.146250444059
"5818" 5818 4172 NA NA 64.375 -17.25 196.153664029035
"5819" 5819 -53383 NA NA NA NA 0
"5820" 5820 15421 NA NA 75.375 -42.75 114.710074439728
"5821" 5821 15391 NA NA 75.375 -39.75 114.710074439729
"5822" 5822 10474 NA NA 70.125 -47.25 154.344118012226
"5823" 5823 7983 NA NA 67.625 -48.75 172.75216963383
"5824" 5824 11742 NA NA 71.875 -24.25 141.269513049851
"5825" 5825 11231 NA NA 71.375 -23.75 145.020071104332
"5826" 5826 -53823 NA NA NA NA 0
"5827" 5827 11232 NA NA 71.375 -23.25 145.020071104334
"5828" 5828 -686 NA NA 59.125 -31.25 232.510350730414
"5829" 5829 -3576 NA NA 56.125 -42.25 252.382886372866
"5830" 5830 8491 NA NA 68.375 -49.75 167.264896787667
"5831" 5831 15394 NA NA 75.125 -39.25 116.623672563291
"5832" 5832 8984 NA NA 68.625 -48.25 165.428966727031
"5833" 5833 -3537 NA NA 56.125 -46.75 252.38288637287
"5834" 5834 -858 NA NA 59.375 -14.25 230.823275634073
"5835" 5835 11321 NA NA 71.375 -32.75 145.020071104333
"5836" 5836 15641 NA NA 75.875 -14.75 110.875879349436
"5837" 5837 10621 NA NA 70.875 -12.75 148.75881276427
"5838" 5838 -6832 NA NA NA NA 0
"5839" 5839 -53344 NA NA NA NA 0
"5840" 5840 6941 NA NA 66.875 -44.75 178.207910704904
"5841" 5841 16204 NA NA 76.125 -20.25 108.955359821554
"5842" 5842 -2159 NA NA 57.875 -34.75 240.875215817499
"5843" 5843 -298 NA NA 59.875 -20.25 227.435278317016
"5844" 5844 -3086 NA NA 56.625 -41.25 249.11968090491
"5845" 5845 13432 NA NA 73.375 -43.25 129.949942023104
"5846" 5846 6972 NA NA 66.875 -47.25 178.207910704906
"5847" 5847 -6404 NA NA NA NA 0
"5848" 5848 15923 NA NA 75.625 -42.75 112.794130473935
"5849" 5849 12354 NA NA 72.125 -35.25 139.389896397749
"5850" 5850 13644 NA NA 73.625 -14.25 128.053841668793
"5851" 5851 12313 NA NA 72.125 -31.75 139.389896397749
"5852" 5852 -6343 NA NA NA NA 0
"5853" 5853 12882 NA NA 72.875 -38.25 133.734146966273
"5854" 5854 -3559 NA NA 56.375 -44.75 250.753784334869
"5855" 5855 9464 NA NA 69.125 -46.25 161.74706525231
"5856" 5856 8432 NA NA 68.375 -43.25 167.26489678767
"5857" 5857 7932 NA NA 67.875 -43.25 170.926534333284
"5858" 5858 15113 NA NA 75.125 -11.75 116.623672563291
"5859" 5859 6394 NA NA 66.125 -39.25 183.631155336532
"5860" 5860 -53283 NA NA NA NA 0
"5861" 5861 -53294 NA NA NA NA 0
"5862" 5862 -197 NA NA 59.625 -30.75 229.131574131565
"5863" 5863 -2646 NA NA 57.125 -35.25 245.836592090701
"5864" 5864 -627 NA NA 59.125 -37.75 232.510350730411
"5865" 5865 -3586 NA NA 56.125 -41.25 252.38288637287
"5866" 5866 10312 NA NA 70.375 -31.25 152.485440016773
"5867" 5867 23722 NA NA 83.875 -22.25 48.5085308803906
"5868" 5868 -5858 NA NA 54.375 -14.25 263.644026133787
"5869" 5869 -14664 NA NA NA NA 0
"5870" 5870 2852 NA NA 62.875 -35.25 206.733226659164
"5871" 5871 11920 NA NA 71.75 -42.5 142.208243998516
"5872" 5872 -6326 NA NA 53.625 -17.25 268.392211955808
"5873" 5873 -3786 NA NA 56.125 -21.25 252.382886372865
"5874" 5874 8482 NA NA 68.375 -48.25 167.26489678767
"5875" 5875 12232 NA NA 72.375 -23.25 137.50743805166
"5876" 5876 12734 NA NA 72.625 -23.25 135.622175662311
"5877" 5877 -53767 NA NA 6.125 -23.75 446.124157762713
"5878" 5878 -53763 NA NA NA NA 0
"5879" 5879 6953 NA NA 66.625 -45.75 180.019317022024
"5880" 5880 7893 NA NA 67.625 -39.75 172.75216963383
"5881" 5881 14364 NA NA 74.125 -36.25 124.253835540529
"5882" 5882 453 NA NA 60.125 -45.75 225.734420412127
"5883" 5883 4952 NA NA 64.875 -45.25 192.595089440809
"5884" 5884 -34261 NA NA NA NA 0
"5885" 5885 -5763 NA NA NA NA 0
"5886" 5886 -4831 NA NA NA NA 0
"5887" 5887 12471 NA NA 72.375 -47.75 137.507438051657
"5888" 5888 11483 NA NA 71.125 -48.75 146.890937643513
"5889" 5889 11872 NA NA 71.875 -37.25 141.269513049851
"5890" 5890 15054 NA NA 75.125 -5.25 116.623672563291
"5891" 5891 -53322 NA NA NA NA 0
"5892" 5892 -4137 NA NA 55.625 -36.75 255.625964857016
"5893" 5893 10834 NA NA 70.625 -33.25 150.623659260221
"5894" 5894 822 NA NA 60.875 -32.25 220.60479827124
"5895" 5895 1922 NA NA 61.875 -42.25 213.703409656883
"5896" 5896 -4819 NA NA 55.375 -18.75 257.239880932547
"5897" 5897 9891 NA NA 69.875 -39.75 156.199656318656
"5898" 5898 -11548 NA NA 48.375 -45.25 300.244174570013
"5899" 5899 3190 NA NA 63.25 -19.5 204.102108875779
"5900" 5900 -2829 NA NA 57.375 -17.75 244.187668151353
"5901" 5901 12662 NA NA 72.875 -16.25 133.734146966271
"5902" 5902 14932 NA NA 74.875 -43.25 118.534886234034
"5903" 5903 10904 NA NA 70.625 -40.25 150.623659260223
"5904" 5904 -5828 NA NA 54.375 -17.25 263.644026133786
"5905" 5905 5661 NA NA 65.875 -16.75 185.43151662327
"5906" 5906 -5869 NA NA 54.375 -13.75 263.644026133787
"5907" 5907 -13283 NA NA NA NA 0
"5908" 5908 16664 NA NA 76.625 -16.25 105.107670929189
"5909" 5909 1341 NA NA 61.375 -34.75 217.162836137312
"5910" 5910 13974 NA NA 73.625 -47.25 128.053841668793
"5911" 5911 9481 NA NA 69.375 -48.75 159.901166627739
"5912" 5912 14343 NA NA 74.125 -34.75 124.253835540529
"5913" 5913 14922 NA NA 74.875 -42.25 118.534886234034
"5914" 5914 3952 NA NA 63.875 -45.25 199.696394641606
"5915" 5915 9353 NA NA 69.125 -35.75 161.74706525231
"5916" 5916 9862 NA NA 69.875 -36.25 156.199656318656
"5917" 5917 16544 NA NA 76.625 -4.25 105.107670929188
"5918" 5918 11801 NA NA 71.875 -30.75 141.269513049851
"5919" 5919 -4301 NA NA NA NA 0
"5920" 5920 -4891 NA NA NA NA 0
"5921" 5921 15544 NA NA 75.625 -4.25 112.794130473936
"5922" 5922 12262 NA NA 72.375 -26.25 137.507438051658
"5923" 5923 12221 NA NA 72.375 -22.75 137.507438051658
"5924" 5924 -53392 NA NA NA NA 0
"5925" 5925 10691 NA NA 70.875 -19.75 148.75881276427
"5926" 5926 -17764 NA NA NA NA 0
"5927" 5927 -3129 NA NA 56.875 -37.75 247.48060660492
"5928" 5928 12271 NA NA 72.375 -27.75 137.507438051659
"5929" 5929 15431 NA NA 75.375 -43.75 114.710074439729
"5930" 5930 3941 NA NA 63.875 -44.75 199.696394641603
"5931" 5931 5194 NA NA 65.125 -19.25 190.809947028279
"5932" 5932 -3818 NA NA 56.375 -18.25 250.753784334873
"5933" 5933 14593 NA NA 74.625 -9.75 120.443676915388
"5934" 5934 13362 NA NA 73.375 -36.25 129.949942023104
"5935" 5935 9383 NA NA 69.125 -38.75 161.747065252308
"5936" 5936 10372 NA NA 70.375 -37.25 152.485440016773
"5937" 5937 4672 NA NA 64.875 -17.25 192.595089440808
"5938" 5938 15564 NA NA 75.625 -6.25 112.794130473937
"5939" 5939 16611 NA NA 76.875 -11.75 103.180579424251
"5940" 5940 -16776 NA NA 43.125 -22.25 329.494341706076
"5941" 5941 -2876 NA NA 57.125 -12.25 245.836592090701
"5942" 5942 1354 NA NA 61.125 -35.25 218.88601674982
"5943" 5943 10883 NA NA 70.625 -38.75 150.623659260221
"5944" 5944 -59994 NA NA NA NA 0
"5945" 5945 28984 NA NA 88.625 -48.25 10.9109866247256
"5946" 5946 -2783 NA NA NA NA 0
"5947" 5947 -35124 NA NA NA NA 0
"5948" 5948 -61521 NA NA NA NA 0
"5949" 5949 60004 NA NA 120.125 -0.25 0
"5950" 5950 -8111 NA NA NA NA 0
"5951" 5951 3471 NA NA 63.375 -47.75 203.223006493775
"5952" 5952 -7502 NA NA NA NA 0
"5953" 5953 4473 NA NA 64.125 -47.75 197.927027049595
"5954" 5954 -16074 NA NA NA NA 0
"5955" 5955 4481 NA NA 64.375 -48.75 196.153664029036
"5956" 5956 2972 NA NA 62.875 -47.25 206.733226659164
"5957" 5957 -18312 NA NA NA NA 0
"5958" 5958 -3362 NA NA NA NA 0
"5959" 5959 2942 NA NA 62.875 -44.25 206.733226659167
"5960" 5960 3454 NA NA 63.125 -45.25 204.980182521967
"5961" 5961 1882 NA NA 61.875 -38.25 213.703409656886
"5962" 5962 -10794 NA NA NA NA 0
"5963" 5963 -39842 NA NA NA NA 0
"5964" 5964 -35273 NA NA NA NA 0
"5965" 5965 -17702 NA NA NA NA 0
"5966" 5966 -10401 NA NA NA NA 0
"5967" 5967 2873 NA NA 62.625 -37.75 208.48210508381
"5968" 5968 2374 NA NA 62.125 -37.25 211.967230105176
"5969" 5969 -36293 NA NA NA NA 0
"5970" 5970 -34244 NA NA NA NA 0
"5971" 5971 -43821 NA NA NA NA 0
"5972" 5972 -18074 NA NA NA NA 0
"5973" 5973 -40344 NA NA NA NA 0
"5974" 5974 -17014 NA NA NA NA 0
"5975" 5975 -16332 NA NA NA NA 0
"5976" 5976 3974 NA NA 63.625 -47.25 201.461732514475
"5977" 5977 -16554 NA NA NA NA 0
"5978" 5978 -2371 NA NA NA NA 0
"5979" 5979 -11053 NA NA NA NA 0
"5980" 5980 -16762 NA NA NA NA 0
"5981" 5981 4444 NA NA 64.125 -44.25 197.9270270496
"5982" 5982 4963 NA NA 64.625 -46.75 194.37633998588
"5983" 5983 2982 NA NA 62.875 -48.25 206.733226659164
"5984" 5984 4951 NA NA 64.875 -45.75 192.595089440806
"5985" 5985 -13243 NA NA NA NA 0
"5986" 5986 2961 NA NA 62.875 -46.75 206.733226659167
"5987" 5987 -35943 NA NA NA NA 0
"5988" 5988 -18234 NA NA NA NA 0
"5989" 5989 -10163 NA NA NA NA 0
"5990" 5990 -9922 NA NA NA NA 0
"5991" 5991 2861 NA NA 62.875 -36.75 206.733226659164
"5992" 5992 -6492 NA NA NA NA 0
"5993" 5993 -17374 NA NA NA NA 0
"5994" 5994 -10122 NA NA NA NA 0
"5995" 5995 -67013 NA NA NA NA 0
"5996" 5996 -17942 NA NA NA NA 0
"5997" 5997 -35344 NA NA NA NA 0
"5998" 5998 -18152 NA NA NA NA 0
"5999" 5999 -17883 NA NA NA NA 0
"6000" 6000 1351 NA NA 61.375 -35.75 217.162836137312
"6001" 6001 -27324 NA NA NA NA 0
"6002" 6002 -15771 NA NA NA NA 0
"6003" 6003 -17081 NA NA NA NA 0
"6004" 6004 -18661 NA NA NA NA 0
"6005" 6005 3434 NA NA 63.125 -43.25 204.980182521967
"6006" 6006 2451 NA NA 62.375 -45.75 210.226784093384
"6007" 6007 -9462 NA NA NA NA 0
"6008" 6008 -15601 NA NA NA NA 0
"6009" 6009 -14553 NA NA NA NA 0
"6010" 6010 4442 NA NA 64.375 -44.25 196.153664029038
"6011" 6011 -39344 NA NA NA NA 0
"6012" 6012 -14572 NA NA NA NA 0
"6013" 6013 -18522 NA NA NA NA 0
"6014" 6014 6853 NA NA 66.625 -35.75 180.019317022026
"6015" 6015 -17472 NA NA NA NA 0
"6016" 6016 7413 NA NA 67.125 -41.75 176.392893601251
"6017" 6017 -48613 NA NA NA NA 0
"6018" 6018 9982 NA NA 69.875 -48.25 156.199656318656
"6019" 6019 -38851 NA NA NA NA 0
"6020" 6020 -11044 NA NA NA NA 0
"6021" 6021 -36864 NA NA NA NA 0
"6022" 6022 -7142 NA NA NA NA 0
"6023" 6023 -18601 NA NA NA NA 0
"6024" 6024 -8274 NA NA NA NA 0
"6025" 6025 -4322 NA NA NA NA 0
"6026" 6026 -18131 NA NA NA NA 0
"6027" 6027 -41341 NA NA NA NA 0
"6028" 6028 11714 NA NA 71.625 -21.25 143.146250444058
"6029" 6029 -17131 NA NA NA NA 0
"6030" 6030 -12263 NA NA NA NA 0
"6031" 6031 -46352 NA NA NA NA 0
"6032" 6032 -17342 NA NA NA NA 0
"6033" 6033 5424 NA NA 65.125 -42.25 190.809947028279
"6034" 6034 -17102 NA NA NA NA 0
"6035" 6035 -67491 NA NA NA NA 0
"6036" 6036 -13193 NA NA NA NA 0
"6037" 6037 -13562 NA NA NA NA 0
"6038" 6038 -5971 NA NA NA NA 0
"6039" 6039 25714 NA NA 85.625 -21.25 34.6839182351301
"6040" 6040 -13604 NA NA NA NA 0
"6041" 6041 -16064 NA NA NA NA 0
"6042" 6042 7934 NA NA 67.625 -43.25 172.75216963383
"6043" 6043 -5263 NA NA NA NA 0
"6044" 6044 -14191 NA NA NA NA 0
"6045" 6045 -39674 NA NA NA NA 0
"6046" 6046 6427244 NA NA 6487.125 -24.25 445.244622862934
"6047" 6047 7924 NA NA 67.625 -42.25 172.75216963383
"6048" 6048 -11522 NA NA NA NA 0
"6049" 6049 -3752 NA NA NA NA 0
"6050" 6050 7454 NA NA 67.125 -45.25 176.392893601251
"6051" 6051 7444 NA NA 67.125 -44.25 176.392893601253
"6052" 6052 -49093 NA NA NA NA 0
"6053" 6053 -49904 NA NA NA NA 0
"6054" 6054 8804 NA NA 68.625 -30.25 165.428966727031
"6055" 6055 4892 NA NA 64.875 -39.25 192.595089440809
"6056" 6056 -34774 NA NA NA NA 0
"6057" 6057 -45854 NA NA NA NA 0
"6058" 6058 -31744 NA NA NA NA 0
"6059" 6059 536331 NA NA 596.375 -33.75 0
"6060" 6060 17664 NA NA 77.625 -16.25 97.3867852441692
"6061" 6061 -16594 NA NA NA NA 0
"6062" 6062 -3864 NA NA NA NA 0
"6063" 6063 7676004 NA NA 7736.125 -0.25 0
"6064" 6064 -66991 NA NA NA NA 0
"6065" 6065 12761 NA NA 72.875 -26.75 133.734146966271
"6066" 6066 -37364 NA NA NA NA 0
"6067" 6067 51053 NA NA 111.125 -5.75 0
"6068" 6068 -3784 NA NA NA NA 0
"6069" 6069 -9262 NA NA NA NA 0
"6070" 6070 2862 NA NA 62.875 -36.25 206.733226659164
"6071" 6071 11131 NA NA 71.375 -13.75 145.020071104333
"6072" 6072 2381 NA NA 62.375 -38.75 210.226784093384
"6073" 6073 1822 NA NA 61.875 -32.25 213.703409656883
"6074" 6074 1391 NA NA 61.375 -39.75 217.162836137312
"6075" 6075 1363 NA NA 61.125 -36.75 218.88601674982
"6076" 6076 2383 NA NA 62.125 -38.75 211.967230105173
"6077" 6077 392 NA NA 60.375 -39.25 224.029032765376
"6078" 6078 11113 NA NA 71.125 -11.75 146.890937643513
"6079" 6079 13031 NA NA 73.375 -3.75 129.949942023104
"6080" 6080 1381 NA NA 61.375 -38.75 217.162836137309
"6081" 6081 4193 NA NA 64.125 -19.75 197.927027049598
"6082" 6082 8341 NA NA 68.375 -34.75 167.26489678767
"6083" 6083 10192 NA NA 70.375 -19.25 152.485440016773
"6084" 6084 372 NA NA 60.375 -37.25 224.029032765376
"6085" 6085 3422 NA NA 63.375 -42.25 203.223006493778
"6086" 6086 10203 NA NA 70.125 -20.75 154.344118012227
"6087" 6087 6363 NA NA 66.125 -36.75 183.631155336532
"6088" 6088 8311 NA NA 68.375 -31.75 167.26489678767
"6089" 6089 1461 NA NA 61.375 -46.75 217.162836137315
"6090" 6090 4643 NA NA 64.625 -14.75 194.376339985878
"6091" 6091 833 NA NA 60.625 -33.75 222.319147851596
"6092" 6092 843 NA NA 60.625 -34.75 222.319147851593
"6093" 6093 -648 NA NA 59.375 -35.25 230.823275634073
"6094" 6094 -2647 NA NA 57.125 -35.75 245.836592090701
"6095" 6095 -2638 NA NA 57.375 -36.25 244.187668151353
"6096" 6096 10152 NA NA 70.375 -15.25 152.485440016773
"6097" 6097 11174 NA NA 71.125 -17.25 146.890937643512
"6098" 6098 10141 NA NA 70.375 -14.75 152.485440016772
"6099" 6099 10663 NA NA 70.625 -16.75 150.623659260223
"6100" 6100 11143 NA NA 71.125 -14.75 146.890937643512
"6101" 6101 10662 NA NA 70.875 -16.25 148.75881276427
"6102" 6102 -1636 NA NA 58.125 -36.25 239.211749663529
"6103" 6103 1333 NA NA 61.125 -33.75 218.886016749823
"6104" 6104 -1156 NA NA 58.625 -34.25 235.870493968486
"6105" 6105 -2657 NA NA 57.125 -34.75 245.836592090701
"6106" 6106 2352 NA NA 62.375 -35.25 210.226784093387
"6107" 6107 -3849 NA NA 56.375 -15.75 250.753784334873
"6108" 6108 9823 NA NA 69.625 -32.75 158.052018102961
"6109" 6109 -1599 NA NA 58.375 -40.75 237.543498564406
"6110" 6110 -1588 NA NA 58.375 -41.25 237.543498564412
"6111" 6111 12983 NA NA 72.625 -48.75 135.62217566231
"6112" 6112 9454 NA NA 69.125 -45.25 161.74706525231
"6113" 6113 4212 NA NA 64.375 -21.25 196.153664029035
"6114" 6114 11412 NA NA 71.375 -41.25 145.020071104335
"6115" 6115 12432 NA NA 72.375 -43.25 137.507438051659
"6116" 6116 -2098 NA NA 57.875 -40.25 240.875215817499
"6117" 6117 7884 NA NA 67.625 -38.25 172.752169633832
"6118" 6118 11491 NA NA 71.375 -49.75 145.020071104331
"6119" 6119 1824 NA NA 61.625 -32.25 215.435289407377
"6120" 6120 11951 NA NA 71.875 -45.75 141.269513049849
"6121" 6121 -2587 NA NA 57.125 -41.75 245.836592090701
"6122" 6122 -5068 NA NA 54.875 -43.25 260.452316840499
"6123" 6123 12403 NA NA 72.125 -40.75 139.389896397747
"6124" 6124 13394 NA NA 73.125 -39.25 131.843389784837
"6125" 6125 12454 NA NA 72.125 -45.25 139.389896397749
"6126" 6126 -1347 NA NA 58.625 -15.75 235.870493968489
"6127" 6127 -2359 NA NA 57.875 -14.75 240.875215817498
"6128" 6128 11904 NA NA 71.625 -40.25 143.146250444059
"6129" 6129 13351 NA NA 73.375 -35.75 129.949942023104
"6130" 6130 9482 NA NA 69.375 -48.25 159.901166627739
"6131" 6131 12414 NA NA 72.125 -41.25 139.389896397751
"6132" 6132 -4526 NA NA 55.125 -47.25 258.848674875703
"6133" 6133 -2328 NA NA 57.875 -17.25 240.875215817498
"6134" 6134 8974 NA NA 68.625 -47.25 165.428966727031
"6135" 6135 10862 NA NA 70.875 -36.25 148.75881276427
"6136" 6136 9401 NA NA 69.375 -40.75 159.901166627737
"6137" 6137 -3326 NA NA 56.625 -17.25 249.119680904905
"6138" 6138 11843 NA NA 71.625 -34.75 143.146250444059
"6139" 6139 7371 NA NA 67.375 -37.75 174.574301334489
"6140" 6140 14603 NA NA 74.625 -10.75 120.443676915387
"6141" 6141 15081 NA NA 75.375 -8.75 114.710074439729
"6142" 6142 11133 NA NA 71.125 -13.75 146.890937643513
"6143" 6143 7881 NA NA 67.875 -38.75 170.926534333282
"6144" 6144 474 NA NA 60.125 -47.25 225.73442041213
"6145" 6145 -68 NA NA 59.875 -43.25 227.435278317017
"6146" 6146 -4826 NA NA 55.125 -17.25 258.848674875701
"6147" 6147 10651 NA NA 70.875 -15.75 148.75881276427
"6148" 6148 18622 NA NA 78.875 -12.25 87.6910828843137
"6149" 6149 15541 NA NA 75.875 -4.75 110.875879349436
"6150" 6150 16 NA NA NA NA 0
"6151" 6151 11673 NA NA 71.625 -17.75 143.146250444059
"6152" 6152 12303 NA NA 72.125 -30.75 139.389896397749
"6153" 6153 11732 NA NA 71.875 -23.25 141.269513049852
"6154" 6154 -53276 NA NA 6.625 -22.25 445.70092932926
"6155" 6155 18593 NA NA 78.625 -9.75 89.6339775994094
"6156" 6156 7493 NA NA 67.125 -49.75 176.392893601249
"6157" 6157 5493 NA NA 65.125 -49.75 190.809947028277
"6158" 6158 11734 NA NA 71.625 -23.25 143.14625044406
"6159" 6159 8493 NA NA 68.125 -49.75 169.097431370857
"6160" 6160 6492 NA NA 66.375 -49.25 181.827077035724
"6161" 6161 4924 NA NA 64.625 -42.25 194.376339985879
"6162" 6162 -9342 NA NA NA NA 0
"6163" 6163 6483 NA NA 66.125 -48.75 183.631155336532
"6164" 6164 -8842 NA NA NA NA 0
"6165" 6165 5981 NA NA 65.875 -48.75 185.43151662327
"6166" 6166 -7842 NA NA NA NA 0
"6167" 6167 6971 NA NA 66.875 -47.75 178.207910704904
"6168" 6168 -23274 NA NA NA NA 0
"6169" 6169 332 NA NA 60.375 -33.25 224.029032765373
"6170" 6170 -2148 NA NA 57.875 -35.25 240.875215817499
"6171" 6171 -2137 NA NA 57.625 -36.75 242.533865708857
"6172" 6172 334 NA NA 60.125 -33.25 225.734420412127
"6173" 6173 -2088 NA NA 57.875 -41.25 240.875215817502
"6174" 6174 7991 NA NA 67.875 -49.75 170.926534333282
"6175" 6175 -2348 NA NA 57.875 -15.25 240.875215817499
"6176" 6176 -3097 NA NA 56.625 -40.75 249.119680904903
"6177" 6177 7473 NA NA 67.125 -47.75 176.392893601249
"6178" 6178 15843 NA NA 75.625 -34.75 112.794130473936
"6179" 6179 12443 NA NA 72.125 -44.75 139.389896397747
"6180" 6180 9343 NA NA 69.125 -34.75 161.74706525231
"6181" 6181 1842 NA NA 61.875 -34.25 213.70340965688
"6182" 6182 -4556 NA NA 55.125 -44.25 258.848674875706
"6183" 6183 11893 NA NA 71.625 -39.75 143.146250444059
"6184" 6184 -3329 NA NA 56.875 -17.75 247.480606604924
"6185" 6185 12453 NA NA 72.125 -45.75 139.389896397747
"6186" 6186 9411 NA NA 69.375 -41.75 159.901166627739
"6187" 6187 6981 NA NA 66.875 -48.75 178.207910704906
"6188" 6188 13311 NA NA 73.375 -31.75 129.949942023104
"6189" 6189 15102 NA NA 75.375 -10.25 114.710074439729
"6190" 6190 8864 NA NA 68.625 -36.25 165.428966727031
"6191" 6191 12493 NA NA 72.125 -49.75 139.389896397747
"6192" 6192 10631 NA NA 70.875 -13.75 148.75881276427
"6193" 6193 15543 NA NA 75.625 -4.75 112.794130473936
"6194" 6194 10104 NA NA 70.125 -10.25 154.344118012226
"6195" 6195 11752 NA NA 71.875 -25.25 141.26951304985
"6196" 6196 10123 NA NA 70.125 -12.75 154.344118012226
"6197" 6197 -52824 NA NA NA NA 0
"6198" 6198 821 NA NA 60.875 -32.75 220.60479827124
"6199" 6199 2331 NA NA 62.375 -33.75 210.226784093389
"6200" 6200 -3138 NA NA 56.875 -36.25 247.480606604924
"6201" 6201 -678 NA NA 59.375 -32.25 230.823275634073
"6202" 6202 -1096 NA NA 58.625 -40.25 235.870493968489
"6203" 6203 -616 NA NA 59.125 -38.25 232.510350730417
"6204" 6204 1821 NA NA 61.875 -32.75 213.703409656883
"6205" 6205 -838 NA NA 59.375 -16.25 230.823275634073
"6206" 6206 -2838 NA NA 57.375 -16.25 244.187668151353
"6207" 6207 11922 NA NA 71.875 -42.25 141.269513049851
"6208" 6208 -129 NA NA 59.875 -37.75 227.435278317014
"6209" 6209 14384 NA NA 74.125 -38.25 124.253835540531
"6210" 6210 -1848 NA NA 58.375 -15.25 237.543498564409
"6211" 6211 -4089 NA NA 55.875 -41.75 254.006956631226
"6212" 6212 14442 NA NA 74.375 -44.25 122.350006145949
"6213" 6213 12391 NA NA 72.375 -39.75 137.507438051659
"6214" 6214 14883 NA NA 74.625 -38.75 120.443676915386
"6215" 6215 10433 NA NA 70.125 -43.75 154.344118012226
"6216" 6216 -3546 NA NA 56.125 -45.25 252.382886372866
"6217" 6217 9961 NA NA 69.875 -46.75 156.199656318658
"6218" 6218 14133 NA NA 74.125 -13.75 124.253835540529
"6219" 6219 10332 NA NA 70.375 -33.25 152.485440016771
"6220" 6220 -56 NA NA 59.625 -44.25 229.131574131568
"6221" 6221 10763 NA NA 70.625 -26.75 150.623659260223
"6222" 6222 7394 NA NA 67.125 -39.25 176.392893601251
"6223" 6223 -12556 NA NA 47.125 -44.25 307.453429403271
"6224" 6224 13223 NA NA 73.125 -22.75 131.843389784836
"6225" 6225 3994 NA NA 63.625 -49.25 201.461732514478
"6226" 6226 10103 NA NA 70.125 -10.75 154.344118012226
"6227" 6227 -8342 NA NA NA NA 0
"6228" 6228 -26794 NA NA NA NA 0
"6229" 6229 -166 NA NA 59.625 -33.25 229.131574131562
"6230" 6230 2333 NA NA 62.125 -33.75 211.967230105178
"6231" 6231 1342 NA NA 61.375 -34.25 217.162836137309
"6232" 6232 -1616 NA NA 58.125 -38.25 239.211749663532
"6233" 6233 -2096 NA NA 57.625 -40.25 242.533865708857
"6234" 6234 -846 NA NA 59.125 -15.25 232.510350730414
"6235" 6235 13922 NA NA 73.875 -42.25 126.155126791287
"6236" 6236 15912 NA NA 75.875 -41.25 110.875879349438
"6237" 6237 12393 NA NA 72.125 -39.75 139.389896397749
"6238" 6238 13404 NA NA 73.125 -40.25 131.843389784837
"6239" 6239 10953 NA NA 70.625 -45.75 150.623659260221
"6240" 6240 10432 NA NA 70.375 -43.25 152.485440016773
"6241" 6241 -2817 NA NA 57.125 -18.75 245.836592090699
"6242" 6242 10381 NA NA 70.375 -38.75 152.485440016771
"6243" 6243 9404 NA NA 69.125 -40.25 161.74706525231
"6244" 6244 10943 NA NA 70.625 -44.75 150.623659260221
"6245" 6245 11351 NA NA 71.375 -35.75 145.020071104333
"6246" 6246 11371 NA NA 71.375 -37.75 145.020071104331
"6247" 6247 7963 NA NA 67.625 -46.75 172.752169633832
"6248" 6248 13324 NA NA 73.125 -32.25 131.843389784837
"6249" 6249 473 NA NA 60.125 -47.75 225.734420412127
"6250" 6250 3412 NA NA 63.375 -41.25 203.22300649378
"6251" 6251 3992 NA NA 63.875 -49.25 199.696394641608
"6252" 6252 -7843 NA NA NA NA 0
"6253" 6253 4712 NA NA 64.875 -21.25 192.595089440808
"6254" 6254 841 NA NA 60.875 -34.75 220.60479827124
"6255" 6255 -3359 NA NA 56.875 -14.75 247.480606604922
"6256" 6256 -2849 NA NA 57.375 -15.75 244.187668151353
"6257" 6257 5421 NA NA 65.375 -42.75 189.020947495982
"6258" 6258 15432 NA NA 75.375 -43.25 114.710074439729
"6259" 6259 13374 NA NA 73.125 -37.25 131.843389784837
"6260" 6260 12402 NA NA 72.375 -40.25 137.507438051659
"6261" 6261 10932 NA NA 70.875 -43.25 148.75881276427
"6262" 6262 -2347 NA NA 57.625 -15.75 242.533865708857
"6263" 6263 10931 NA NA 70.875 -43.75 148.75881276427
"6264" 6264 11401 NA NA 71.375 -40.75 145.020071104331
"6265" 6265 3684 NA NA 63.625 -18.25 201.461732514475
"6266" 6266 -1419 NA NA 58.875 -8.75 234.192767454363
"6267" 6267 12241 NA NA 72.375 -24.75 137.507438051659
"6268" 6268 11741 NA NA 71.875 -24.75 141.269513049851
"6269" 6269 -3588 NA NA 56.375 -41.25 250.753784334876
"6270" 6270 -2607 NA NA 57.125 -39.75 245.836592090701
"6271" 6271 12963 NA NA 72.625 -46.75 135.622175662311
"6272" 6272 13473 NA NA 73.125 -47.75 131.843389784835
"6273" 6273 -5078 NA NA 54.875 -42.25 260.452316840499
"6274" 6274 12914 NA NA 72.625 -41.25 135.622175662311
"6275" 6275 15404 NA NA 75.125 -40.25 116.623672563291
"6276" 6276 10454 NA NA 70.125 -45.25 154.344118012226
"6277" 6277 11473 NA NA 71.125 -47.75 146.890937643512
"6278" 6278 9413 NA NA 69.125 -41.75 161.74706525231
"6279" 6279 -4818 NA NA 55.375 -18.25 257.239880932548
"6280" 6280 3682 NA NA 63.875 -18.25 199.696394641606
"6281" 6281 15531 NA NA 75.875 -3.75 110.875879349436
"6282" 6282 12252 NA NA 72.375 -25.25 137.507438051658
"6283" 6283 24154 NA NA 84.125 -15.25 46.5362541751474
"6284" 6284 -5783 NA NA NA NA 0
"6285" 6285 3934 NA NA 63.625 -43.25 201.461732514475
"6286" 6286 11142 NA NA 71.375 -14.25 145.020071104333
"6287" 6287 14351 NA NA 74.375 -35.75 122.350006145947
"6288" 6288 13391 NA NA 73.375 -39.75 129.949942023104
"6289" 6289 14433 NA NA 74.125 -43.75 124.253835540529
"6290" 6290 11472 NA NA 71.375 -47.25 145.020071104333
"6291" 6291 10793 NA NA 70.625 -29.75 150.623659260223
"6292" 6292 15642 NA NA 75.875 -14.25 110.875879349437
"6293" 6293 16034 NA NA 76.125 -3.25 108.955359821554
"6294" 6294 3372 NA NA 63.375 -37.25 203.223006493778
"6295" 6295 9321 NA NA 69.375 -32.75 159.901166627739
"6296" 6296 -677 NA NA 59.125 -32.75 232.510350730414
"6297" 6297 -1839 NA NA 58.375 -16.75 237.543498564409
"6298" 6298 13004 NA NA 73.125 -0.25 131.843389784837
"6299" 6299 -3077 NA NA 56.625 -42.75 249.119680904903
"6300" 6300 10951 NA NA 70.875 -45.75 148.758812764268
"6301" 6301 10342 NA NA 70.375 -34.25 152.485440016771
"6302" 6302 10373 NA NA 70.125 -37.75 154.344118012224
"6303" 6303 11141 NA NA 71.375 -14.75 145.020071104332
"6304" 6304 -53776 NA NA 6.125 -22.25 446.124157762716
"6305" 6305 4693 NA NA 64.625 -19.75 194.376339985879
"6306" 6306 -168 NA NA 59.875 -33.25 227.435278317014
"6307" 6307 10992 NA NA 70.875 -49.25 148.758812764272
"6308" 6308 12224 NA NA 72.125 -22.25 139.389896397749
"6309" 6309 4682 NA NA 64.875 -18.25 192.595089440809
"6310" 6310 -35844 NA NA NA NA 0
"6311" 6311 842 NA NA 60.875 -34.25 220.604798271237
"6312" 6312 12361 NA NA 72.375 -36.75 137.507438051659
"6313" 6313 15422 NA NA 75.375 -42.25 114.710074439729
"6314" 6314 4674 NA NA 64.625 -17.25 194.376339985878
"6315" 6315 10711 NA NA 70.875 -21.75 148.75881276427
"6316" 6316 11213 NA NA 71.125 -21.75 146.890937643513
"6317" 6317 12233 NA NA 72.125 -23.75 139.389896397748
"6318" 6318 -24781 NA NA NA NA 0
"6319" 6319 5902 NA NA 65.875 -40.25 185.43151662327
"6320" 6320 2353 NA NA 62.125 -35.75 211.967230105176
"6321" 6321 14924 NA NA 74.625 -42.25 120.443676915388
"6322" 6322 15412 NA NA 75.375 -41.25 114.710074439731
"6323" 6323 -1808 NA NA 58.375 -19.25 237.543498564409
"6324" 6324 9841 NA NA 69.875 -34.75 156.199656318656
"6325" 6325 -14657 NA NA 45.125 -34.75 318.673233637752
"6326" 6326 12272 NA NA 72.375 -27.25 137.507438051659
"6327" 6327 13343 NA NA 73.125 -34.75 131.843389784837
"6328" 6328 -4316 NA NA 55.625 -18.25 255.625964857016
"6329" 6329 7952 NA NA 67.875 -45.25 170.926534333284
"6330" 6330 -58754 NA NA NA NA 0
"6331" 6331 7982 NA NA 67.875 -48.25 170.926534333284
"6332" 6332 -5316 NA NA 54.625 -18.25 262.050777117402
"6333" 6333 -4058 NA NA 55.875 -44.25 254.00695663123
"6334" 6334 -1357 NA NA 58.625 -14.75 235.870493968488
"6335" 6335 11124 NA NA 71.125 -12.25 146.890937643513
"6336" 6336 2321 NA NA 62.375 -32.75 210.226784093387
"6337" 6337 12901 NA NA 72.875 -40.75 133.73414696627
"6338" 6338 12843 NA NA 72.625 -34.75 135.62217566231
"6339" 6339 -4102 NA NA NA NA 0
"6340" 6340 7971 NA NA 67.875 -47.75 170.926534333282
"6341" 6341 14342 NA NA 74.375 -34.25 122.350006145946
"6342" 6342 14352 NA NA 74.375 -35.25 122.350006145947
"6343" 6343 4402 NA NA 64.375 -40.25 196.153664029036
"6344" 6344 10813 NA NA 70.625 -31.75 150.623659260223
"6345" 6345 17112 NA NA 77.375 -11.25 99.3200974518882
"6346" 6346 14071 NA NA 74.375 -7.75 122.350006145947
"6347" 6347 -1819 NA NA 58.375 -18.75 237.543498564407
"6348" 6348 6844 NA NA 66.625 -34.25 180.019317022024
"6349" 6349 -59784 NA NA NA NA 0
"6350" 6350 10994 NA NA 70.625 -49.25 150.623659260225
"6351" 6351 -417 NA NA 59.625 -8.75 229.131574131564
"6352" 6352 9883 NA NA 69.625 -38.75 158.052018102959
"6353" 6353 8893 NA NA 68.625 -39.75 165.428966727031
"6354" 6354 11763 NA NA 71.625 -26.75 143.146250444059
"6355" 6355 9483 NA NA 69.125 -48.75 161.74706525231
"6356" 6356 -639 NA NA 59.375 -36.75 230.823275634073
"6357" 6357 -5549 NA NA 54.375 -45.75 263.644026133784
"6358" 6358 4652 NA NA 64.875 -15.25 192.595089440809
"6359" 6359 15351 NA NA 75.375 -35.75 114.710074439729
"6360" 6360 9972 NA NA 69.875 -47.25 156.199656318656
"6361" 6361 -3817 NA NA 56.125 -18.75 252.382886372865
"6362" 6362 16592 NA NA 76.875 -9.25 103.180579424251
"6363" 6363 -5317 NA NA 54.625 -18.75 262.0507771174
"6364" 6364 10941 NA NA 70.875 -44.75 148.758812764268
"6365" 6365 -297 NA NA 59.625 -20.75 229.131574131566
"6366" 6366 13504 NA NA 73.625 -0.25 128.053841668793
"6367" 6367 7443 NA NA 67.125 -44.75 176.392893601249
"6368" 6368 11222 NA NA 71.375 -22.25 145.020071104333
"6369" 6369 10791 NA NA 70.875 -29.75 148.75881276427
"6370" 6370 16061 NA NA 76.375 -6.75 107.032610716282
"6371" 6371 4183 NA NA 64.125 -18.75 197.927027049597
"6372" 6372 -13862 NA NA NA NA 0
"6373" 6373 -726 NA NA 59.125 -27.25 232.510350730414
"6374" 6374 11383 NA NA 71.125 -38.75 146.890937643512
"6375" 6375 -53734 NA NA NA NA 0
"6376" 6376 9344 NA NA 69.125 -34.25 161.747065252308
"6377" 6377 5181 NA NA 65.375 -18.75 189.020947495983
"6378" 6378 -106 NA NA 59.625 -39.25 229.131574131565
"6379" 6379 13904 NA NA 73.625 -40.25 128.053841668793
"6380" 6380 10681 NA NA 70.875 -18.75 148.758812764269
"6381" 6381 15881 NA NA 75.875 -38.75 110.875879349435
"6382" 6382 18633 NA NA 78.625 -13.75 89.6339775994094
"6383" 6383 12623 NA NA 72.625 -12.75 135.62217566231
"6384" 6384 11294 NA NA 71.125 -29.25 146.890937643512
"6385" 6385 11814 NA NA 71.625 -31.25 143.146250444059
"6386" 6386 12222 NA NA 72.375 -22.25 137.507438051659
"6387" 6387 30244 NA NA 90.125 -24.25 0
"6388" 6388 12321 NA NA 72.375 -32.75 137.507438051659
"6389" 6389 7424 NA NA 67.125 -42.25 176.392893601251
"6390" 6390 -4972 NA NA NA NA 0
"6391" 6391 -12049 NA NA 47.875 -45.75 303.145772090429
"6392" 6392 -6272 NA NA NA NA 0
"6393" 6393 -4823 NA NA NA NA 0
"6394" 6394 -5243 NA NA NA NA 0
"6395" 6395 14221 NA NA 74.375 -22.75 122.350006145947
"6396" 6396 4434 NA NA 64.125 -43.25 197.927027049598
"6397" 6397 -15874 NA NA NA NA 0
"6398" 6398 -5179 NA NA 54.875 -32.75 260.452316840499
"6399" 6399 6873 NA NA 66.625 -37.75 180.019317022024
"6400" 6400 16923 NA NA 76.625 -42.75 105.107670929187
"6401" 6401 8443 NA NA 68.125 -44.75 169.097431370857
"6402" 6402 -3371 NA NA NA NA 0
"6403" 6403 -209 NA NA 59.875 -29.75 227.435278317017
"6404" 6404 5874 NA NA 65.625 -37.25 187.228125703818
"6405" 6405 -3254 NA NA NA NA 0
"6406" 6406 -4954 NA NA NA NA 0
"6407" 6407 -15504 NA NA NA NA 0
"6408" 6408 4471 NA NA 64.375 -47.75 196.153664029034
"6409" 6409 -49114 NA NA NA NA 0
"6410" 6410 6854 NA NA 66.625 -35.25 180.019317022026
"6411" 6411 -18422 NA NA NA NA 0
"6412" 6412 4484 NA NA 64.125 -48.25 197.927027049598
"6413" 6413 -17993 NA NA NA NA 0
"6414" 6414 3973 NA NA 63.625 -47.75 201.461732514472
"6415" 6415 3971 NA NA 63.875 -47.75 199.696394641603
"6416" 6416 -17172 NA NA NA NA 0
"6417" 6417 4971 NA NA 64.875 -47.75 192.595089440806
"6418" 6418 972 NA NA 60.875 -47.25 220.60479827124
"6419" 6419 -42344 NA NA NA NA 0
"6420" 6420 3373 NA NA 63.125 -37.75 204.980182521964
"6421" 6421 -40653 NA NA NA NA 0
"6422" 6422 -8491 NA NA NA NA 0
"6423" 6423 -16104 NA NA NA NA 0
"6424" 6424 -17122 NA NA NA NA 0
"6425" 6425 -34851 NA NA NA NA 0
"6426" 6426 -67021 NA NA NA NA 0
"6427" 6427 4483 NA NA 64.125 -48.75 197.927027049598
"6428" 6428 -11762 NA NA NA NA 0
"6429" 6429 -9184 NA NA NA NA 0
"6430" 6430 5172 NA NA 65.375 -17.25 189.020947495983
"6431" 6431 -39853 NA NA NA NA 0
"6432" 6432 -17234 NA NA NA NA 0
"6433" 6433 -10152 NA NA NA NA 0
"6434" 6434 -16592 NA NA NA NA 0
"6435" 6435 209702 NA NA 269.875 -20.25 0
"6436" 6436 2472 NA NA 62.375 -47.25 210.226784093387
"6437" 6437 2871 NA NA 62.875 -37.75 206.733226659162
"6438" 6438 138321 NA NA 198.375 -32.75 0
"6439" 6439 -11264 NA NA NA NA 0
"6440" 6440 -8501 NA NA NA NA 0
"6441" 6441 -9772 NA NA NA NA 0
"6442" 6442 2951 NA NA 62.875 -45.75 206.733226659162
"6443" 6443 -16204 NA NA NA NA 0
"6444" 6444 -17934 NA NA NA NA 0
"6445" 6445 -18233 NA NA NA NA 0
"6446" 6446 2462 NA NA 62.375 -46.25 210.226784093387
"6447" 6447 -11814 NA NA NA NA 0
"6448" 6448 -10792 NA NA NA NA 0
"6449" 6449 -17444 NA NA NA NA 0
"6450" 6450 -36004 NA NA NA NA 0
"6451" 6451 6903 NA NA 66.625 -40.75 180.019317022024
"6452" 6452 5443 NA NA 65.125 -44.75 190.809947028277
"6453" 6453 -16414 NA NA NA NA 0
"6454" 6454 -17091 NA NA NA NA 0
"6455" 6455 -6604 NA NA NA NA 0
"6456" 6456 -18023 NA NA NA NA 0
"6457" 6457 -35354 NA NA NA NA 0
"6458" 6458 -44844 NA NA NA NA 0
"6459" 6459 -13382 NA NA NA NA 0
"6460" 6460 3383 NA NA 63.125 -38.75 204.980182521964
"6461" 6461 -17552 NA NA NA NA 0
"6462" 6462 -8482 NA NA NA NA 0
"6463" 6463 -9954 NA NA NA NA 0
"6464" 6464 -43374 NA NA NA NA 0
"6465" 6465 -18273 NA NA NA NA 0
"6466" 6466 -14831 NA NA NA NA 0
"6467" 6467 -10413 NA NA NA NA 0
"6468" 6468 -8784 NA NA NA NA 0
"6469" 6469 -16083 NA NA NA NA 0
"6470" 6470 -37171 NA NA NA NA 0
"6471" 6471 2973 NA NA 62.625 -47.75 208.48210508381
"6472" 6472 1942 NA NA 61.875 -44.25 213.703409656886
"6473" 6473 -18062 NA NA NA NA 0
"6474" 6474 -17021 NA NA NA NA 0
"6475" 6475 -16422 NA NA NA NA 0
"6476" 6476 1981 NA NA 61.875 -48.75 213.703409656883
"6477" 6477 -10773 NA NA NA NA 0
"6478" 6478 -16341 NA NA NA NA 0
"6479" 6479 -19121 NA NA NA NA 0
"6480" 6480 2484 NA NA 62.125 -48.25 211.967230105176
"6481" 6481 -45342 NA NA NA NA 0
"6482" 6482 8351 NA NA 68.375 -35.75 167.26489678767
"6483" 6483 24254 NA NA 84.125 -25.25 46.5362541751472
"6484" 6484 -41344 NA NA NA NA 0
"6485" 6485 -36842 NA NA NA NA 0
"6486" 6486 -17802 NA NA NA NA 0
"6487" 6487 -18494 NA NA NA NA 0
"6488" 6488 -40652 NA NA NA NA 0
"6489" 6489 982 NA NA 60.875 -48.25 220.60479827124
"6490" 6490 -4031 NA NA NA NA 0
"6491" 6491 -2121 NA NA NA NA 0
"6492" 6492 -7222 NA NA NA NA 0
"6493" 6493 2963 NA NA 62.625 -46.75 208.482105083815
"6494" 6494 30213 NA NA 90.125 -21.75 0
"6495" 6495 -16073 NA NA NA NA 0
"6496" 6496 216214 NA NA 276.125 -21.25 48.5085303940704
"6497" 6497 -66982 NA NA NA NA 0
"6498" 6498 12231 NA NA 72.375 -23.75 137.507438051658
"6499" 6499 -27002 NA NA NA NA 0
"6500" 6500 -39844 NA NA NA NA 0
"6501" 6501 4962 NA NA 64.875 -46.25 192.595089440809
"6502" 6502 -7581 NA NA NA NA 0
"6503" 6503 -16514 NA NA NA NA 0
"6504" 6504 -16533 NA NA NA NA 0
"6505" 6505 7923 NA NA 67.625 -42.75 172.752169633828
"6506" 6506 7422 NA NA 67.375 -42.25 174.574301334491
"6507" 6507 -15302 NA NA NA NA 0
"6508" 6508 -7244 NA NA NA NA 0
"6509" 6509 -17084 NA NA NA NA 0
"6510" 6510 -37973 NA NA NA NA 0
"6511" 6511 -11214 NA NA NA NA 0
"6512" 6512 -13333 NA NA NA NA 0
"6513" 6513 -13204 NA NA NA NA 0
"6514" 6514 2954 NA NA 62.625 -45.25 208.482105083812
"6515" 6515 -15172 NA NA NA NA 0
"6516" 6516 -9353 NA NA NA NA 0
"6517" 6517 -5844 NA NA NA NA 0
"6518" 6518 -11702 NA NA NA NA 0
"6519" 6519 2924 NA NA 62.625 -42.25 208.482105083812
"6520" 6520 10781 NA NA 70.875 -28.75 148.758812764271
"6521" 6521 6874 NA NA 66.625 -37.25 180.019317022026
"6522" 6522 -2614 NA NA NA NA 0
"6523" 6523 785231 NA NA 845.375 -23.75 0
"6524" 6524 6535384 NA NA 6595.125 -38.25 0
"6525" 6525 -22512 NA NA NA NA 0
"6526" 6526 1454 NA NA 61.125 -45.25 218.88601674982
"6527" 6527 1384 NA NA 61.125 -38.25 218.886016749823
"6528" 6528 2893 NA NA 62.625 -39.75 208.482105083812
"6529" 6529 2363 NA NA 62.125 -36.75 211.967230105176
"6530" 6530 2391 NA NA 62.375 -39.75 210.226784093387
"6531" 6531 1403 NA NA 61.125 -40.75 218.886016749817
"6532" 6532 1374 NA NA 61.125 -37.25 218.88601674982
"6533" 6533 853 NA NA 60.625 -35.75 222.319147851593
"6534" 6534 9304 NA NA 69.125 -30.25 161.74706525231
"6535" 6535 1494 NA NA 61.125 -49.25 218.886016749823
"6536" 6536 1474 NA NA 61.125 -47.25 218.88601674982
"6537" 6537 10194 NA NA 70.125 -19.25 154.344118012226
"6538" 6538 1894 NA NA 61.625 -39.25 215.435289407377
"6539" 6539 863 NA NA 60.625 -36.75 222.319147851593
"6540" 6540 912 NA NA 60.875 -41.25 220.604798271242
"6541" 6541 871 NA NA 60.875 -37.75 220.604798271237
"6542" 6542 10201 NA NA 70.375 -20.75 152.485440016774
"6543" 6543 10213 NA NA 70.125 -21.75 154.344118012226
